Incerteza,LogS(mol/L),LogS_pred
3.047936377991561,-6.1267,-2.215077745961462
1.4778559385624643,-6.3306,-5.118130101951964
1.9038308578487997,-4.1999,-2.614189420169474
0.6489803948549699,-2.1676,-1.800307876226547
1.4561145339056956,-0.30421,-1.685465229288138
1.5662784652619846,0.48895,-1.053778369865102
2.9231372535245486,-8.7449,-5.707988261576265
1.0933317300008327,1.3237,0.4877069914458166
1.285945216729972,-3.3236,-4.376872254378757
1.2565831077328675,0.69221,-0.254165269871801
0.6161841402128929,-2.5035,-2.342593944864407
0.19253072134074617,0.47824,0.3420756374823984
1.0395985344770062,-4.1415,-2.835467199886203
0.8786104031800649,-2.7105,-1.981806646663016
0.7364207822600158,-3.6218,-4.197262935951589
2.9177156060614653,-3.7261,-6.706024803229043
3.2523358242471043,-4.6845,-0.9267038941021368
0.9576943698581722,1.0868,0.2124067243108479
0.6132014371483768,-5.4435,-4.888852059827399
0.7589232591906996,-6.8406,-6.515397632041887
1.679138793944961,-2.3798,-3.829021244949185
0.7722304513840166,-1.1692,-2.017914739121759
0.5881675227028867,-3.7615,-3.33778204910567
0.7736525669291655,-3.63,-2.844389346556556
0.45780312362113834,-1.0007,-0.7578424587691643
2.39089086159154,-4.0081,-6.894889347905233
0.5968147026675076,-5.0238,-4.853915943102928
0.9251701705268878,-5.0,-4.163084410325345
0.9003924060602961,-4.4003,-5.095544533085448
3.6387535942086355,-3.5024,-7.071799952503272
1.3712143473465832,-3.5808,-4.237009952205558
1.4520240244675744,-4.1391,-5.37444181491783
0.2644925466714636,-0.8466,-0.8204503371784267
0.60974003790596,0.55128,-0.1076771905190305
0.17162404743907267,-3.0634,-2.975899573027973
0.5169543179604752,-2.7601,-3.374953063968747
0.27231712977424627,-4.5561,-4.447967191004741
0.5388340543425777,0.0090339,-0.6182998790830576
0.24689178761406416,0.73048,0.5270284117135262
1.7243998207843287,-1.2579,-3.070492967216692
0.2466595041713137,-3.5511,-3.76321456218841
0.08662721821365954,-5.6038,-5.680499077402835
0.33812184610893103,-4.0757,-4.332823852052783
0.3504244143773234,-4.0514,-3.678759052681245
0.23079105444529835,-4.8339,-4.998440776040072
0.5707284529410813,-1.5308,-2.019557010604783
0.47808218645745143,-1.91,-2.487857220177601
1.4429611277340626,-9.9819,-8.442571164562466
1.537081914366094,-6.8395,-8.649807256166296
0.44456610281916115,-4.654,-5.092625636110002
1.3712001032771333,-7.7563,-9.240363330690816
1.0907173799439145,-7.74,-6.556761658138408
3.178879539847383,-14.5491,-10.54196048584684
0.6468961387537138,-10.382,-9.691792580389285
0.1349811777611139,-3.5745,-3.467242552145159
1.6543046162277992,-2.82,-4.884701198388989
0.6828008983140282,-2.3,-3.202372032784181
0.1593323636208045,-0.8806,-0.8668177520175232
0.26404423652521586,-5.3823,-5.64289416124235
0.26759105408007744,-1.0845,-0.9723545558599552
0.2640385693056645,-2.7272,-2.499181696409081
0.16429108372740064,-4.57,-4.647148916961721
0.35571893928648507,-4.3,-4.672640595593935
0.4717729060329465,-3.7025,-3.838822372617483
0.46545949767492345,-5.7738,-5.201428303380695
0.32390897925214696,-4.78,-5.110965899892533
0.32572612277179963,-2.62,-2.995562487361302
0.5509948452267226,-0.7241,-1.323085378111575
0.17063418456226365,-3.4327,-3.365233017153584
0.18145745063030677,-1.4205,-1.329937660449175
0.26218918225979077,-0.080308,0.1835743847583498
0.1503855396411437,-1.7721,-1.646510076587309
0.7947611431442236,-4.9531,-4.173509559619278
0.6514151183393008,-1.2029,-2.015450750801931
0.46545949767492345,-5.6613,-5.201428303380695
1.4056967956139597,-2.8,-4.604555835399055
0.2308066998502456,-7.16,-6.93606075878742
0.38442177149886314,-2.3522,-2.160999647344652
0.2169604464729573,-1.2576,-1.054069215172384
0.8347631682201698,-4.07,-3.448817575957492
0.5125474768462783,-2.8835,-2.300081074213604
0.2558096808564194,-4.5746,-4.421605851031931
0.14978699077941776,-3.5954,-3.490020543648603
0.2922320894372045,-2.51,-2.258734109710744
0.7225047053239507,-5.18,-4.448773153507723
0.5442241179015411,-1.0265,-1.563728110042879
0.8310452869343327,-5.2966,-4.349733900423782
0.11424239718621798,-2.971,-3.044292078279979
0.219454634159666,-2.5279,-2.584062231429526
0.34609267711177893,-2.7092,-3.120675674428194
0.508770583217954,-0.41649,0.1979712529249294
0.276432004134914,-1.5404,-1.436646029192862
0.4997787127422992,-2.593,-3.099436390767942
0.19156367020838796,-1.9519,-1.884876618958631
0.5204185271702247,-2.6379,-3.02187204822855
3.088994953065191,0.093148,-4.041332659030257
0.6501855980728969,-4.94,-4.250660469389448
0.6139085783328196,-3.2659,-2.819892029247909
0.4835241494931219,-0.3462,-0.7621684399397799
0.4447066341718402,-0.6,-1.11830507841717
0.2451167610017298,-3.4861,-3.287883686203687
0.41661888633508076,-1.16,-1.288472421944957
0.6030750567174598,-3.96,-3.47611726025629
0.6560216452901945,-2.157,-1.457349599563507
0.18714578464120435,-3.0163,-3.126787019117597
0.30076806641968257,-4.655,-4.636487074532437
1.0033359146176095,-4.9595,-6.015153622241597
1.1299311245479282,-4.6698,-3.075799312703996
0.37613481769272206,-2.7782,-3.084017414923284
0.07136212567916086,-2.54,-2.499364701373258
0.30978691392788366,-2.1973,-2.483812232764712
0.6273671695651082,-1.4887,-2.209008549654496
0.7133291935032043,-2.1168,-1.321904096264179
0.42926682457375476,1.142,0.3200205472794319
0.702131107880179,-2.4207,-1.629532603177775
0.19137688435111808,-1.4565,-1.491711977963681
0.8053267129326922,1.065,-0.0340340148016181
2.192904746715888,-7.1763,-4.534788279788298
0.6095686051284145,-3.2621,-2.574370440618009
0.59950774713043,-2.2308,-2.299588272531314
0.331173895105225,0.67107,0.3800516419841033
0.3053412529438236,-1.5461,-1.359530538193658
0.96230253950918,-2.6697,-1.657566662178505
2.3161744524811936,-8.1,-4.775375813368017
0.26641024138111785,-4.35,-4.149716554257826
0.3897343545390867,-4.35,-3.971170214418132
0.32724451528047216,-3.82,-4.477900258107938
0.21209301972996308,-1.3872,-1.245200771512211
0.04873939063969692,-0.0063914,0.0334147542190338
0.268066099737721,-1.44,-1.449974180900317
0.02519936754011382,-0.62,-0.6256474936667658
1.3675663634246373,-4.29,-5.937409310297625
0.2923981884280529,-3.1295,-3.37303536597536
0.15759223889397522,-2.5252,-2.780730609724268
1.0679012226112763,-2.6228,-3.969779570192778
0.48827013600433417,-2.5159,-2.209970302139847
0.6732356372279052,-3.5303,-3.802876929742838
0.809594462625952,-5.963,-5.325007663871931
0.3150080057287521,-4.48,-4.200480992152415
0.10231779503673151,-4.27,-4.432945667837131
0.9701956904013282,-3.8765,-3.13929199251698
0.6678149803936009,-3.9553,-4.728826123032704
0.5943942391145604,0.18341,0.7055132112085507
0.35796225808597737,-2.5612,-2.88280419317902
2.2833939431676398,0.3148,-2.408704984491966
0.07695541275836218,-3.21,-3.165976097155552
0.5960777099322557,-7.35,-7.566836263827877
0.16404399361713684,-4.402,-4.269217837952747
0.5222330053567158,-3.8664,-3.427091371596758
0.45751117211905745,-3.3016,-3.69310970246414
0.5760816190038126,-3.7685,-4.218354942051024
0.16404399361713684,-4.16,-4.269217837952747
0.5344357979254595,-4.4691,-3.879508559883796
0.7807032060037652,-5.06,-5.791954849020813
0.29055275879401227,-2.9631,-3.003838869679071
0.9418239090720378,-6.2,-4.453747220901514
2.008939304294779,-1.272,-3.572922214641863
0.0780401526607664,-3.85,-3.75757537002124
0.16088471903433987,-3.85,-3.737718823647267
0.38735102484326484,-3.99,-4.335286620433383
0.12240696150754266,-3.43,-3.55090477544343
0.12240696150754266,-3.4342,-3.55090477544343
1.9828600694381386,-0.98741,-3.301665311783866
0.599542162291759,-6.65,-6.424053823941987
0.44081947641458663,-3.34,-3.756160662625718
0.40810732634704505,-4.15,-4.556436182967978
0.9944435835253874,0.56,-0.706874096214489
0.3560585421761228,-2.1432,-1.876731035777965
0.5333638832477046,-1.95,-2.239462142654419
0.5550191908352081,0.3,-0.2000468103874056
0.2676446249550727,-0.93,-0.826824197159037
0.4142355307243657,-3.21,-2.958359554337886
0.3732462281416709,-2.99,-3.369664352883615
0.5988750406096066,-3.5264,-4.14270195981126
1.53343837100848,-5.6696,-3.932311866307698
0.324233874402453,-4.068,-4.131468767950864
0.7864114900039813,-5.05,-3.960821318535455
0.7578045907831377,0.19003,-0.5198229782117769
1.2971081720013644,-4.3765,-2.858905923541093
0.7347745083648703,-0.6225,-1.372736235177205
0.20860092843880207,0.79263,0.8850601404675171
0.40218751872355646,0.55095,0.2002800672182749
0.3057204776143064,0.63429,0.90409733274801
2.033623954310702,-1.3972,-4.149821671600058
0.7662578270683811,-0.27844,-1.106877750322761
0.9670704734203619,-0.34368,-1.400931482252495
0.7014146795143718,-0.51096,-1.113467657104137
0.24969855928819848,0.6653,0.4980815410203523
0.6468046043325881,-0.6086,-1.131171844039614
0.09920844869409993,0.32221,0.2771317874026181
0.19257106309640476,0.57331,0.7211169514718485
0.09563129914016588,0.4947,0.5453210977743218
1.0182281035197855,0.35633,-0.819130992788043
0.3418985490202307,0.3663,0.3788909004979354
0.6285838095485147,0.40429,-0.3263984816998821
0.17500270379743457,0.34277,0.2882312953653645
0.12966051858783378,0.3786,0.4248334611829299
0.09828981762546767,0.34085,0.3202916516690236
0.41233511110814114,0.40539,-0.1150427655109111
0.2354574245714739,0.73033,0.5812464030578366
0.20373298683054197,0.29226,0.4734461296911658
0.9909588957916197,-2.9845,-1.692921574889247
0.2242061504532597,0.35248,0.1731856388709643
0.2971686909713409,0.33705,0.0361980115221414
0.47015327863353074,0.3078,-0.2580961150397071
1.3561149169565367,0.51114,-1.42517784212906
2.046609420527819,-2.5157,-5.225755720615819
0.7293722174184792,-4.0572,-4.001203450016613
1.1350881899607774,-3.3449,-2.035342135055578
0.35771032741016606,-1.1453,-1.465589542537705
0.44716468615191896,-1.5743,-1.294275050960087
2.1390037497774004,-4.3155,-1.383811836472829
0.37899881352459985,-2.46,-2.361167664421686
0.3282230080631014,-5.4623,-5.700610169088332
0.10574877775617887,-3.5712,-3.580928295816034
0.4375581493601134,-3.5196,-3.139264156359154
0.3059931046480729,-2.1587,-2.000318896363583
0.5611346179577855,-2.3506,-1.979013300023251
0.823797010509734,0.40855,-0.3774694929813461
0.5176760246096047,0.46676,0.0307834277074455
0.39969453983320774,-0.1364,-0.3964233084398575
0.18765788926244795,-5.2655,-5.370278196889208
0.15318464968741138,-2.2724,-2.386139349342259
0.619939740370822,-5.8462,-5.286661207864494
0.4195585210072275,-4.7125,-4.31328683524419
0.7346855494314003,-5.5106,-4.771731083843425
0.5888615090851521,-3.6143,-4.251301725628253
0.25781431221446804,-2.03,-1.957051996694632
0.17557878323428297,-1.9301,-2.068796518784191
2.6710643686463653,-3.9944,-0.4160551563634754
1.3556316115091667,-5.01,-3.404206792183722
0.9780367768860541,-3.6533,-2.390557710777784
0.5352281563411294,-1.807,-1.434957403180928
0.5433568132796879,-3.4253,-2.844449886589758
1.3119149406356303,-7.3387,-6.646876448622645
1.4841092956916249,-0.3698,-1.526940216850673
0.28276501473977494,-2.9698,-2.832145256358681
3.4944061358334837,-6.7171,-1.078936086708858
0.23132021930704785,-4.6923,-4.579428771697003
1.4800613824236637,-4.9711,-4.046628108934048
2.7357405067253704,-10.8448,-7.95502070562725
0.05376884542347232,-2.0608,-2.021360466715759
0.9658730050848883,-7.7564,-6.709526823947609
0.3844303549086533,-2.34,-2.736259994803405
0.9597425903038059,-6.2949,-4.497905925600455
0.5639759900328267,-4.4325,-3.890577789403796
0.6119880612130801,0.79197,0.057882970957502
0.2580816478512471,-2.039,-2.264941497495456
0.24023570338798886,-0.30844,-0.0740897516060226
0.3006248995642968,-3.7554,-3.429209019650946
1.8940158055578462,-8.4055,-6.227733255141036
0.15575499986202093,-2.4426,-2.509738811497382
0.20347878222578772,-0.067511,0.0456167779736841
0.6543617047969369,-1.42,-1.053679946954981
0.9597425903038059,-4.4457,-4.497905925600455
0.6388708403457666,-6.171,-5.527554006212206
0.7542213038891142,-2.1656,-1.312721879969957
0.2199838386223397,-3.1961,-2.914671018393244
0.13073122048728464,0.4298,0.4806144941817451
0.8340287299420285,-3.5168,-4.449641520346231
0.13947408797039082,-0.65377,-0.5580702426608217
0.46685141527686724,-3.37,-2.817748603162108
0.39687459342896325,-1.6475,-1.311639897411667
1.2925775525045444,-4.3,-4.173581081903238
1.0569479008117317,0.73472,-0.7147551416276999
0.32021100746360043,-4.402,-4.122135551787684
0.05005311427785537,-0.81768,-0.8517368102049303
0.44548668851708006,-3.07,-2.939543054654706
0.34786490252668734,-3.07,-3.332251714934546
0.6079817604958092,-4.6473,-3.994182724874272
1.0306986439275025,-3.0593,-4.254830448569161
0.06065155311444969,-4.93,-4.912082151866821
0.07341735720483283,-0.59,-0.6615180532008648
0.44548668851708006,-4.6238,-2.939543054654706
0.2546681257399321,-3.1151,-3.156421863927409
1.2212655901370342,-0.87976,-2.66001074882846
0.2546681257399321,-3.1151,-3.156421863927409
0.1296807033021044,-2.8121,-2.932327876480339
1.3137314604160792,0.57762,-0.9893914304685671
0.44075160924861473,-2.2435,-2.478129664692416
0.29331867527281763,-2.0961,-1.797663539874934
0.4112258135257132,-4.7343,-5.000998752091606
1.1065082415487755,-4.4128,-5.754267400238684
0.6582287257384384,-1.768,-2.433027387401471
0.619846918104421,-3.82,-3.2804234450512
0.13880933361736358,-1.8413,-1.91675054787529
0.18913341642482354,0.1844,0.1223576555898467
0.8918055633652067,-6.3104,-5.338819829671411
0.5394529217847672,0.85026,0.313246322775617
0.4806697295563102,-0.65366,-1.13959664393398
0.44190217790343106,-1.8756,-2.306415282986516
0.13878059857744313,-0.74,-0.6223496277434226
1.3575909654701954,-4.3809,-5.874350478439391
0.39268685376995444,-3.0495,-2.667978448250926
0.15256139511354244,0.22431,0.1997742905593819
1.1661456796464649,-5.3087,-4.175450511452029
0.35054506729668033,-2.6874,-2.874809598687667
1.2794636089738813,-3.9943,-5.213623598068828
0.17525649331486393,-0.71374,-0.6547381693737979
0.11503633580999105,-1.9913,-2.066622575387915
1.0779757662205518,-5.9646,-4.396367738649229
0.2544292810339387,-4.0302,-4.210108481281193
1.0016552932002347,-5.4564,-6.399367613893179
1.0589333681162167,0.88981,-0.2052765241333767
0.07341735720483283,-0.5993,-0.6615180532008648
0.7735400586728092,-6.0799,-5.780789056319043
0.23675545777253976,0.9311,0.7624674159834166
0.8538472814754752,-3.0966,-2.073949787443141
0.29481916527511265,-1.87,-1.607126761708069
0.8323950580984375,-1.7997,-1.145136957019064
0.555128509628393,-3.5653,-3.048972329495889
0.24919300594316582,-3.0799,-3.351700133684789
2.0175849336574116,-2.9613,-5.223768775459308
1.0095743366659855,-4.5882,-4.89612096054322
1.1461628405713342,-5.0313,-3.4709018518633
0.5491456590858392,-2.7469,-2.1108605249186
0.12222799697027414,-3.24,-3.123450024902814
0.11911385174058595,-1.92,-1.930570299040554
0.3025702573021309,-0.74986,-0.5846939879013819
0.5183008841880536,-3.8504,-3.362454691020658
0.29097676755653046,-3.46,-3.733378591585526
0.6250156178312225,-3.09,-2.364276395513762
0.2787214010688153,-3.2909,-3.509289422753835
0.44016159558579737,-2.4068,-1.973220762250522
0.23643397666968544,-2.14,-2.408061039700102
0.3376185518771643,-3.2134,-2.839893406808073
0.6226872796140547,-6.8857,-7.156526060110712
0.7022839236433582,-3.445,-2.639979277533414
0.14815002905772823,-1.8566,-1.906513100258331
0.18539357577225524,-2.92,-2.815389255010189
0.2820127341231281,-4.9526,-5.022746493999644
0.6712747002473375,-3.445,-2.742356561435671
0.45167875453587564,-2.6437,-2.1493604816807
0.09371576066377894,-3.23,-3.287850051879303
0.09974755273972473,-3.3396,-3.259172344702038
0.2210804822850137,-5.4505,-5.297711609128489
0.20792561680018914,-3.4764,-3.559473078819835
0.4543583353126898,-1.7395,-1.303030108940945
2.187609955358756,-8.9,-6.291516941899869
0.5411906875032467,-1.5962,-1.065265723653406
0.3725686644606008,-0.87563,-0.9615318605173312
0.35268121283446796,-0.73759,-0.9381314511702208
0.804394970015711,-4.0818,-3.327462288018056
0.2381778507427534,-3.4847,-3.337898593515906
0.5688239835817858,-3.39,-2.413300449504296
1.0144463143904903,-5.09,-3.891038311726572
0.3009509701041533,-3.5282,-3.211635581921618
0.7232352806055653,-1.0397,-1.858507620423418
0.19573421662315912,-2.9106,-2.887997381899492
0.4374412638616934,0.071574,-0.4685406237518419
0.48595057501888717,-3.1756,-3.640929622626431
0.26613109767500664,-3.5976,-3.335995850151918
0.2700901518737377,-2.5364,-2.302718099673533
0.1425952334275749,-0.5534,-0.5556049736875713
0.5038448723955308,-3.1727,-2.670664176950081
0.16064762995113802,-1.8647,-2.000065558067641
0.1885496693512355,-2.3268,-2.415812476218932
0.24391727092017618,-1.7182,-1.588713679853266
0.43487670847390825,0.55384,0.7397918342188772
0.6802418001245687,-2.8999,-2.119477307322118
0.22866566231543708,-0.83,-0.9945687195369364
0.48917697483007705,-0.22435,-0.6201480184990404
0.4983870865515275,-0.276,-0.7596230967492618
0.5672315964427709,-5.3548,-5.792689629150859
0.24509822549800073,-2.5825,-2.409047843740338
0.9781631998918628,-7.5878,-6.748974458052381
1.942783841061198,-3.9199,-1.278464543717351
2.0520895515325277,-1.4631,-3.735539559162901
0.30593615673661156,-3.3667,-3.617545269024496
0.34206926686620115,-2.6733,-2.439038126151786
1.377310175731686,-7.3623,-5.707989447914689
0.13437422609824998,-2.8477,-2.752882750937989
2.474631185869824,-3.5162,-6.070610861918217
0.26242242236718705,-6.6169,-6.394033240628689
0.932393885203712,-5.2397,-4.163999802734806
0.15279874391805637,-1.7763,-1.700500290402648
1.094237413933971,-4.6621,-3.644691596781063
0.333005015996504,-2.1926,-1.791680573781706
0.3159224552273087,-5.19,-5.172791007250986
0.33803717204567135,-0.94238,-0.7790231389874069
1.1266276023734103,-4.24,-5.502953460791542
2.1739034519837044,-6.5327,-3.832393237967627
0.1669468289222007,-1.6,-1.664594796422092
0.39087142390788004,-5.59,-5.522118650313721
0.4386956149463333,-4.9428,-5.170559028644101
0.9437804813794809,-4.9428,-6.032345273031607
0.39960628047248115,-6.5175,-6.744288689150804
1.2913522749422117,-4.1708,-2.611566795288473
0.13345657419035117,-3.73,-3.654111901111098
0.24749839683675254,-2.6035,-2.490438227090845
0.20541514357865498,-3.8881,-4.034417758687194
0.24102817191973533,-4.1234,-4.333929280061998
1.1072055331943371,-4.8014,-3.448297772762162
0.4434819296392354,-4.122,-3.759603979145578
0.30045854822445145,-7.1894,-7.037491853115503
0.41042989772018396,-3.5866,-4.024085040309935
0.649973094047491,-3.5866,-4.248986467041702
0.5038128987132696,-3.695,-4.023464566985092
1.211919337772825,-2.596,-4.130292940518698
0.5645130984939576,-6.2394,-5.824245587941959
1.1422219857356095,-0.98,-2.378421055808021
0.42825854883043557,-3.9885,-3.563309474245623
0.5729229818475892,-1.7692,-1.161730033421219
0.7183865812666786,-5.9415,-6.660377333556146
0.3152887798921086,-4.7484,-4.588453207995292
0.4288019705800757,-7.87,-8.255061261849288
0.725518562181703,-3.36,-3.991700236156096
0.27998388963086795,-3.04,-2.752647806123039
0.4830369411416347,-4.2513,-3.97205908147864
2.104541319819643,-9.7376,-6.992406321717586
0.9711750837720017,-2.78,-4.006789661404333
0.18837479014399267,-3.4968,-3.516422726875225
0.6058054583523311,-3.4968,-4.197754995716978
0.3869733584705585,-5.3174,-5.039186249873477
0.5938284114326945,-1.2919,-1.883796658107332
0.1762498256355118,-2.6801,-2.653180043875715
0.32825184777453636,-8.49,-8.306744874535012
3.5365564596728287,-2.97,-7.865339928648754
0.6909631752955793,-6.5092,-5.68451289705574
0.3159224552273087,-4.6662,-5.172791007250986
1.0550278520906489,-4.34,-5.413598910002229
0.4123897198438003,-3.7,-3.415739997025658
0.9364839527501249,-1.6395,-0.7011046857983332
0.17150153016031816,-2.2411,-2.357502521771316
0.2115033240362137,-7.1418,-7.004954715893044
0.1345289604741008,-4.7104,-4.616444374094701
0.062123041251578436,-1.8871,-1.963655584717636
0.062123041251578436,-1.887,-1.963655584717636
0.062123041251578436,-1.8913,-1.963655584717636
0.3968490868278856,1.07,0.5466261537710757
0.19662437025387988,-0.03,0.0685024638546243
0.15591500488649696,0.41079,0.3479885783713307
1.8465185914577102,-3.2596,-1.290987333069981
0.1718558121495029,1.3658,1.379553325988248
1.055340825592651,0.80417,-0.1595475328968319
0.5230550641863203,-2.3131,-2.030424040111686
0.5153242583386023,-1.6175,-1.093516714983677
1.1502009614310102,0.70059,-0.7684199422479339
0.39516889901668134,0.775,1.214877034462154
0.5970097737672351,0.28794,-0.3752152667139244
0.12483937435591623,0.69825,0.711156527490787
0.27291758201510474,1.1,0.997075473189866
0.43695934033246764,1.356,0.8547159754926148
0.4937152102528174,0.72789,0.5406585736368865
0.2845269280560086,-2.0418,-1.810832126740738
0.2164778511719654,1.065,0.8309017575024447
0.2164778511719654,1.065,0.8309017575024447
0.2164778511719654,1.065,0.8309017575024447
0.8927278346375015,-2.74,-3.593713905216833
0.26964040941523476,0.82334,0.5976961447596207
0.6638700743466538,-5.0081,-4.507992150392826
0.8851360075190559,-1.5423,-2.612147750246904
0.9218337723831561,0.33637,-0.7018251504039184
1.1049361612482742,-3.31,-2.120448646912239
0.29858302423735045,-3.2,-3.465802213359921
0.24357801037683127,-2.3815,-2.516137505969987
0.34579484741624644,-1.8293,-1.701297375961818
0.18718210963468399,-4.265,-4.160689271306949
0.3849262123577587,-5.2355,-5.029662425227366
0.40907383834011113,-4.325,-4.660376134993564
0.4639938591429808,0.084561,-0.1955620770834132
0.8622159575401542,0.1948,-0.4885736094665225
0.5457777913154548,0.14702,-0.3957657147423519
0.7940891052686818,0.2179,-0.6105450941364743
0.3037596304951051,-3.3035,-3.183461112713046
0.2636813968776307,-2.3702,-2.279792591337007
0.5732565200160922,-6.6728,-7.039126984191591
0.663041996367995,-7.418,-6.766910150239442
0.4805753188426369,-7.4738,-7.189620552992773
0.8792470766472743,-7.7218,-6.807371400887386
0.892030362547504,-4.6746,-4.434515377052191
0.37366013607513204,-2.1,-1.725597593598008
0.6435731682366282,-2.0338,-1.715501844779
0.39339207427723366,-2.11,-2.319732851806251
0.22070551659769116,-1.172,-1.235728914140986
0.3428747099242369,-4.6135,-4.960227933592009
0.3428747099242369,-4.6135,-4.960227933592009
0.8960358524632546,-1.6149,-0.5185066131020595
0.5941199563168315,-0.57518,-1.255227550584146
0.36793003971884686,-2.0421,-2.369530345645286
0.22524057276848894,-2.3602,-2.323315874736784
0.2704070911340795,-1.61,-1.378712552207883
0.46318590858096187,-0.34091,-0.8245058827753169
0.11111728346669626,-2.5881,-2.635018938744357
0.2710492976545352,-5.2774,-5.503877750088184
1.029638705212366,-4.0927,-5.418781901070048
0.2893040756832048,-5.4364,-5.445504498189107
0.1048005797337135,-3.82,-3.673702461363122
0.42006501296995374,-1.844,-1.685296942773602
0.659455448111581,-3.3749,-4.011399836602224
0.2358496257650123,-3.3749,-3.368205491415087
0.39364247232231847,-2.282,-1.944852245690512
0.48898147956381893,-0.3557,-0.8444167035571103
0.18987149797604658,-0.41342,-0.4772540869383905
0.32794301045404745,0.29544,0.0438202192205742
0.48237568855104895,-2.6268,-2.110133857653228
0.672778519032197,-2.5227,-3.229237474655148
0.4850413665168409,0.9349,0.4322375064371844
0.8326892443709097,-3.55,-2.619809850059484
0.3738369985014673,0.20322,-0.0888365412732136
0.48959930921048544,-1.4463,-1.833454254975302
0.25224862320442776,-1.156,-1.154638562055224
0.12959407750955734,-3.5904,-3.604016096376323
0.7075971966276811,-5.1246,-5.829079781689701
0.4703385593933036,-4.0052,-4.493290317580828
1.7942222171038622,-3.6471,-5.929207990167368
0.3841761947314823,-2.1905,-1.824092668164377
0.300838902697373,-3.59,-3.36799689012168
0.43901348782947613,-4.8932,-4.532869780736249
0.38003103788233894,-3.7134,-3.999590020615699
0.1878989428437002,-0.36056,-0.3643962438189676
0.6802982842677211,0.75661,-0.0474969011040673
0.4698801998360086,-1.3301,-0.7991578573925774
0.7590911547118953,-1.4472,-0.3805286359259467
0.36137065675901586,-0.6,-0.9542248968554852
0.5815176939930894,-0.23441,-0.7905790243121447
0.44418964715709436,-1.8638,-2.177694612866671
0.6255479772382856,-3.32,-3.846541134058787
0.47360088139585377,-3.2339,-2.794093931489303
0.8970965968597596,0.01,-0.9921522770062988
0.6772748157400993,-0.711,-0.1137537996060318
0.6311487960166815,-0.9,-0.2132201671162855
0.41197123453983975,-1.97,-2.098707960777661
1.2676701533777406,-0.19816,-1.004385245408853
1.4069045421220514,-4.9591,-3.435320306551749
0.9166213601327212,0.34948,-0.7466214565606757
0.6456440467546416,-0.58661,-1.211812091127546
0.6452006616070857,-0.35465,-1.057985439614649
0.3754592340841488,-3.53,-3.646166394629698
0.23294260051882554,-4.9914,-4.958958715937928
0.5298747241687058,-1.7403,-2.163463272316119
0.4597870114975129,-2.5512,-2.851759755573116
0.6707232397961675,-1.3593,-2.152799834410472
0.5375530229384641,-5.36,-4.975289607537666
0.3702031900202185,-7.3044,-7.212687648440795
0.5245083963945418,-5.2503,-4.848986387570824
0.5133261222434767,-3.5763,-3.531860541432696
0.30514687612157404,-1.62,-1.722882528219379
0.5865030146574406,-2.6,-2.089768477211264
0.3221457292416731,-0.39639,-0.6848537113361396
1.508045929357119,-4.3079,-2.093978039312401
0.454707458150792,-1.5758,-1.139955234214631
0.2979848474761981,-2.114,-1.885018935717175
0.6775703771217352,-0.33146,-1.223424464836812
0.32278316656800365,-0.063965,-0.2886933951428032
0.46713150031520145,-4.1893,-4.464554856272171
0.14621836368545496,-1.4085,-1.346376875961677
0.8119246149828221,-4.0635,-3.592254588596832
0.09830153675377248,1.0502,1.015843891800082
0.29853039625905586,-1.3317,-1.095203857087583
0.2698438532530941,-0.92619,-1.110286247899089
0.7514522479419776,0.85763,-0.0358401650073689
0.36193661726255955,-4.1286,-4.264270842000748
1.2505804583425586,0.60857,-0.8955449403229794
0.3568405404732099,0.78202,0.5370412440341282
0.848122564680472,-4.2213,-5.410217955680214
0.6007432257905101,-5.76,-5.152664606436481
0.9514102198523507,-1.5229,-2.508382995884086
0.11827895360755904,-3.9751,-3.966683956193664
0.09540192771379913,-5.35,-5.31342116682274
0.555834575366608,-5.991,-5.912384011921846
0.4503864401764593,-5.2925,-4.907199981876337
0.34270792692602114,-3.0888,-3.593522038083313
1.1843427481295903,-7.53,-6.27446169251524
0.28691472253269223,-5.0926,-5.362375384898014
0.7721821707587619,-3.7728,-2.90801418210945
0.17704170708568615,-1.245,-1.369098225129155
0.43452617976028046,-3.9312,-3.422182776199822
0.46117220069657483,-2.3946,-2.92706928901922
0.39124795487180014,0.0702,-0.066304787571885
0.197765775730301,-2.0451,-2.135978762933792
0.30938557512967507,-4.2083,-4.080807483120978
0.39036763594750357,-4.9604,-4.683601825682567
0.33045950155325443,-1.3544,-1.617242082448582
0.5508532433753512,-3.972,-3.435092572046091
0.9668051284837422,-6.0735,-5.422388993176392
0.28099750157688236,-4.47,-4.496329518403627
0.9840350651785239,-0.7087,-1.845195729365158
0.9514102198523507,-1.52,-2.508382995884038
0.3518521244834661,-3.8746,-3.569367862889797
0.5121835239831644,-2.19,-2.621115666393733
0.8878445865072083,-2.0794,-3.095952735621653
2.7045381542760007,-7.2839,-3.028652043508797
0.34270792692602114,-3.93,-3.593522038083313
0.2629896981319655,-6.6242,-6.700339937890821
0.3096223010609369,-3.6996,-3.937722934402772
1.5513940174007705,-6.6926,-8.633086491933545
0.4270229562534214,-1.52,-1.951620893913385
0.3463658757090471,-1.64,-1.42540483662067
0.5432926199742302,-2.49,-1.928429426400857
0.49154409499110935,-1.54,-2.017090455932066
0.364431495485703,0.49328,0.3477896723511766
0.5636749367628138,-1.647,-2.221621928002988
0.2159213042233794,-1.3736,-1.606641261833064
0.24239297790018682,-1.68,-1.915888004097005
0.2424784383444134,-2.1855,-2.323097097599626
0.26277316752517177,-1.79,-1.631835730916499
0.3478229354833533,-4.9,-4.648778178332551
0.2172883720366368,-4.1297,-4.394400045792234
0.21842006061014133,-4.3,-4.393125101280153
0.12739486143797418,-4.3037,-4.206580555852129
0.7798492728326332,-5.7157,-6.340652229323799
0.3478229354833533,-4.9,-4.648778178332551
0.2172883720366368,-4.1313,-4.394400045792234
0.2180115934384667,-1.2378,-0.9917673096138953
0.3852408558438223,-0.2046,-0.5630821448656531
1.341030831066892,-3.7,-1.776406700107195
0.29402717727500827,-2.6494,-2.441260928417471
0.17714452716862675,0.64567,0.8303425975908306
0.1373124832587271,-1.4743,-1.398106305763301
2.0150102238511916,-3.4235,-0.9923723255372756
0.6811994196925866,-2.94,-2.2948763955027
0.25906039805465997,-1.6853,-1.940925261572681
0.518172025688862,-2.4154,-2.028646931697146
0.15742482990629486,-1.8667,-1.742861008237314
0.20571006797633307,0.78902,0.5942939923744978
0.7955064453765566,-2.8738,-3.893989632141819
1.9425321320421758,-8.0585,-5.065104982108043
0.6250403357833949,-2.7,-2.039504489285326
0.4127689502121724,-0.67,-1.076494597355583
0.4294949281385682,-1.81,-2.089273597169468
0.5149492780732874,-1.99,-2.525652895930884
0.2159920098791697,-2.15,-2.27792319028679
0.6216520510442848,-4.28,-4.855893727899428
0.37041805589625,-0.9642,-0.6562969426796215
0.22849216375034798,-5.3266,-5.118925401989239
0.21261352491233176,-4.29,-4.402434261785237
0.4837678543455744,-5.6777,-5.376906156005998
0.3709535093258978,-5.6423,-5.253612083416829
0.2883597465338188,-4.9212,-4.727757410884832
0.24658875505343317,-4.9212,-4.86043054863519
0.1185638237426486,-5.2064,-5.138813719086684
0.16769722885501626,-3.905,-3.77085933718757
0.435536925049281,-5.5154,-5.101470960358789
0.1045413386663223,-4.4041,-4.484055058882887
0.1369736494614182,-3.905,-3.777503225290039
0.34137211021503205,-3.6035,-3.983151544802577
0.19218200975142313,-4.104,-4.201107551556538
0.9820815830550989,-2.79,-4.039513157428792
0.3102157279560545,-4.2474,-4.170792843271014
0.26571505206217905,-0.115,-0.3114549556280528
0.4260992685116635,-1.64,-1.26354031794608
0.20214637253241424,-3.6786,-3.685294146268671
0.14290191093949414,-2.3586,-2.424510802700372
0.3417901949985371,-3.3371,-2.941288322301375
0.5787251319207618,-0.56356,0.0654316043026444
0.2808712774834291,-3.91,-3.988128590994611
0.3189704198198976,-0.72,-1.021550147312781
0.3752413760799814,-4.05,-3.727543269305784
0.4412248158338921,-7.8041,-7.935796116727202
0.9657721267940658,-7.0436,-8.08015625365148
0.18017681265773167,-2.4174,-2.561948395002968
0.5639868525271489,-1.9332,-1.292444038657356
0.16140365489390718,-2.4007,-2.346161866192622
0.1715247438366193,-3.4302,-3.454357580024869
1.1988994650444738,-8.1119,-6.988451961355164
0.6784152044297045,-4.4317,-3.589896228537737
0.2401165730563629,-1.2676,-1.43378725967754
0.4337765917098744,-4.75,-4.623857599664664
0.58048144496966,-4.0942,-3.685976982581549
0.07347663435034328,-5.51,-5.481383512225396
0.2946028695322772,-5.12,-5.356915762406593
0.6268818048571908,-7.9737,-7.589316205574544
0.800312596543759,-8.2244,-7.523583264355725
0.9477165562845983,-3.5343,-3.175544403643014
1.4045500540192668,-8.29,-6.809771163245947
0.21248101916186599,-2.475,-2.369292012921444
1.043322133469632,-6.9712,-5.957410166406267
0.19502070245015335,-0.8154,-1.001403566533996
0.25599856799564213,-1.507,-1.766530362538541
2.035029552631612,-8.3629,-6.071393169966317
0.2459667185114238,-3.98,-3.958301149205814
1.1221320695979806,-0.28383,-1.479857882841022
0.5612748476662207,-1.01,-1.616035564425319
0.18470791369721426,-1.6352,-1.661661819008583
0.8531825661853015,-5.1146,-4.911391559100215
0.3596636144091698,-3.7422,-3.877345923787537
1.6691054693707266,-9.8164,-8.1123886979162
0.35580425695025,-3.4518,-3.822393759490235
0.3224478350543299,-4.0841,-3.748532468579607
0.9543960077347531,-5.3177,-6.40537883448328
0.5322529202783144,-5.4228,-4.868028954475516
2.184883270324869,-9.9799,-7.667885536560414
0.35300597766282976,-0.25599,-0.4711024549020045
0.8798586604777089,0.087226,-1.093242649356538
0.3950171315056554,-2.0482,-1.581287545848685
3.322569141679629,0.21379,-4.201230677663234
0.43569180304045224,-4.9455,-4.610236970603749
0.7307254301050555,-0.93044,-0.0704769057591346
0.6541310337491424,-2.8199,-2.118218373753117
0.219627087587107,-1.8635,-1.93165943064838
0.8008718089451853,-5.4039,-4.35911478936385
0.1822581131859166,-2.7132,-2.623025889760975
0.21775710548063948,-2.8002,-2.578915088724319
0.7703713564298015,-1.0798,-2.12688359144639
0.12078587794182781,-1.8653,-1.805052802892165
0.7563895839948483,-8.17,-8.13266889665097
1.558974669152635,-10.1506,-8.220147496189625
0.6183521805602904,-3.2696,-2.758302470713381
0.30125497118537065,-2.5604,-2.440257483366704
0.44554754719782685,-0.39,-0.7965958881024819
0.6277551949823365,0.45792,-0.194652099568617
0.30125497118537065,-2.5452,-2.440257483366704
0.3148901143213222,-0.66969,-0.4033916330601948
0.6640664947820967,-3.0111,-2.31894286931991
0.4957091457360148,-7.0353,-6.540085877353384
4.802789454355326,-14.5924,-8.33505450439299
0.5573740580655625,-5.1174,-4.598331950125834
0.3114708375642727,-3.2438,-2.853179217598359
0.03839012756432631,-2.7067,-2.707634948256506
0.7274437428337481,-3.55,-2.819896107320684
0.4764770661580271,-4.1242,-3.666872036053262
1.6321499994860003,-10.0504,-8.205798686170324
0.5494996053741737,-6.1069,-5.698775948998064
0.5289027540133064,1.236,0.5729004985658834
0.31172971863777527,-3.4999,-3.732593213154553
0.34119681232539867,-4.307,-4.512625614551439
0.2523583193660413,-3.0798,-2.964182855796296
0.44987560698835183,-1.607,-2.005578249994476
0.7941447966853158,-4.74,-5.67853516593142
0.3088488982105696,-3.2595,-3.003429819700303
0.4783931357887832,-1.1029,-1.531368098628375
0.7688169091651271,-7.2429,-8.024642713268484
0.1797069043698814,-4.36,-4.149463445110445
0.09808479950928044,-1.5696,-1.681799611234196
0.7695531705232438,0.12561,-0.3259314582497805
0.10914998808396399,-4.1075,-4.071133781111028
0.1952539520452418,-5.562,-5.479474434588974
0.17449993761309415,-4.0834,-4.206519015135402
0.1864178882739787,-2.7148,-2.569383010424438
0.3380634192665579,-0.1971,0.1405434061099206
0.6277551949823365,0.4579,-0.194652099568617
0.7715000017562048,-1.8097,-0.943128665466948
0.3552398553803351,-1.12,-0.7310495987905079
0.35667219158583224,-1.857,-1.581293385826421
0.41386314676814,-0.8969,-1.188017603753402
0.3085941313175368,-2.0709,-1.719553145452994
1.39024391978507,-3.1017,-1.574098889990521
0.2796652719099666,-1.1487,-1.437848158819095
0.22142995955478922,-2.2088,-2.092672171487041
0.3331459359511534,-1.2377,-1.446647318732533
0.6796151305010386,-1.1253,-0.4656145524445938
1.5386151353608697,-0.29,-2.404190353975065
0.7975489077914146,-6.8068,-7.406277392094945
0.09008416475512834,-2.39,-2.49090179587531
0.3824567069273225,-2.9888,-2.563371701988343
0.28524639335462326,-3.0832,-2.86216683290093
0.8492012935049732,-6.6028,-5.747510631516411
0.2820923059425963,-5.1967,-4.970055234849615
1.368290895825543,0.61275,-0.9518328074196444
0.20601657001499946,-5.298,-5.037059955643478
0.2213993141659332,-3.6773,-3.822522787038781
0.4926168354168147,-1.15,-1.710139701042091
0.23160709099590107,-0.8926,-0.8020379059685396
0.9818572626482289,-5.2036,-6.091287148608438
0.5146404128876244,-4.0979,-3.585479099215483
1.5561771504552666,-5.48,-3.985949453612143
0.5945328134699269,-1.26,-2.009342013575794
0.852200557698435,-1.7188,-2.580046834407158
0.40785610860407445,-2.28,-1.790218926505518
0.5518049158912767,-3.5242,-4.00252721510644
0.09776507762144279,-0.806,-0.8834005911158582
0.2102352147466046,-1.6728,-1.472177224256483
0.6393762151596767,-3.3674,-4.201166684355524
0.5289466110690153,-5.62,-4.969870671521099
0.4357468373515887,-0.88307,-0.542004156094064
0.10299998966987971,-1.58,-1.611871925009662
0.47020545604775565,-1.0778,-0.4491699344164424
0.9260543646751482,-2.13,-1.30871513526129
0.401904605612833,-2.82,-3.095541569527786
0.2429342171753777,-3.42,-3.240223168316394
0.1219344085748918,-0.43,-0.4798910129548719
0.7807918452732321,-2.37,-3.168662154183902
0.28387995665144367,-1.3899,-1.361514159062042
0.0982307567494007,-3.04,-3.05103423759371
0.3968404908218105,-3.725,-3.163422575229188
0.21432714867314073,-3.0696,-2.921388232813497
0.19594998860396295,-3.4863,-3.390166311854849
0.10426324598146863,-3.62,-3.737691861055865
0.11855292295379849,-4.16,-4.087852952809233
0.11855292295379849,-4.01,-4.087852952809233
0.27310209751979064,-2.2528,-2.05038052084126
0.31279045458850535,-2.2528,-1.904234447549943
1.0234788592404223,0.54,-0.7226280707103799
0.4378419332151428,-5.9328,-5.39225525589203
0.16720319964784175,-1.5101,-1.474465928932337
0.20656051220323896,-3.8065,-3.578506402574669
1.8902843060148313,-5.149,-7.053999979797783
0.4216070286830331,-1.421,-1.823459926551631
0.5786104222956945,-2.7709,-3.377622561811275
1.0412902665459414,-6.8556,-5.773522960038163
0.8967184321144039,-8.4588,-7.906675230270364
0.7306624566330239,-3.2049,-2.43133940030938
0.24677110678686404,-2.487,-2.762250550687862
0.19585071614057623,-1.1343,-0.9578745890416552
0.9201125449906222,-2.7742,-1.589205191274917
0.43808069438353575,-5.2907,-4.833706734022383
0.764424753232314,-1.5,-2.4657428887948
0.12573145094194607,-4.5548,-4.453129588476415
0.6917742454539985,-1.2101,-0.3158414825219146
0.2827849756548786,-3.7601,-3.520312602537997
0.2547181372049833,-3.9337,-3.816404953066534
0.6778773482495377,-2.6,-3.286862692315133
0.5997732047758372,-0.94,-1.491338376760861
0.1566639334976832,-1.769,-1.781669306372878
0.24326425033183913,-4.2574,-4.20805798481995
0.2880797577905933,-5.7811,-5.480358616011804
0.09545023791045003,-0.48639,-0.4625779603266658
0.15385144747022683,-4.1912,-4.193375290450197
0.1749249335488773,-1.01,-0.827433793044844
1.8880582014872405,-4.6183,-1.86297687015315
0.26283435024134316,-4.695,-4.480845884302649
1.0371113109036485,-2.4704,-3.870482144840229
0.4035878662396904,-4.5514,-4.19927266089412
0.5354657131849074,-6.6745,-6.978128108464546
0.6769827878814096,-7.2672,-6.687422357119426
1.0439926058327444,-3.64,-4.865203548218868
0.15045365315272782,-2.5109,-2.437767442672507
0.6894447214949659,-4.14,-3.384167705914797
0.2751521916410102,-3.5,-3.350479338393751
0.4394593625812782,-6.7052,-6.238645483105543
0.8795779599337306,0.036242,-0.8889428707882492
0.2452045827204364,-1.037,-1.217067885884151
0.31194997662842533,-2.5746,-2.761344534805382
0.5544453507508078,-2.0511,-2.679671288924212
1.246402800772043,-5.06,-3.678230021849844
0.38411786818537275,-1.4031,-1.104028259432854
0.4329067569783288,-1.9924,-2.399051813830197
0.2256290153317579,0.82556,1.008936455486325
0.37782567653146193,-4.3056,-4.83692028604557
0.25211172945814875,-4.9422,-4.736105005684744
0.18625683684858674,-4.6498,-4.514213977215652
0.28324038256283013,-4.2919,-4.20905973070298
0.5571389542209553,-2.3958,-1.827728148095991
0.644685819765167,-5.156,-4.645155407183428
0.21257174746151164,-2.5797,-2.410777695601975
0.3995132447927387,-2.41,-2.773837177435213
1.563583921606765,-1.53,-3.240686141954904
0.17204620790100075,-1.3083,-1.251870130956038
0.42016679834746834,-0.63,-0.0553702981282512
0.10260167265489242,-3.4332,-3.502098856400837
1.0412712331131602,-5.49,-6.482426938360089
0.2565055579255391,-3.1392,-3.069870008046909
0.8536555770846972,-2.8579,-3.808945750247806
0.5140417880681276,-0.0516,-0.5650853836977244
0.1730931734221527,-3.4179,-3.378677777669415
0.45649553000637966,0.14711,-0.2668508756016603
0.11436278554221442,0.32588,0.2518505252761382
0.13923887623875011,0.33898,0.2414423779885485
0.24856844847751997,-3.1869,-3.056442990623136
0.3222842019721558,-1.6274,-1.907012627386179
0.3823807731230017,-2.8343,-2.426081611706048
0.3921840086499305,-4.2101,-4.584112617065108
0.18254437895028583,-3.1922,-3.169342903339116
0.32622808230555017,-0.1086,-0.3513880659262854
0.1374974325906429,-5.1804,-5.239384515961372
0.1590156513213859,-3.3128,-3.329287936084471
0.12753695152080494,-4.1175,-4.173461287371214
0.7083742592959922,-1.5967,-2.3754669429885
0.483525095408001,-1.8602,-1.374963962480257
0.8314340477690032,-6.2386,-5.511495861225672
0.1412796967059395,-3.993,-4.080138327035169
1.519321179392945,-5.849,-4.482277575970694
0.23681097632231812,-2.6901,-2.60127524828745
0.6741555652642818,-2.8032,-3.485341522773685
0.3653264037841695,-6.46,-6.284689330615644
0.29274172727708386,-2.2832,-2.565694019402867
0.7268344932121419,-2.3741,-3.155893173261203
0.6099514447581964,-3.6994,-3.084811494427024
0.5364187383927113,-2.4361,-2.897609659740685
0.13373275457099343,-1.7349,-1.686530969891336
1.9665650711426053,-2.24,-4.648782218974636
1.3898444824047724,-8.278,-6.730837740894972
0.5474141912771436,0.9645,0.332985628984469
0.09968166742060026,-2.6913,-2.601726106991262
0.22326236761513635,-0.2926,-0.3987113908907922
0.25275228203634675,-0.8666,-0.7667252238738871
0.3641259726132516,-2.6701,-2.358497791221775
0.745618669717823,-1.28,-2.157447140321397
0.7698728984086652,-6.7999,-5.947368369747606
0.5086430064984292,-2.8467,-2.372176269448308
0.39667274760607774,-3.2447,-3.733022508984758
2.480548194162157,-0.61336,-3.581120615333338
0.21209301972996308,-1.33,-1.245200771512211
0.7426828926095235,-2.5115,-3.326370885675655
0.5543035603257708,-4.5655,-4.05166341119833
0.2701624104367956,-4.35,-4.084370329190243
0.7265075716680535,-1.53,-2.501578803534855
0.10200734066498038,-2.5947,-2.533466750956986
1.1339582369669967,-5.8419,-4.879111536226965
0.367855275910893,0.38764,0.0044918684319455
0.39418498890126163,0.64918,0.3442591914839149
0.14540239661262747,0.57711,0.679949163471881
0.3274365703874059,-1.7897,-1.645565879205076
0.4529860367375875,-0.50115,-0.7780147295450399
1.1091139950819346,1.58,0.519415090568203
0.27448503449994766,0.26592,0.5203754174609935
0.20235716133128664,0.69108,0.5995249570245682
0.2913337508371299,-1.5651,-1.348262426130452
0.4775109432603636,0.85646,0.4939439440486373
0.7908059034223348,-7.21,-6.385095015628149
0.3600563247926087,0.20907,-0.1194706724542816
0.2768550911648837,-1.1551,-1.013741748099837
0.524211331469734,-3.5393,-3.164824829529774
0.6279272769538905,0.60208,0.0830382091221885
0.28573357009285283,-0.09,0.1924995752701344
0.02519936754011382,-0.6213,-0.6256474936667658
0.6814751160796491,-0.4906,0.3928586974077687
0.5550191908352081,0.30405,-0.2000468103874056
0.1501665978467645,0.9435,0.9106463941577736
0.18709584839718674,-1.395,-1.521599115955237
0.3085179938689121,-1.2963,-1.019301466294724
0.3787363266634193,-1.178,-0.9164287264932084
0.8902830427073495,0.86292,-0.1475445353602347
1.0615736880109257,0.62297,-0.8820198746710919
1.4034461823663043,-6.895,-5.40801219127747
0.2614526837803091,-4.3394,-4.262146711190526
0.9815037739670686,-4.4974,-3.364549506210379
0.18865830522340502,-5.04,-5.01064742590838
1.1167298563974195,-6.0604,-4.838922362802055
1.0856300123345455,-6.04,-4.860960636268441
0.07544366794141397,-2.2232,-2.317241488384124
0.23895908415088848,-1.4356,-1.604520127040472
0.6671076918079102,-0.93827,-1.622751931254539
0.04334023854026396,-2.1926,-2.187447225088521
0.38550431507748845,-4.5097,-4.082970510169813
0.45384708234913296,-3.0698,-2.559107380529169
0.14976625139628952,-2.1115,-2.230353215652068
1.1937365632768424,-5.6,-4.445471319711631
1.265321803129638,-5.7,-4.401197078527529
0.81380690352211,-6.63,-6.068375021298527
2.295815692029785,-1.3269,-4.66364166423969
0.972503948794438,-8.4097,-7.622486360352022
0.17786756556342617,-0.44475,-0.5553666150659673
0.6971536862342376,-2.6913,-3.360603175611746
0.06750380682010222,-1.15,-1.208287487666664
2.257035039669591,-10.9214,-8.002221948853187
1.36481372091541,0.61133,-1.039664284056864
0.7604406082074608,-2.4407,-3.187189668168468
0.9498438627263925,-4.8342,-3.689432945333433
0.28501596178760663,-5.29,-5.274914536207067
1.3743959125419911,-1.5578,-3.158121383103282
0.4309560044333882,-4.9103,-5.097181250986218
0.04367879611065615,-0.47,-0.4310023886430631
0.7010931689651947,-2.57,-1.782452879907571
0.5459859879661295,-0.80968,-0.19859565730953
0.055880913574216734,-2.8239,-2.784274674714962
2.011082018466812,-4.72,-7.022925276819489
0.7763401258179756,-4.1079,-3.232046208368384
2.050758107609991,-3.7053,-1.533652015025698
0.7266337193441885,-4.54,-4.425675253868879
0.6289978154624446,-4.7008,-4.239679040124149
0.2924313740285669,0.44106,0.7908033800888986
0.05040820636005485,0.37647,0.3238773911224054
0.08148829336537639,0.39121,0.4695884556862874
0.06377428381562197,0.33898,0.3283907617752254
0.3734441077802362,0.39121,0.2140359509572331
0.4410873147015464,0.39337,-0.0094856753754812
0.05198558543782359,0.37647,0.3204479234962537
0.2753792372575661,-1.1005,-1.28407883107517
0.5676097185830784,-0.74335,-1.163652810638707
0.11477802172630401,-1.2509,-1.279291923560074
0.37586317577202377,-2.3517,-2.077168356067141
0.4328702419210933,0.26901,-0.1416252005652225
0.1708466838718223,-3.6502,-3.688270531663193
0.38858208364667335,-4.3009,-3.764628225420643
0.4598137219251043,0.26901,-0.2653130455527632
0.6072316124456699,0.22743,-0.4814772274866799
0.49643886587830044,0.29051,-0.1753692568446925
0.33569194062538443,0.28884,-0.0391263523564067
0.06558221886168442,0.31317,0.3874982563740262
1.6899710651838817,-7.0765,-5.02670416011661
0.1503405114042475,0.28709,0.356797373437857
0.3475145268128202,0.15947,0.2757968272313699
1.5218842444949383,0.58331,-1.266202374967877
1.4046852350967305,0.21319,-1.625004139147993
0.25661774026202333,0.37851,0.3590883671141912
0.4922433552299416,0.33502,0.217028665016869
0.23825938973296626,0.56359,0.7232689147734522
0.3221768006444127,0.31657,0.0583026253586984
3.0755281027186534,-9.2363,-5.369034333304076
0.6726750818438799,1.4102,0.5318780519022049
2.1863379027451986,-1.2948,-3.99971112759676
0.5681788731169538,-3.723,-4.276136721607135
0.4660239182581642,0.5952,0.145317672709374
0.529598379038716,-3.7861,-4.333942236587667
1.0557475065955682,-7.9465,-7.010622916182518
0.5224993542352201,-4.1432,-3.567888448390129
1.2045488296195535,-8.1011,-6.768971768956503
1.965253209194668,-0.70771,-3.149032392647609
0.12085721126346914,-5.8166,-5.77231264286223
0.1521688983345427,-4.3741,-4.292076160410783
0.338413511495921,-3.5032,-3.159528319954772
0.32058629660875715,-3.7184,-3.374758214052566
0.154943988465742,-2.1637,-2.247639252525006
0.7611479918089883,-0.9137,-1.814320891864753
0.03666224158068556,-3.8213,-3.779428446833505
0.4205967745547522,1.3561,0.8761701855499269
1.2194562272273692,0.9095,-0.6019957752466578
0.6616006052160401,0.8412,0.1379572362725962
0.3698254299523345,-0.96608,-0.4362755210676149
0.4751220215419357,-8.4024,-7.874288452573259
0.546277926514912,-8.02,-7.27326500290469
0.8835735191926143,-2.6,-1.691029230063062
0.63421806205541,-6.7121,-6.146804699110128
0.4751220215419357,-8.402,-7.874288452573261
0.19408827187031544,-7.34,-7.460621695635238
0.08775409658856892,-2.319,-2.255099312062683
3.999779515722474,-9.7913,-4.214809295931363
0.9427922152922522,-5.3804,-4.818032652264689
1.2468623603716913,0.489,-1.10660960935289
0.22456323699914726,-4.3288,-4.267549072884906
0.2836905044951566,-5.0995,-5.417162333118505
0.4749132253650164,-1.9644,-2.23675131054157
0.5990912903831478,-3.4856,-2.902076712656458
0.670535482416268,-1.9738,-1.404409121250093
0.6534693398837667,-0.95563,-0.1733629729847661
0.28945670863936585,-0.51712,-0.7539494321902624
0.4755696531889566,-3.0042,-2.684784923294607
1.122736658830483,-4.4099,-5.920248872167582
0.7082712888361472,-1.795,-2.415143613473905
0.9188166130234885,-1.64,-2.836275428617666
0.34394690698344726,-2.91,-2.595956744383161
1.1330842723787533,0.6631,-0.8178172070056169
0.3054441357464661,-0.35985,-0.2310636358054991
0.5768933560832984,-4.111,-4.716870264227166
0.4133319018125858,-1.4452,-1.085349086615915
0.24445756732147272,-1.643,-2.045278729366302
0.9982714291872231,-5.1936,-4.117733646629929
0.29737237203172273,-0.78659,-0.946904991898438
0.8826415413467095,-3.4,-2.402342751911644
0.17762143690610624,-2.17,-2.024234902520003
0.5540220589812928,-1.63,-2.275755114493379
1.3343806848711808,-6.8573,-5.174115641678588
0.6580269118423534,-6.7001,-6.314248779077325
0.4001874360545415,-1.227,-0.8356913276509206
0.7014824771436605,-1.0398,-0.3649195806917972
0.6054937968419627,-5.33,-4.734691777989603
0.8936960719490631,-5.84,-4.908426509701101
1.0205496713912452,-1.6774,-0.4531489995783475
0.4747415529799589,-0.59407,-1.08504698435983
0.681698457078289,-2.48,-1.751025960031406
1.4336749660011734,-4.2834,-2.351307177671038
0.5899879691675235,-3.3837,-3.770824369417859
0.3965546199025022,0.188,-0.1501851643775728
0.5569364444265216,0.6142,0.0074576195212058
0.5547399540056305,-6.3764,-6.820626445370783
2.6779090426325896,-8.7827,-4.874973129717101
0.22082274849047379,-2.3555,-2.393436968579777
0.3955750531310985,-3.105,-2.780718904665403
0.6770880385276952,-2.8871,-2.059646686087476
0.8357446035701092,-1.22,-2.170098666434481
1.5839028670478905,-8.0826,-6.378088533027981
0.4691156502466607,-4.2104,-3.731310777572824
1.2352302878957737,-5.2387,-3.398984596938639
0.26547544728761985,-2.3712,-2.19132613250925
0.6012629049377358,-3.3426,-3.983977705958127
0.4228406920618205,-4.7651,-4.245890829192864
0.3840112164451179,-4.6804,-4.287795087127757
0.2607426003903442,-2.271,-1.969212647219378
0.515331867167655,-4.6704,-4.175206406706153
0.2210674328036732,-5.0311,-4.97050198222751
0.2175648717242469,-2.67,-2.498100345280363
0.6060118941956228,-2.6626,-3.26691454011325
0.8185941651741306,-3.36,-2.384404105411224
0.19842186614715648,-0.26046,-0.2636660674189923
1.5005114625852178,-0.83858,-2.598775422287692
1.028129809818152,-0.87255,-1.939037564727919
1.7376458075778345,-3.2643,-0.8646318318682273
0.5205949951918789,-1.1388,-1.658895816113483
0.5911122076702758,-1.7575,-2.537012194931825
0.6085443865827773,-1.1356,-1.765260282854294
0.07695541275836218,-3.2085,-3.165976097155552
0.49740911822526374,-6.07,-5.694726986892381
0.0918691663206655,-3.5932,-3.564994511478932
0.3884876201237208,-3.1825,-3.498722958704922
0.9418239090720378,-4.1007,-4.453747220901514
0.06912707243908957,-3.1113,-3.185839663693603
0.7485969331503614,-4.48,-5.109270917188102
0.12240696150754266,-3.4313,-3.55090477544343
1.0285382996247838,-3.0992,-1.815739310533071
0.4760967334778836,-0.9249,-1.357186383749729
0.9161446776170686,-2.4634,-2.06451085378614
0.44997055719180845,-1.78,-1.359670733915882
0.13652767504801921,-4.0657,-4.10489290178718
0.26949811619845093,-4.41,-4.67398429886943
0.2252217570104547,-3.0742,-3.043859667975194
0.570870837103504,-1.3162,-0.8542386127797262
0.21743321259660506,-1.13,-1.144903337864452
0.16337596383215666,-3.238,-3.2829305972215
0.1331405343215675,-3.238,-3.213079261413875
0.6529180454198873,-1.9385,-2.778976539443215
0.5422097711682663,-1.8219,-1.309397116363041
0.65402149567905,-6.95,-6.338637011304741
0.09727917189912332,-2.5784,-2.646872975469035
1.2213909407872239,-0.699,-2.139225544544588
0.6429146859190132,-3.2653,-4.136824755801534
0.4523811160649098,-3.0783,-3.34014741836165
0.5792758139770047,-6.39,-6.091373759679496
1.1019329026406033,-3.2478,-2.22711634061937
0.3368100880619428,-3.84,-4.138557424598197
0.35978738212606487,-4.55,-4.209629675271469
0.5728366266309814,-4.6568,-4.072322533073153
0.20914705047701723,-3.2761,-3.333798503942397
0.28792918611069324,-7.99,-7.800883205327425
0.3567238268445168,-7.4,-7.775813614362574
0.3012363186833937,-5.2922,-5.212070711920127
0.3080254380469931,-3.7095,-3.566872203480203
0.4380783550994143,-2.641,-2.981994385692665
0.28324718355242257,-2.8897,-3.087334082714374
0.2963449619242528,-2.6777,-2.821326045669629
0.09773357297352211,-2.6505,-2.657873744248788
0.491817615423402,-2.4671,-2.217569399849798
0.6921825159648448,-3.0935,-3.073930302820303
0.2833386940383827,-2.809,-2.610543194729752
0.25657790000658054,-2.5746,-2.449484411336101
0.7593366652712211,-4.8806,-4.088106326096319
0.42649317280322613,-8.5059,-8.46906507794216
0.6885887823288662,0.19277,-0.5338099243092167
0.26630728944948934,-1.7921,-1.671556331674309
0.7141806662793934,-0.47513,-1.144699855171453
0.33801523430431035,-1.5,-1.267001926823104
0.6050255798938925,-7.4533,-7.86906640005237
0.8401860731873636,-4.3217,-3.335647549750191
0.44023476839890063,-4.9423,-4.496515053067057
0.3236888994343374,-1.6506,-2.011446771515996
0.20594264119345151,-1.545,-1.712490521170504
0.7717112874818475,-4.4,-5.089913728706223
5.29184866474115,-3.1,-8.723757361522015
0.7912350298280153,-4.2943,-3.433078397808588
0.18689226446134988,-0.0666,0.0236724142553335
1.093987731428659,0.61097,-0.8065942893855671
0.5810204523755875,-2.8641,-3.577029299413094
0.2961391539627624,-1.1342,-1.134560221696521
0.9738004222879133,-3.2837,-1.953886836233275
0.9614400807065181,-6.699,-5.717508829180479
0.5900297093345033,-4.4637,-3.952407264208525
0.6660988099849913,-5.5136,-4.843348287645435
2.5967119497577937,-0.60212,-4.025597801377806
1.1291947681762406,-7.544,-6.415535210229679
0.17604251694766887,-1.802,-1.907615171969781
0.5050125732899056,-0.49738,-1.030598466803285
0.29816297514454787,-1.1313,-1.332950687277449
0.946655525313263,-4.7526,-3.748125093480028
0.2107795932068483,-2.2522,-2.080093304092433
0.4809427292951451,-7.8251,-7.662246627910637
0.22633604043596317,-2.3096,-2.29445033661788
0.5725798469701046,-1.7923,-2.205894955668966
0.4624457835295332,-4.27,-4.524102386319981
0.22918850333316126,-3.3913,-3.631680829719787
0.5674700518294697,-2.0813,-2.649239766522648
0.7774962359678608,-2.213,-3.11917567395245
0.7703387710287066,-0.93317,-1.761519279723638
0.31147207896143675,-1.0243,-1.25129770745829
0.6942648809137754,-8.2677,-7.823760930228583
0.40681255763182916,-2.0439,-2.344286121371653
0.2735770271470977,-3.094,-2.969100150352531
0.31799374859662727,-2.5087,-2.847098783418398
0.257973263830829,-2.3665,-2.629923616537592
0.42723901928711316,-0.93752,-1.400443064510771
0.414391318655963,-0.38759,-0.7702166157110669
0.769037022856468,-1.6413,-1.012584157974765
0.23876722338687256,-4.42,-4.553150565629067
0.6326843928155338,-0.38695,-1.071482830106528
0.5404427763483256,-5.4994,-5.781084295772095
1.3739833528584766,-1.8129,-3.312807563566301
0.536597155858508,-1.1749,-1.605427772297106
0.3058726291209713,-2.7567,-2.489084579894292
1.3868268765832628,-1.0762,-3.014956047960264
0.7527118214289115,-3.1248,-2.289718866098251
0.7447558095381309,-2.6934,-2.146715656179055
0.7801092498371446,-2.58,-3.477264742148857
0.5114651747447071,-7.3965,-7.326330340963991
0.17684069830168903,-2.1103,-2.220941781897709
0.4120052033267422,-2.8545,-2.319920126590159
0.5608729319763417,-1.4437,-1.923232824280346
0.337919059320285,-4.2614,-3.930813868019353
0.29555039472301375,-6.1006,-5.858329046670484
0.04509081201972724,-2.9175,-2.903951017191559
0.3347540086412976,-1.9771,-2.235416226565655
0.33236984081328247,-4.2212,-3.967858589440587
0.7626630026735771,-4.9261,-5.787012171865032
1.3196407509476222,-5.9192,-4.444530926598718
0.36459817061114613,-2.3195,-2.5920954548439
0.6178248449310648,-8.5224,-7.887515469976126
0.6244119845904104,-0.90341,-1.352146963965572
0.8646359660217783,-5.47,-4.59579140312925
0.06898520459381745,-3.1795,-3.137159450045119
0.10109961296792505,-2.1851,-2.190016492034485
1.3131058578327028,0.49244,-1.198295686499713
0.08950641191084995,-1.66,-1.725089756521301
1.7176025318396935,-4.01,-1.599857752018649
0.21829401429978904,-3.19,-3.259266140587753
0.7925159029981963,-4.449,-3.340848507248618
0.5079897337922573,-4.42,-3.937989483731584
0.2529465289725061,-5.3803,-5.503390628222117
0.9855680588156187,-1.232,-2.220417329700545
0.4528700340937442,-2.8481,-2.369583056993289
0.4393565080682658,-6.0878,-5.671153273968011
0.1471054061321867,-6.2613,-6.386273694325347
0.7609011352483429,-7.8142,-8.475200833383667
0.20175930647398846,-4.2726,-4.048637583392487
0.7876324076217657,-2.27,-3.221963050092191
0.4392122480575049,-5.8863,-5.524231374759953
0.3217614951628295,-4.7522,-4.39097005961221
0.56466827904267,-4.18,-4.760005591340448
1.270278163381882,-2.917,-1.221590446450625
0.4357077742008046,0.66216,0.2014358522719962
0.23204085080184986,-4.6547,-4.425287509219221
0.3297185478225775,-3.7625,-3.499155686145562
0.9423240115612411,-1.32,-2.440662034828005
0.14863084373059535,-0.5893,-0.6720352180503457
0.2508210781915292,-4.9144,-5.058561843591407
0.48768306685451096,-4.14,-4.785520338324208
0.7064837298276261,0.0723,-0.8692884052612557
0.061497546310985224,-1.7237,-1.711608785761699
0.2516710099856814,-4.45,-4.6066851003981
0.08291676850523422,-3.0587,-3.069344404167218
0.2210330549300028,-5.2198,-5.391034215526151
0.3683556057800246,-4.4348,-4.249639207364933
0.19648756503797388,-1.4908,-1.691516716845577
0.25487360775379386,-2.936,-2.826001115120985
0.9732889962779927,-3.2994,-2.033962675410667
0.34675500484010646,-3.7837,-3.545990421449986
0.21956091894715837,-3.0912,-2.921204600595167
0.368073189999952,-3.7167,-3.292467273264351
0.9679568339418352,-7.6782,-8.552143530475348
0.5132978205818288,-5.2386,-5.783300552244086
0.30378204142178206,-6.3913,-6.710788557171034
0.8378163770798621,-5.4554,-4.475791219103272
0.8234352035631153,-4.7874,-4.038279260262741
1.568241661563993,-1.2011,-3.296498465512073
0.5069662547576239,-3.1621,-2.711648880006235
0.17602827868547904,-1.1289,-0.9257813883125988
0.12851933647998776,-1.5036,-1.463157543806121
1.4186001377567337,-4.1057,-5.434429422900488
0.8646359660217783,-5.4713,-4.59579140312925
1.0072584565619573,-7.9691,-7.023708342792004
0.6942252274585613,-5.21,-5.454930609638478
0.3941508539044108,-2.4007,-2.754006654538924
0.4658391181032611,-5.1142,-4.731657826877019
0.325213758781099,-3.4713,-3.197010997735529
0.9910421514775011,-5.0705,-5.893463572122402
0.32619427859063477,-2.7474,-2.497616900726237
0.3333182347504038,-0.65506,-0.918051331469242
0.32738425857138304,-0.3143,-0.6235936729798927
0.23936502385712344,-2.4662,-2.365536098853911
1.502071070685769,-5.3527,-3.625509973180648
0.10486789116118717,-0.8813,-0.9622405164306078
0.1876958044160756,-4.85,-4.988197546685065
0.0981337684959926,-1.8795,-1.817098882741223
0.10062350389024054,-1.9322,-1.834369473017093
1.3021787777128078,0.17031,-1.581679670843627
0.5617045874702976,-6.3733,-5.783180203658344
0.30701587497129096,-3.91,-4.215391723117844
0.608216856105124,-3.7801,-3.174644425120466
0.3503994065790399,-2.84,-2.574208586293266
0.640165664648065,-5.0716,-4.457359312399553
0.5286767893680591,-3.0049,-3.447416946711508
0.22300355860957002,-4.16,-4.056696730507138
0.3081961361952711,-3.68,-3.768981097990272
0.82730736063342,-1.22,-2.350867455841047
1.386492478040783,-0.36,-2.328942212233978
0.37281644669815484,-2.7647,-3.088006149405613
1.0587913441140335,-7.6154,-6.154459890564961
0.3591237747041854,0.9621,0.6000222655259839
2.293129465473251,-4.3243,-6.687702358198435
0.2883840595225973,-3.0418,-2.961449703058516
0.42125631330327407,-1.9249,-2.279801592173429
0.3154022070978817,-2.6622,-2.752326563589713
0.6611724265287167,-7.92,-7.720559957145108
0.4889629647889946,-4.3487,-3.969204781925637
0.5686935000916439,-4.03,-3.307884618559497
0.536844935195402,-1.6698,-2.265786794469394
0.5775730221480785,-3.68,-3.181224525328497
0.17707540780844858,-1.9612,-1.836003903932166
0.10583480359338525,-2.45,-2.373280839865432
1.3470106530814225,-5.6798,-4.301846925302875
0.5159255513175254,-1.535,-1.104517002140223
0.45133167321493056,-2.1846,-2.649900119102062
0.4100555330871866,-2.8102,-3.182366128625271
0.6769224113218156,-2.6624,-2.445979264694688
0.7067246846388477,-1.7813,-2.571737814934892
0.1802102339953153,-5.0,-4.911554797193312
0.09882857285942384,-2.2566,-2.245472381777545
0.08866077697114459,-4.1727,-4.225842100593923
1.0778430195869582,-7.1799,-6.076376593856136
0.34790313249187854,-0.87216,-0.6172947048535885
0.16557737914503712,-4.1051,-4.31237729106387
0.14251254185218185,-2.533,-2.447578702868273
1.3403783829690832,-2.407,-4.102322364672283
0.48084799720440563,-1.64,-2.136914475395006
0.07756428604653769,-1.43,-1.389484055140364
0.4726261220641315,-1.5389,-2.051590251175351
0.27403141827225064,-2.1216,-1.824838212381953
0.597315105804457,0.13528,-0.5611622219580495
0.17433857414640896,-1.7317,-1.599750918304708
1.289959100521489,0.778,-0.87540114946269
2.0056997479624523,-4.3243,-6.180578553331292
0.19354300008512554,-1.517,-1.465226086525912
0.3899995929552367,-1.6059,-1.247652310685127
0.12057442098899139,-3.8217,-3.911792495241537
1.8118993222449047,-9.7333,-7.443449369206625
0.10231779503673151,-4.2968,-4.432945667837131
0.14155120953389727,-3.5201,-3.59894339300827
0.13334252019811357,-2.085,-2.140069220063136
0.1254468969300081,-4.1727,-4.120096705625116
0.1527150959052197,-3.0813,-2.978213826643779
0.2840324857750314,-3.0248,-2.780021388695672
1.3612981891748441,-7.9454,-6.322099723376811
0.282581836292686,-6.3913,-6.655761991433558
0.20712848382437266,-1.09,-0.969199155567325
0.37399671288857644,-4.17,-4.575189003665918
0.37147128126357337,-0.97745,-1.374682068294081
2.5562083978738404,-7.7398,-4.330801331728197
0.37063630025263206,-2.7966,-3.013671256334097
0.6279437644578231,-1.8187,-1.269393175740968
0.278982110340485,-0.65996,-0.8803980549201897
0.4279962137359747,-4.8718,-4.471314950041759
1.1015898830779856,-7.7798,-6.506137413878953
0.08806169240300679,-4.9046,-4.926941382795518
0.34295493471154065,-6.3428,-6.226142496528447
0.7452689209369397,-4.2178,-5.220680125327216
0.12355734467235907,-4.1406,-4.226111297509831
0.14169241651732098,-3.0198,-3.081586833072596
0.2554020909291038,-4.1782,-3.953604647588728
0.292672423786054,-3.3468,-3.107295073106199
1.565133317416166,-1.8132,-3.368578540111764
0.10450467830497877,-3.4475,-3.456484378359461
1.2076429476169974,-0.61294,-1.748204882270989
0.06373215705838534,-2.9086,-2.865254034610999
0.4100670683931826,1.0309,0.5791305328618547
0.4306238660696791,-2.39,-1.866380384849767
0.24423564148974056,-0.0655,-0.0192882370505853
0.32490073442883743,-2.78,-2.632920699249447
0.2931415028401399,-4.7446,-4.630379961154205
1.0186963343445097,-2.6823,-1.41412795723306
0.1464164783251055,-2.4396,-2.468294545849811
0.47859760469633494,-1.1578,-1.019195466011501
0.24991528187893888,-2.0911,-1.998468064141751
0.2649989393256632,-2.83,-2.787541696103724
0.67208479991985,-5.1939,-4.591337518108918
0.2564882042765077,-4.36,-4.233625995739983
0.4184514544017564,0.93864,0.4957406995153561
0.46542779894427677,-3.066,-3.564180705437614
0.4472184851080259,0.12063,0.480404324734351
0.6832981273412215,-4.6714,-5.302334473163778
0.8064900688866927,-5.1693,-5.794685354841622
0.8875227531641668,-5.42,-4.465665149342376
0.34296706738270233,-1.4819,-1.709474312150832
0.6734179110909463,-3.9976,-3.302854162407267
0.9025368306253942,-3.9976,-3.005241091785177
0.5315428532995391,-6.65,-6.174610558258104
0.4436347405434028,-6.16,-6.429275329751273
0.9724574500066345,-2.809,-1.716597040664344
1.2166766199987222,-5.52,-4.272036356455597
0.5803299774624813,-2.33,-2.922298743043307
0.3696942857928454,-1.4493,-1.186873249591278
0.7876967278184385,-6.0748,-5.266982905809138
0.29332118443803334,-1.96,-1.752030656773648
0.2528564137046617,-0.46,-0.5804658822280018
0.16348211654579747,-1.16,-1.193232633330778
0.7786466434132316,-1.0083,-1.92641430273522
0.42162334469379587,-0.7035,-1.187897404479483
0.3265633148114367,-1.2278,-0.8959507575674626
0.3923369236254445,-0.12,-0.49227025579199
0.2931286390991114,-3.8469,-3.757690151398301
0.39087122674031277,-5.91,-5.630978676614289
0.36710838759825715,-3.2,-3.568887400873415
0.9862287219780166,-2.6916,-1.712704076828181
0.7952305570009677,-3.7355,-2.819091392729467
0.27954316370780696,-1.4309,-1.261547590449708
0.37880704927848596,-2.0506,-2.31516902514965
0.37662750049242577,0.15091,-0.1749314121597558
0.5901899062684555,-5.5625,-5.114124616615193
0.38967508523770966,-1.7891,-2.159050812016696
0.48952771374642046,-0.5029,-1.156716729168084
0.2875603684676119,-1.8055,-1.719715516855626
0.5836567391410837,-2.19,-2.814690045302867
0.19204448808058827,-1.8759,-1.913164327927046
0.2855228905559499,-2.0787,-2.399134510817459
1.028115930817738,-4.9391,-6.147473528078613
0.0783436384861222,-0.8106,-0.7844423843870725
0.544019426445067,-4.0547,-3.670055982973495
1.067748538990517,-1.5654,-2.837623940990002
1.071567840859092,-1.5654,-2.787223952573673
0.6810329466892199,-2.3846,-3.050652809524494
0.22066127562601612,-2.4337,-2.20578210013256
0.4078804951588001,-2.495,-2.040218897984428
0.49591607358802015,-2.63,-2.074905728907094
0.5096566927230984,-1.4355,-1.992017092218692
0.2312460829921084,-3.3742,-3.254351566284201
0.14797133254171474,-4.248,-4.244689044718178
0.23542401267754884,-3.3111,-3.480165929742123
0.3076332989651826,-3.11,-3.224924481520721
1.0117705208259913,-4.4903,-5.770487920886513
0.5429371232470718,-2.4027,-1.880497324233735
0.1362179349404361,-0.2665,-0.3547117407582522
0.8966310103330128,-3.415,-4.655038039811473
0.9462070090592308,-3.7615,-2.635932564766436
0.21952844475901048,-5.976,-6.004974569142208
0.3186086749010575,-6.329,-6.357782922234046
0.36357931274897387,-2.8916,-3.163702651850711
0.7149162579567095,-2.1084,-1.256482640300353
0.19851703650212305,-4.2189,-4.085884217708225
0.3113364957818037,-3.2128,-2.99426613950261
0.22918944153710666,-2.8113,-3.05884352932727
0.22196418066073215,-3.7548,-3.657579636039805
0.06202934222610482,-4.1782,-4.134056986290046
0.35426063300874167,-2.8488,-2.483458538687079
0.47894148532755065,-3.0477,-3.506035764392739
0.7104236587271493,0.3746,-0.5114328611258607
0.3610141193003853,-0.30157,-0.0952845366787275
0.7285087834950675,1.1303,0.460265037688717
0.3148503315282541,-4.672,-4.464529028224208
0.40368597638505177,-5.99,-6.14859272354086
0.4273071734472885,-2.5791,-2.152202808052047
0.19391855425161814,-2.5535,-2.64349013083101
0.36080577535468655,-3.8032,-4.209887409397014
1.3450362156856743,-3.77,-5.573164118330407
0.37626374722438216,-3.85,-3.688369287081624
0.28233267840321213,-1.9286,-2.140206975434852
0.44189485376132803,-2.3,-1.774857590225664
0.37694371502880086,-0.9634,-1.316291259263657
0.5867190809355055,-2.759,-2.253331931984013
0.4602142194121211,-7.557,-7.240374026658037
0.2360648189296655,-0.8608,-0.7714514027420294
0.19656585360973503,-1.5013,-1.506523491255875
0.8636191822623683,-5.1282,-4.166442427881465
0.7026699056290165,-4.2595,-4.889234569273279
0.19236520934739462,-3.3037,-3.180140251826379
0.3143239180536661,-1.1236,-1.351708828422479
0.6939355298202602,-1.607,-0.7778663094947261
0.1818429336130033,-3.0301,-2.89451624473278
0.8098669941726874,-7.8745,-6.993056622573953
0.26016611124446515,-2.4912,-2.747788834385927
0.7655125905512727,-6.921,-6.182595301150896
0.2352102803677042,-1.8692,-1.685008538311987
0.1364767616770032,-0.37,-0.5388139177821037
0.8911630608969058,-1.5078,-2.608141163079226
0.14768984065669608,-1.91,-1.898507980566918
0.20493955081807397,-3.53,-3.470726657097704
0.1856786887143195,-3.63,-3.848412479538769
0.5150332354872463,-5.1,-4.641457630836487
0.11770529532313889,-4.0,-4.151966564639641
0.3633455837126315,-0.62,-1.015045863976749
0.5027304424596647,-5.5346,-4.993823826478572
0.246580951800933,-3.1715,-2.835114205402779
0.6459466712034738,-1.5806,-2.433456462161688
0.5990065661686887,-2.2391,-2.840974377107435
0.10701014471137302,-0.88032,-1.041074131836404
0.13940704553448272,-0.67525,-0.8010298387813488
0.26412260764815604,-5.1824,-4.987371485520981
0.12414776083455724,-4.6297,-4.497242606923384
0.25599265936079363,-3.2606,-3.017621534712499
0.17786756556342617,-0.63665,-0.5553666150659673
0.08271069658446958,-0.69,-0.7199389936915299
0.0752480011670414,-2.5108,-2.495626441481928
0.0218982334632154,-3.825,-3.83175185148858
1.2256389232653877,-6.6154,-5.818813859135168
0.18103620761106595,-5.0484,-5.06432681827542
0.5051343386719163,-2.76,-3.327332943582491
0.6315573549599296,-1.6248,-0.8436157716923152
0.44975434184378416,-2.5719,-2.855033070358713
0.17885398914598796,-4.42,-4.517610182462742
1.2138111357219636,-2.4221,-1.49392508683465
0.22965630343565033,-2.17,-1.985990734683863
0.2531023007599767,-1.8191,-1.972515930205911
0.6229153001628106,-3.0934,-2.343827870481261
0.5215055785407567,-2.1651,-1.662089978983148
1.0146230862350374,-2.54,-1.42940589818521
0.6911671560973484,-1.0876,-1.869400852903667
0.3970592141220268,-1.1329,-1.484421802247836
0.2753465289029117,-5.0374,-4.797834776167814
0.10576426819411436,-5.082,-4.977816104240276
0.02125281582161346,-6.187,-6.190745222344681
0.4404987775087736,-1.7487,-1.296680518344191
0.18811756550584524,-2.6286,-2.815529980289502
0.5275098526037673,-4.7932,-4.231147476769467
0.09697587300177668,-2.2799,-2.194276094032722
0.16464229461157678,-5.1029,-5.186752230158589
0.17716434259870578,-3.6251,-3.778367365604002
0.2686000047482508,-5.6657,-5.467400267686461
0.19978005543166563,-2.63,-2.405369978854483
0.24320434256153056,-1.6217,-1.933146142803097
1.0963141963231093,-5.8531,-6.651787641556167
0.6830155973496926,-4.2177,-4.763066521509796
0.16352329140705077,-0.089849,-0.1744826537087076
0.06750380682010222,-1.1513,-1.208287487666664
0.5935782217422952,-2.3404,-1.568128759616128
0.5767513488559894,0.7925,0.1434443118967978
0.176639443700678,1.0452,0.8681475591825392
0.6937681551399494,0.8723,0.0224360601158125
1.468804110398645,-2.1709,0.1623158687627255
0.26662493457264325,-4.7392,-4.843163297926294
0.7683137681951839,-6.8332,-6.240814192926413
0.5352911998069649,-0.71,-1.182729225240732
0.24739200816052873,-1.1538,-1.059189585082098
0.11216565438229978,-0.99485,-1.101984866877078
0.3232266528413974,-2.6848,-2.387365755786454
0.16825259732921383,-3.54,-3.466522349579346
0.9644408724064475,-2.6793,-1.853078357545014
1.4058836131506374,-4.1425,-2.697600625988063
1.127449949457627,-3.7873,-2.678720600439787
1.8268691584780938,0.58,-1.973818433812282
0.40709513044515305,-3.4399,-3.108605991518751
0.09370316686497819,-1.1012,-1.159223378895192
0.6638260325943455,-4.2,-3.286020832356764
1.0600127708413474,-1.17,-2.515925171530075
0.22366069092720117,-1.23,-1.414248395973313
0.9130029288219639,-1.7361,-0.5473805154324423
0.4900236789774691,-3.2478,-3.703366386495301
0.6011951699108838,0.0203,-0.6545993423231881
0.21361470410916567,-2.7036,-2.834390343481535
0.2082331923894776,-1.9702,-2.001963119175998
1.0940827426120938,-0.7661,-1.971847294001779
2.114186640169755,-5.1422,-2.198608328687148
0.7456395534443375,-1.9889,-1.118983915681854
0.313469981698971,-2.0676,-1.879848071733303
2.023745003949326,-3.96,-1.301852262137178
0.654222453520826,-4.1228,-4.87437021493166
0.7253811819225178,0.83509,0.0237803490184265
0.25560229427723846,-1.8144,-1.931482870236101
0.280820142575527,-3.53,-3.35125309381331
0.23239678505286196,-4.5083,-4.303292984040332
0.4405430331251352,-0.61497,-1.033420654064509
0.5220489666317989,-1.48,-2.083059404535992
0.6304375436382895,-2.5852,-1.824086645636627
0.32825054590442293,-1.0197,-1.356908100056322
0.825828829586008,-1.7237,-0.8025561083992767
0.46283376725008485,-3.5457,-3.082887350769753
0.6990763017232962,-3.5897,-4.345508313642759
0.42023000840573416,-3.7098,-3.337543590119159
0.15576958751490377,-3.2885,-3.233227571224168
0.36412994857815234,-4.1745,-3.849652118183781
0.3725401192069749,-0.8234,-0.4541151168632954
0.07296213477022975,-3.7476,-3.75709129016896
0.4388245586258559,-6.89,-6.399561737267814
0.11980726838362474,-3.21,-3.180969293154327
0.30719508163385667,-1.5906,-1.951337300092905
0.3593440921290629,-1.5,-0.7469593134170867
0.1980538521997076,-2.59,-2.450694368187889
0.4452053589067077,-3.0974,-2.565970817667675
0.3671181954668347,-3.0514,-3.319101558977391
0.3212182865987396,-1.9707,-1.644477089612449
0.15555621879696563,-1.3591,-1.283010465020149
0.2533675677135626,-1.0197,-1.206723490468522
0.11834956156550955,-4.0139,-3.980175573828094
0.19844452412085545,-2.3153,-2.321654843994728
0.2978216833603162,0.10128,-0.1824225253422477
0.24676375444311632,-3.853,-3.816992756595051
0.4361254451141336,-2.39,-2.816120433804833
0.3847903421676955,-2.2644,-2.388728905055896
1.051025074591616,-6.6447,-5.415518161876674
1.157645806148281,-6.1173,-4.873155491073672
0.31120595685485986,-2.53,-2.831956255965707
1.0256440666868967,-4.8772,-5.976001474962596
0.25954830797253897,-3.2491,-3.100349002556926
0.8120992496506199,-5.6083,-6.347628574285006
0.26919276959186234,-2.7738,-2.469140285837824
0.1730744371920226,-1.1012,-1.002014779590759
0.31587973496700145,-1.0637,-1.307883159931721
0.25200266607649247,-5.341,-5.520718735147581
0.6892501173132757,-6.8524,-6.244053647769015
0.4204196388732552,-2.16,-2.65337466168557
0.627733227509999,-3.4253,-2.602062872700175
0.7102107286379998,-4.8576,-5.102364693075542
0.5017704381788705,-0.6222,-1.173294682358744
0.3353349931961768,-1.94,-1.638096272455945
0.556028289021083,-3.9404,-3.406642886106513
0.5938464924878806,-2.2198,-2.891264573852863
0.24651632368121315,-1.13,-1.356610374854974
0.21525807691960178,-3.73,-3.68443731165975
0.21749500640467084,-2.2,-2.331956756443831
0.31418773986302206,-2.83,-2.504948223906506
1.0834628075893966,-6.66,-5.455699607121255
0.49929152807630645,-0.88,-1.444467967665792
0.2190603827924015,-1.1541,-1.318585729672542
0.10279789367232993,-0.49,-0.583269706108587
0.49744009496722996,-2.1651,-1.679300746336365
0.10555882273243763,-2.6946,-2.753946425269151
0.09645765574367905,-2.133,-2.207162643716432
0.18642017075135403,-2.9384,-3.189110863088671
0.1601980070361762,-3.0022,-3.142863573941048
0.34175266141853383,-2.1256,-1.819031551161504
0.06485579280850776,-5.71,-5.645233887457501
0.3752347864495903,-3.0457,-2.682568519929631
0.16774847175163768,-4.3063,-4.513963879621151
0.0645506473190987,-1.8779,-1.921742545838603
0.592157282950932,-1.6653,-1.03134134487191
0.06745401257783006,-3.6335,-3.592976541663303
0.0803833835193081,-5.152,-5.078695145991087
0.09445307052736437,-5.72,-5.772247069772515
0.38695188100670036,-0.47724,-0.9650733525547036
0.1956772758834402,-2.1562,-2.193687860333877
0.03978895058844316,-6.169,-6.195103206528577
0.5889472470670196,-3.1677,-2.517342099683495
0.39956555213085293,0.22904,-0.0428233334386204
0.4989257523356408,-0.94326,-1.459718689760523
0.34417110970699805,-4.0705,-4.173468361717172
0.2901262831725593,-4.588,-4.453919576684614
0.7734653829883023,0.67623,-0.2474785580482844
0.034421893770494684,-0.89,-0.8851154479358958
0.08925787660462647,-2.0319,-2.017282462151959
0.06856100340565874,-2.11,-2.164852578987994
0.45475835165214706,-6.96,-7.000084016048984
0.7756672787617473,-2.2589,-2.685502631977927
0.2914174952854282,-1.3506,-1.102726455351938
0.522608932769037,-2.8557,-3.495519309351251
6.8299593348291125,-15.6763,-5.294997163267801
1.4088204814671803,-3.5188,-4.878743843469379
0.4094910209093106,-3.1721,-2.679655298536878
0.33328814545711843,-2.8,-2.433116553185883
0.8017928508249664,-4.2041,-3.384253744869769
0.4033959954795139,-1.7726,-2.271670412233564
0.20682253459691044,-3.3422,-3.154139451740575
0.23063094654647226,-3.5757,-3.367717469319379
0.3424899302311252,-4.482,-4.219603312712369
0.18594108059442394,-2.2379,-2.059367290852435
0.18894884636078527,-2.775,-2.569953451838956
0.14665460728387023,-3.3131,-3.364498308210339
0.06203114948026929,-2.775,-2.759744440607867
0.08563634554970961,-2.775,-2.795096682239765
0.17881692399307136,-1.881,-1.700738917810006
0.7224223087089995,-3.5042,-4.193075324256752
0.6605971843519163,-2.23,-1.699901132947639
0.661620016329653,-2.7305,-2.032773976775053
0.41286953461098536,-3.8895,-3.693450499691739
1.448294732110322,-3.058,-4.499530676977997
1.494371058061409,-2.5976,-4.379662731828416
0.5259257063772302,-4.3945,-3.827449511591058
1.1259816433797483,-4.76,-6.020523042019243
0.2413784052922896,-2.37,-2.12068908412015
0.43287811236780127,-4.33,-4.528223081789583
0.9197940798846947,-3.3,-4.353135524415115
0.35602705202738255,-2.8165,-2.47104341718118
0.6819043486226952,-5.7568,-4.779349860208944
0.15450052669216754,-1.7355,-1.59009287836343
0.045941888811922765,-3.175,-3.204679599745393
0.09533557256754277,-2.1538,-2.244904436834938
0.046816027741191125,-1.6685,-1.647427439393478
0.2462805062491208,-6.0474,-5.724424473052776
0.251576085647701,-3.2779,-2.979865708156469
0.17012487883676206,-2.6746,-2.909179934867103
1.0821987148672652,0.77938,-0.5436343288658372
1.560438019952048,-0.90529,-2.379838284450679
4.249324638709168,0.45544,-4.74388417807635
1.9752345364511705,-8.7655,-6.084106418344385
1.5127887202716683,-9.2048,-7.039323324750189
0.46267861325465093,-3.6695,-4.118796430833859
0.7347330973890412,-7.1885,-6.694732589385358
0.9156705469188607,-4.8902,-5.920708038668763
1.1203410142341999,-5.0561,-6.311187102208404
2.479363085273022,-0.096906,-3.14320884256
0.13480706777620502,-4.6809,-4.559513044212835
0.2970146361806426,-1.7113,-2.00275836320525
2.067210760659462,-8.2476,-6.074037037788374
0.6928803290214042,-7.0248,-6.437002040158282
0.8013760030764019,-4.2367,-5.035642963051205
0.05970350932226396,-1.7528,-1.764866976071619
1.75861216855466,-8.7973,-6.427323663315545
0.06856100340565874,-2.1359,-2.164852578987994
0.3472312040188072,-5.0544,-4.700799192660117
1.1409773810112485,-1.7357,-0.872622917238917
0.6767998649555033,-5.955,-6.319149507688442
1.034916345017902,-7.0575,-6.100685307614178
0.6381327403359145,-6.655,-6.273432387591631
0.4806931169158096,-4.66,-5.023718281353604
0.24870145727762094,-2.055,-2.154057623608857
0.5644435881454142,-1.3974,-1.931148192331302
0.10738749742807281,-1.7528,-1.644977903340987
0.187927052706548,-2.2465,-2.370585736271109
0.6536785277559101,-5.333,-4.58121485427651
0.26788099713286334,-5.1721,-5.333708709676383
0.8282953822508824,-3.0467,-4.124685431358463
0.1842235604254144,-3.3017,-3.150953845612825
0.4692792705724893,-5.93,-6.291384937718286
0.2645366432880912,-1.8553,-1.997107628846357
0.30918232423526737,-1.9548,-1.659645063296097
0.07473655153248066,-8.9338,-8.923343782280122
0.4138483559262547,-3.4655,-3.172589582516598
0.25132828133479257,-3.14,-2.859657082533532
0.6261824813816658,-6.6996,-6.043482676890644
0.6271633900348172,-5.6195,-4.915130609939664
1.3807916804729552,-6.9281,-5.745982084578722
0.3534491370764754,-3.6841,-3.409865138723405
0.20217759535024368,-3.02,-2.965940915736554
0.22341997087185173,-3.2978,-3.082270434007504
0.6135628432317707,-6.4613,-6.665955734899656
0.2548759999018686,-2.3165,-2.061575927447127
0.208342671417677,-2.3165,-2.21761971145862
1.5702558735410705,-9.5784,-7.990818811291827
0.1083776845870397,-3.075,-3.104917062024801
0.4427024184741637,-3.0091,-2.547023862787529
0.30983624588058695,-2.95,-3.261481112108134
0.6888577470767,-1.24,-2.068756874045006
0.4508566072520672,-2.1878,-1.74199191771302
0.13867855887820318,-6.291,-6.146546863268194
0.17722320585500587,-6.322,-6.137969827757884
0.40408203255002334,-1.0844,-1.497027517743138
0.03680431157002049,-1.2311,-1.244692171890291
0.19894496422292235,-5.748,-5.705189817809837
0.17948431316018265,-3.8433,-3.704888173896161
0.5035172858530914,-2.47,-3.055111508586579
0.03480485368699521,-2.09,-2.063096677144078
0.9133361365993096,-0.40722,-1.119494682625519
0.2569573281723473,-4.0165,-4.212762205769675
0.2215696760417768,-6.6958,-6.771612698620608
0.3170323875002242,-6.7415,-6.597828304752566
0.5525349255016233,-7.4007,-6.709179461170532
1.2935687064673718,-6.44,-7.767589656752532
0.472594087627966,-1.9548,-2.48016839201803
0.41330161016775685,-5.128,-4.689410927654441
0.20477636733094737,-2.8374,-2.756229422616639
0.14083628660124003,-3.81,-3.713640123158397
0.13198702775703022,-4.4997,-4.417456665834386
0.28190332968385456,-3.68,-3.882929687659992
1.4176128648510207,-5.9826,-4.367338025301944
1.6509350947927997,-9.7942,-8.178258543364533
0.04756464510990182,-2.1018,-2.116720215304156
1.408864470630918,-0.5781,-2.138479283452319
0.5849356467074874,-5.4631,-5.137113112024005
0.41703511583419145,-5.1561,-5.40958934247813
0.16844629408766104,-1.8036,-1.980110561119739
0.12727250203947343,-3.0542,-3.032228799889994
0.21804127031653756,-4.325,-4.152880884710667
0.28920046080369444,-3.7759,-3.625645759477924
0.09990277242965913,-4.43,-4.37407901738114
0.5043006423436507,-3.9627,-4.409814594588801
1.2711251251241162,-5.89,-4.424593044185989
0.4417273109888012,-5.23,-5.454850287946247
1.6686981098688947,-6.9568,-5.061111794644052
0.4718854990733589,-6.8531,-6.749546943132603
0.06976631083261539,-2.744,-2.679122107331939
1.871536109616678,-0.097522,-2.211969699416574
1.2599553823982426,-7.3718,-6.011164719842008
3.4493358938218073,-8.2438,-4.030111229691544
0.16663677634667892,-3.8361,-3.956694679193557
3.1597387061082016,0.77578,-3.616096202212495
1.4132574989239148,-4.789,-6.616388612367594
0.5800238860640688,-4.4101,-4.170814955919094
0.9189249825578348,-4.6025,-4.253028830352087
2.502936185359729,-4.7818,-7.717872151615779
0.45908105594678067,-7.7709,-7.829225165459188
1.353146300007307,-0.019516,-1.335478604626867
0.6084016977668152,-3.8037,-3.300301842620466
1.70248832273816,-13.6194,-11.53359681585977
0.7060356211667398,-4.2461,-3.497841107512353
1.7855544431231383,-6.3277,-4.236419909863155
1.1987133537544061,-7.38,-5.94905450386563
0.5828883597227515,-4.5799,-3.948293315880361
0.35813967201120034,-3.8,-4.201651703992916
0.44228323667434194,-5.3846,-5.57407783289543
0.5853298557195168,-3.9885,-3.565222562986123
0.30484161807368493,-6.4372,-6.244300157419114
0.5289014404955549,-4.1,-4.72777812564135
2.029842975724503,-11.3589,-9.07278145508882
0.22951667900439834,-3.3016,-3.107896045687572
0.0962665333445351,-3.3174,-3.312974068959291
2.8755939669390513,-0.30451,-4.744963327260805
0.8713825355395096,-3.152,-4.233808049337199
0.4854600272605733,-7.0366,-6.739361090286137
0.5138167908130507,-5.29,-4.978411295334297
0.9491566779494598,-5.6451,-6.514153348024498
2.283644739940486,-0.34297,-3.118801777412246
0.7209766358719076,-4.69,-5.339885185980657
0.4351109391475514,-5.8,-5.523355593242698
1.103437711175414,-7.9318,-6.457712078071202
1.2954985606455396,-5.0625,-3.43212803769016
1.2265366009415026,-3.8987,-2.587675573475322
0.9804994542055102,-3.8126,-4.860652758546931
0.9095461552400043,-5.8676,-6.806356194133483
0.9906285094010501,-6.7708,-5.714400941330359
0.5504743019517777,-5.9847,-5.521561686640614
2.331127800406854,-6.707,-4.210012014163253
1.5407512888304427,-0.83082,-2.193016314433454
0.6664338380167675,-7.0213,-6.524345928010536
0.737900676710185,-7.3357,-6.97509390624778
1.0639327261668763,-5.6136,-6.686384906634549
0.8587924847883974,-6.682,-6.157989304323914
2.2760386020762993,-4.9004,-7.781786426659934
1.3054058755719853,-4.0223,-2.997562100247129
1.7561669819105052,-7.47,-6.173685541731745
2.301223011471889,-5.3735,-8.154625880424884
2.1508600501319948,-6.9059,-4.258789992017703
2.2926283300840864,-1.5041,-4.5493292105989
1.6443859869363333,-5.6692,-7.265569159577414
6.570915192713957,-17.4685,-9.14263374876334
1.9531607304713143,-5.473,-7.478011945817917
0.9767980753956895,-8.9831,-7.856580253130252
1.444223942988203,-7.309,-5.916755935777161
1.9094722119592449,-3.776,-6.109789260906716
0.9136235228045311,-7.3281,-6.573301764452383
0.9070089436872283,-8.33,-7.440697337453897
0.6382827137395229,-5.8571,-6.047753257155387
1.6240852078270296,-3.741,-5.751853240251839
1.1268246600099174,-7.4553,-5.951426435144469
1.155652511136389,-7.506,-6.148370670558419
1.3108568899996984,-3.6933,-5.075468392042286
0.6846041190770801,-5.5673,-5.375781981446
1.682396938621819,-7.1338,-8.252233392592228
2.2588840879312304,-3.2603,-5.537247969509287
0.43655654173434205,-4.4237,-4.584825133845206
0.6552512843456049,-3.3043,-3.992192676979391
0.5535843171735275,-2.5574,-2.157427594504705
0.4572357715796339,-6.2954,-6.192050310687045
0.49464753311230836,-2.4564,-3.007391115828829
0.4500594441538447,-4.0453,-3.628025097283317
0.6170876733796407,-3.3605,-2.767169288679043
0.6300363219294828,-11.015,-10.33710883223335
0.76673304416162,-6.7572,-6.255105359793536
0.2730210425490352,-10.4936,-10.21389671738796
0.9713298418677525,-6.8496,-6.06364256458562
0.4829573015752457,-2.191,-1.648946735708367
1.7561147133787918,-1.8797,-3.761008448256346
0.4063321562143123,-5.4602,-5.108025633383309
0.48180866008741596,-4.0221,-3.702821750399686
0.489894267276581,-5.4,-4.841593668247673
0.7017675168954177,-4.52,-5.304644911281702
0.6917046663193942,-4.67,-5.423623036551582
0.32611266959381274,-8.808,-8.939752562957711
0.28593343114713166,-5.9477,-6.140686742752946
0.47585606093537725,-6.4089,-5.835765423656532
2.195571751184192,0.16,-2.787064616726171
1.020831993452787,-5.4025,-6.609948952318332
0.06798983846010499,-5.1531,-5.233266574345687
0.5359041240854071,-4.42,-5.01567479107403
0.7931982873798182,-3.3588,-2.435287381855544
0.17462440888554823,-1.456,-1.457509947942309
0.5245711870683311,-5.0532,-5.426266138539536
0.41136895642491633,-3.902,-3.493564590931184
0.27978236228240794,-3.949,-3.651566687433543
0.9404914955912161,-5.0459,-3.759455957790904
0.5475207922821218,-3.8168,-4.342862377511421
0.5284312582824913,-11.015,-10.47968479008023
0.7667374584974042,-4.15,-3.178583479599189
0.2760564057926664,-4.5312,-4.759925639662223
0.17708836711618492,-0.3825,-0.4739001162953954
0.7849205930063394,-5.02,-5.555562901575209
0.22937202893627093,-0.6,-0.3514269378728854
1.4811367353949536,-1.14,-3.18031337372367
0.14177748649988411,-1.89,-1.767636708984948
0.3983068761422721,-4.3871,-3.882475460508434
0.26122188164160504,-3.8158,-3.555329829808068
0.18854095309215638,-2.8248,-2.639582059682614
0.05807188321988832,-3.5962,-3.660553984741043
0.39742238831312465,-1.71,-1.893736584575483
0.19761382205753644,-4.7642,-4.738856997920855
1.8672371020670864,-5.359,-6.683476169546999
0.19732254976863112,-3.52,-3.477807710847388
1.1017854144661618,-6.2405,-5.255967008462095
0.7958786959489546,-9.45,-8.915870848436725
1.217753994446801,-1.9055,-3.534820295200504
0.24263897116593913,-4.4075,-4.168865620553651
0.26265509737990755,-4.3066,-4.417684020702707
1.8712937316237745,-6.2823,-4.202105349992843
0.5250571749628505,0.9602,0.3996910393550834
0.3120655541238442,-3.09,-3.335656256152647
0.7888995228215543,-1.973,-2.774055818736047
0.5169094703099227,-0.78673,-1.305649752269079
0.33983914385609476,-4.7657,-4.37841506891373
0.6956832521939734,-3.7539,-2.981830134235726
0.518820574657131,-2.7191,-2.18364229089294
0.2128287503851342,-3.7384,-3.621399231456976
0.06961852225783668,-4.2687,-4.206520014027835
0.06961852225783668,-4.2687,-4.206520014027835
0.5244535083977534,-1.3994,-0.8026682661401074
0.06961852225783668,-4.2687,-4.206520014027835
0.25823806239649566,-1.391,-1.548134725645128
0.3222655943474031,-2.3387,-2.625691871770058
0.6135219490715754,-2.3387,-1.58891069736292
0.601395529172622,-2.9848,-2.344412877116577
0.4274753905176458,-4.1796,-3.758381039785352
0.8011898396401971,-4.87,-3.961540701686452
1.1925935180195844,-1.63,-3.194606711245493
0.29625892553626976,-3.34,-3.064912469951566
0.5228815453149174,-2.4426,-2.964642525861623
0.10333468235416118,-3.6335,-3.605856810718145
0.1732616892703086,-2.3416,-2.229041872323067
0.3979388480378177,-5.8954,-5.506029368874699
0.9493784299783495,-0.60599,-1.503784661086879
0.27671724105680123,-2.21,-2.374154035914637
0.26495454019903086,-0.039876,0.2729871482950779
0.3792207490791132,-5.2826,-5.73051962969066
0.39867930582579836,-5.708,-5.493562389882005
1.8116499793929375,-6.5828,-4.11693342120433
0.187227273222808,-4.8767,-4.701314434292856
1.198085317385436,-3.1335,-1.511057750472736
0.43716597770066956,-5.3525,-5.198837390219939
1.1045530078699757,-4.9058,-3.873558767229538
0.853946242750281,-3.5995,-2.927375822213004
0.2859710357978677,-3.8682,-3.577163278905278
1.1806058165500621,-3.8106,-5.171486594407744
0.49858871177667985,-1.2899,-0.7740504232008469
0.41291606073304676,-1.6391,-1.817954524516756
0.25021268124777846,-4.45,-4.579295876596596
0.31356201711340903,-4.8573,-4.500259245621711
0.4364131016047191,-1.038,-0.690411026031324
0.23042945492507516,-1.2504,-1.005780980199318
0.23193147922095997,-1.9749,-2.025525111864316
0.13516440867941618,-5.4,-5.316743771327319
0.13194245966768564,-2.6546,-2.713909639433666
0.20344932062616486,-3.6934,-3.782601820301485
0.24989744787519869,-3.3514,-3.557866029090864
0.7892868156461565,-4.4261,-3.579535360180472
0.5489695481426269,-3.5585,-4.047956704779249
0.22466352016384455,-4.2004,-3.998892125113037
0.038854980614131916,-3.1405,-3.166517074776038
0.16986309407891045,-3.296,-3.138328452557668
0.6276710946360808,-7.8941,-7.185316079636531
0.1604389810603746,-3.937,-3.889772963174364
0.04016542887962829,-3.1405,-3.177112046731171
0.07863843201525084,-2.6057,-2.575869036460813
0.3322619548657779,-3.7817,-3.3649579421693
1.5787749564315467,-5.4811,-2.970323466801084
0.3065701558502738,-2.6534,-2.435082787843183
1.9429887162694062,-7.1359,-4.685947746713348
0.9813510118674516,-7.0122,-5.532001840771026
0.6061905386027995,-7.5145,-7.134296975945892
0.3630918515786547,-6.1875,-6.552552653368391
0.37748169242572865,-6.1875,-6.586952432660663
0.2457001751950719,-0.40524,-0.482348195731034
0.29316039663703924,-2.4029,-2.776072520740192
0.23300633378244295,-3.3224,-3.115547021336061
1.316121601296387,-4.9587,-3.196866812909314
0.2097745305122639,-4.4276,-4.545711713725254
0.12444447971867843,-1.2504,-1.220496754074434
0.45658907249104724,-0.5084,-1.111661846564887
0.4061769459000463,-1.9402,-2.226883260696545
0.6923439940348005,-2.8822,-3.49429299090748
0.6018376893214333,-2.6688,-3.211767396840132
0.42522175245694066,-4.19,-4.659976866138572
0.3769464973749664,-2.8069,-2.418856706349514
0.5397746743760963,-2.6995,-2.223440869090585
0.3299349042991759,-3.4746,-3.264217699070034
0.1896534020974738,-2.18,-1.971755228773786
0.34054360265060374,-2.97,-2.768401361731543
0.4474128046098083,-2.5191,-2.942424615664852
0.31631367592561394,-2.1819,-2.113700207796608
0.5388789315269763,-5.14,-4.818133899940335
0.23730378168739488,-1.021,-0.7282386405863208
0.45059208714374493,1.2283,0.7686306809140371
0.2969165441580494,-4.4198,-4.108477257637543
1.1642669152977505,-2.8014,-4.220171714686282
0.4511295090401374,-2.3791,-2.947963676039624
0.25442831990178016,-4.2798,-4.033917336421973
0.49695061145205893,-4.86,-5.000913276589939
2.7927270675544373,-0.35,-4.093092815943931
0.3555478552636764,-6.0591,-5.855335592276289
0.5277631400591843,-5.5968,-6.00087269425582
0.16696630554849598,-1.6107,-1.511337438435087
0.3510392681713876,-4.115,-4.485577255150544
0.36998877642527966,-4.2681,-4.64840259156916
0.202137535911602,-3.3792,-3.349191408482936
1.153397599028752,-4.14,-5.657943629130763
0.2650183094593162,-2.5387,-2.305798305591336
0.03327386044720246,-2.6535,-2.673467170682908
0.44658815276755237,-3.6231,-3.172591434646988
0.9232320775611353,-1.2383,-2.281686420756784
1.355753566834473,0.49918,-1.218567260777967
0.7870324979208996,-3.02,-2.116545894267301
0.24505628075924843,-3.6075,-3.725444619402098
0.12020592889645104,-5.3268,-5.207126956419412
0.33409862204062163,-0.16492,-0.5417243276781725
0.34769635683368705,-1.78,-1.867599187825514
0.14777650336337123,-2.67,-2.654310289556564
0.24416003035508602,-1.8583,-1.624168912489046
0.854692760393899,-0.617,-1.632077229821439
0.1895310653528035,-0.6598,-0.702003227617608
0.142614061274011,-4.3363,-4.241665750884855
1.335906996323309,-3.48,-2.407492037012037
0.19355158174004825,-1.45,-1.689798772368682
0.3602468934354461,-4.2032,-4.600696587729878
0.1617441117734238,-4.221,-4.10125211685969
0.07146649971097473,-3.4957,-3.549700483510053
0.09458365605963871,-2.6198,-2.68902357972707
0.0926087511536727,-2.5649,-2.508614356499179
0.15887033478080195,-2.0514,-1.909549515287948
0.12658706910369977,-0.6703,-0.7091897248077162
0.53229519098994,-4.44,-4.911779415218021
0.7450723778995448,0.9275,-0.1065590353201081
0.25770783079897375,-1.6848,-1.738151678940053
0.20859548600520306,-0.6592,-0.5265276104615602
0.4290101809333968,-1.95,-2.277106445186338
0.1663292778785863,-3.3,-3.221970798076332
0.18669080805167032,-4.3869,-4.322701732575048
0.06753305326219494,-2.5596,-2.623071506902661
0.29399558873495313,0.71736,0.7676625312770404
0.4192334438051121,-5.0574,-4.825087775077828
0.3251635971785845,-4.7337,-4.367529543696024
0.34161977679162575,-1.27,-1.660864188302463
0.1838459508093825,-5.5851,-5.488692986005574
0.26753161451434604,0.5321,0.2959468433945618
0.475049879788288,0.995,0.4542311632000822
0.4202421597552947,-1.1617,-0.7523056891557787
0.33447094350480755,-0.26675,-0.5161091341931572
1.3653612354761053,-0.50253,-2.408936707075006
0.7930740928460693,-4.2302,-5.202131214790624
1.5117175954198485,-4.38,-2.712983626916747
1.5117175954198485,-4.26,-2.712983626916747
0.2550745227478469,-2.3217,-2.295270528618477
0.3650741528631598,-3.806,-3.54322980545434
0.17579897292978913,-1.6302,-1.73254634301014
0.23579252006470727,-2.2456,-2.170130713934847
0.6425220830534173,-2.8656,-2.195330287832327
0.49457203323378074,-2.8882,-2.427192173565111
0.2040606948161834,-1.8899,-1.864639947947941
0.9209499005420438,-3.36,-4.52646886503102
0.3438475078455088,-4.38,-4.725270079772319
0.24191587521801125,-4.031,-3.785519759285184
0.4553671362917322,-1.1987,-1.750058195684889
0.2808338098148221,-4.2257,-4.282628457439465
0.14268704328721502,-0.23161,-0.2437262239003762
0.25742913974204185,-2.198,-2.241151390194705
0.6090261938119536,-0.40669,-0.7326438999316859
0.3822314895552212,-2.4694,-2.768825396416661
0.17244293916196315,-2.0266,-2.012690665896042
0.3477442825343403,-3.03,-2.654153080701724
1.0163242377724409,-4.889,-3.70873369459183
0.36537594355666764,-3.5959,-3.264350043688538
0.16281331721111253,-3.7029,-3.597446080215482
0.32622980587622585,-3.082,-3.303512140153943
0.6380913932139339,-4.5358,-3.884832766806095
0.2459093722529848,-2.9563,-3.125565875591952
0.8018887927167703,-2.1412,-1.64437004549854
0.21589195460635158,-2.2205,-2.415953446814697
0.88326970415755,-4.9348,-4.290672509996134
1.9942785182240426,-8.6861,-6.168786211249969
1.9080663159551674,-4.5957,-2.307992975092731
1.5529873943082262,-4.5958,-3.103667048073876
0.45300966432105283,-4.6942,-5.155314616070205
0.1676926633237946,-5.6844,-5.685118188544127
0.5225195475752971,-5.2164,-5.740633627037878
0.29070200626124093,-7.0923,-6.943752447486809
0.24898828023281586,-3.1119,-3.220336514887729
0.593246182508571,-2.3893,-2.67034667310689
0.7679059568739416,-0.15111,0.6633090707914778
0.2182613862579057,-5.1622,-5.230224300188373
0.6034563490221688,-2.6671,-3.134680522862609
0.7272127548653222,-3.528,-4.428696587252826
0.5021319320332112,-5.7779,-5.192075497528752
0.8680289551628618,-7.8745,-6.866793583073065
0.7241431253045899,-4.1269,-3.253500857410443
0.8420180019898118,-3.6736,-2.59620550553316
0.4891901594598154,-0.93772,-1.385721971771491
0.24674864449063363,-4.2169,-4.357520273828141
0.27042967101693977,-5.4947,-5.473402772126381
0.5218671545012536,-6.9325,-6.404776418389312
0.4732392834315781,-2.5129,-3.092605302537287
0.6132780090435594,-2.2962,-2.804852325747303
0.12398062890866506,-2.1348,-2.223941023431764
0.9820033058854939,-6.6967,-5.8465359049837
0.26204945832828347,-1.9538,-2.235613144640426
0.10308877039638575,-2.5946,-2.539875202692611
0.2199126396325296,-2.221,-2.435052710491195
0.8174925464114523,-4.5405,-3.823831131282396
1.5073754433418582,-3.1739,-5.17296628640653
1.647421392654749,-1.09,-3.382452348828861
0.6812470179171897,-7.9053,-7.309277704830719
1.1265439893271934,-0.11316,-1.225132898205782
0.7615416193500901,0.17154,-0.674322409665
0.9995181158111955,-7.3154,-6.479532607644311
0.19229162922608403,-3.0334,-3.151457671960745
0.4121694708740925,-4.4548,-4.328772818606147
0.8714807134514543,-3.4377,-2.496787364202021
0.3467109555233716,-0.96,-0.7029296767096711
0.23271319961284034,0.37821,0.2250533268608182
0.8459413239802096,-2.86,-3.784048050760151
0.20677599953536302,-1.6625,-1.835688328640342
0.5739688390761425,-3.6384,-2.996070616327655
0.42790046288775485,-4.17,-3.982026272983958
0.6045178861674728,-3.1882,-2.698896810156955
0.15617063060305128,-3.9364,-3.749813741279661
0.03553097817396398,-4.1671,-4.154603325269411
0.07300747929123258,-4.131,-4.214529523320839
0.24317745021497505,-2.8305,-2.999094814430435
0.05308484551182161,-4.131,-4.17473120936681
0.03941769053788051,-3.3658,-3.364332915290972
0.18482801749595035,-2.6898,-2.880775074314394
0.392341460650536,-2.5,-2.088845834659729
0.6352861641097395,-0.75832,-0.1444559316337529
0.8260181603938912,-3.9356,-4.721773752589714
0.4004182588483687,-3.1378,-2.74634620808403
0.4007517289661092,-1.83,-2.218453758969078
0.4007517289661092,-1.8313,-2.218453758969078
0.4430825694256184,-3.0554,-3.368869823183472
0.26812263239000794,-1.4567,-1.263663226841715
0.3800760984153955,-3.7343,-3.33937291574695
0.13624340861113726,-1.9366,-1.969359553708534
0.5202973542433803,-0.21,-0.6552245650469234
2.9449938803028406,-1.391,-5.043563539428545
0.40835129182775576,-3.1922,-3.500438247324225
0.12488302401402722,-1.676,-1.667259503683813
0.3682896211001475,-1.388,-1.699233333979345
0.32334936765295275,-3.98,-3.879825626732069
0.4037440790347393,-3.7082,-4.160326442037118
0.8393685120354177,-2.0748,-3.025108820892266
0.28044158534818253,-1.1435,-1.006504989711414
0.5411064018860346,1.1359,0.6095350317119647
1.0250591766806336,-1.4617,-0.0927064416656756
0.4649145663047543,-1.04,-1.424486317539209
0.1603497216265258,0.73223,0.8389364003455935
0.5002097546348542,-3.0168,-3.299591073304869
1.2045779439874886,-2.3548,-3.88268157078702
2.53590013744426,-2.2216,-5.720066966444847
0.37190641031586585,-0.5606,-0.9787869547005764
0.5971668158068286,0.17662,-0.3473323411763322
0.5520974364327631,-3.4192,-2.919504682477142
1.773341009433895,-5.5887,-3.575398645175353
1.2493507048525345,-5.6216,-4.026651671788811
0.6993664672436515,-3.6935,-2.909095593391252
0.7303551454423416,-1.236,-1.830622468478763
0.9144088733833909,-1.19,-2.432470540119597
0.5969993496342672,-5.9804,-5.293791459089285
0.3362634517742243,-3.3275,-3.53140694562221
0.9800047022574293,-4.2627,-5.38273590239849
1.1862162334592954,-3.4264,-4.591695879792826
0.2025538503253089,-3.4011,-3.2905682299709
0.1258376732526309,-2.27,-2.170112234300492
1.2704383165306619,-2.7,-4.247313969070563
0.5468735232738428,-3.7132,-4.266141486513119
0.5803379424379783,-2.7055,-3.267150052941464
0.36215621095636785,-2.9594,-3.385882824953777
0.21904500036176708,-5.3186,-5.11289502519646
0.11117566239389534,-3.1576,-3.222531250152442
0.994469940919283,-1.5255,-2.629054127665288
0.8184031309131206,-5.19,-5.843578896484
0.33250163928614024,-2.6911,-3.057707079465379
0.3682700390305421,-2.3571,-2.608833865918539
1.1261351200103211,-3.5282,-4.819451813811777
0.23976486730808383,-0.94918,-0.9049295178605482
0.2613543984927763,-2.7195,-2.818629593128429
0.2922104136761751,-3.37,-3.650172486341528
0.6120440913143956,-4.24,-3.486381451795176
0.30482153072126955,-3.39,-3.087940103339253
0.15256324563562548,-2.0985,-2.139813175748972
3.245881222296749,-8.0944,-3.391123579169647
0.6468044148956831,-1.4535,-2.254337806866006
0.3184877570807704,-2.4097,-2.087201449205375
0.15946101544006946,-0.66,-0.545350185224454
0.34279803403834286,-0.82955,-0.4739325520999022
0.2922546774116181,-3.823,-4.03155302095021
0.9275614064752218,-3.7441,-4.767553996304975
0.13675668749866027,-3.0256,-3.002022674769703
0.3893554515721304,-2.0546,-2.468546596034254
0.6723208754248552,-5.5108,-4.605507136665781
0.20103973991037985,-1.6795,-1.760841837365525
0.9880981152279408,-8.3764,-7.298810139130607
0.2023586084793651,-4.4095,-4.22044321837866
0.18816275914820055,-1.67,-1.801283622366424
0.25892954389513423,-0.2541,-0.5125281879814347
0.23854110740294157,-2.0024,-2.18447633172041
0.5917494173037876,-6.0204,-6.437213929564699
1.7151028810686717,-4.3945,-1.834058169921094
0.9450633769299283,-5.4963,-4.403157254022564
0.36552444466727096,-4.7093,-4.568318204429268
0.6690553324809148,-1.57,-2.297653969607103
0.30784227563459615,-2.7628,-2.920759287399956
0.28857013035810813,-4.1181,-3.882983684653849
0.20586511843731473,-4.1899,-4.181854170426274
1.130941536008867,-0.55,-1.914311378808142
1.1891788761954618,0.65,-0.9624769370824416
0.7223249232708504,-0.72876,-1.60050961928906
0.32416285250639804,-1.3267,-1.582680739950997
1.0249146184024638,-0.47306,-1.721832818064418
0.5214221773165219,-0.84432,-1.434490034494337
0.806591714702611,-0.94488,0.0083119699278894
0.1698459314295635,-1.65,-1.595198847926036
0.3710991753104097,-3.6749,-3.177361979118177
0.5945232483873834,-2.34,-1.844129719655234
0.1776411337645253,-2.43,-2.514780620249658
0.46283295000097097,0.54434,0.1602772361980072
2.341764995853551,-0.25993,-3.788282517152769
0.17986228815790273,-1.4719,-1.630339247246332
0.531675939413091,0.0909,-0.5072981071074789
1.1561828931752125,-1.6464,-2.957700819384599
0.16443698407527257,-2.6546,-2.742116987131171
0.8668394676149477,-4.5478,-3.256716546647942
0.4390783272854357,-4.5406,-4.141854521017133
0.4726062949804776,-4.5406,-4.116806068679711
0.47119798868258195,-6.3334,-6.519282293053339
1.022953119764736,-8.8336,-7.87166435280141
1.6260495077557378,-2.4058,-4.359236537021864
0.21952715739894518,-0.6407,-0.4683939657396346
0.07651165417658344,-3.0528,-3.08864149744653
0.1806728789796259,-4.4634,-4.384185853806589
0.060270771621023095,-2.977,-2.945840883393942
0.3588740648374477,-4.1122,-3.944711934064153
1.4144875365916474,-8.5879,-6.961293825676133
0.9427600375765234,-2.41,-3.560480652765463
1.9261494037223228,-6.0176,-3.510404930024819
1.0830755352563513,-6.6649,-5.738331522646464
0.8013658695440897,0.20283,-0.7863696587944415
0.3182296153220911,-2.3211,-1.979772145079007
0.15949135377124884,-4.72,-4.703919625633604
0.540392431941263,-3.9111,-3.409164219920069
0.4715419700836349,-2.427,-2.919973980727421
0.5947110503405664,-3.3328,-3.922882963157923
0.607752570922028,-2.079,-1.919357542075094
0.607752570922028,-0.82,-1.919357542075094
1.3761589046717637,-4.5,-6.190336142582409
0.4605593489049923,-4.0684,-3.57363752832879
0.20131269409340638,-2.1122,-1.947097447129629
0.16166186220522116,-2.4532,-2.33671253914011
0.2796841313240237,-5.1866,-5.350293957436644
0.3462599589474617,-1.8869,-1.534030705972553
0.9435427147258708,-6.3994,-5.75566994906564
0.7601235048844558,-0.79086,-1.624830563283158
0.15463234980627819,-0.92,-0.8037798379445837
0.2867606798668726,-0.45991,-0.1659502853997407
0.2551931838457284,-3.0827,-3.245287888694604
0.4465308417551445,-3.1731,-3.444581340915064
0.5039884847173906,-4.4393,-4.434222750537051
0.5074154599685555,-4.2056,-4.563495781899434
0.5229208443238372,-2.5941,-2.888402913343546
1.3694836780433888,-0.6835,-2.607909745377641
0.2102269120877105,-1.8774,-2.006355404438677
0.2692078286557937,0.5112,0.4251201493153238
0.7549731915451483,-3.5152,-2.453471241923207
3.290005538249186,0.2956,-3.938829511200798
0.32411098911123126,-1.0635,-1.203711466692261
1.5240311710119478,-1.4589,-3.366456598963409
0.599341404452039,-3.0376,-3.545639716082633
1.2965918470204294,0.68148,-0.7211138182345791
0.38502823553144466,-5.7524,-6.000670750364862
0.17985455816752036,-4.19,-4.333057838356474
0.4944618346606371,-4.814,-5.249179267373371
0.34486251962221376,-5.2917,-5.047593938955719
0.25308833633561034,-3.58,-3.600668704384113
0.5253373960799174,-4.1322,-3.730692596581005
0.20317123014261168,-2.338,-2.372516067630824
0.3450374100484477,-3.66,-3.729672598768846
0.5644629550623878,-6.34,-5.681901739790379
0.4051079945687979,-1.5384,-1.889129011192957
0.5820252356197277,-5.4691,-5.095726479932079
0.6067057484251854,-3.5924,-2.938039476144856
0.38538680675739834,-4.76,-4.475232320387222
1.2633411211550467,-0.15743,-1.612993147127413
0.43448174590111877,0.21838,-0.0569608865357246
0.24732823626741415,-1.927,-1.727644876682193
0.8236440388282112,-7.0341,-6.353992653336148
0.38472214331751675,-2.7353,-2.442679845329724
0.3327027313431843,-1.404,-1.782390665861819
0.8104440046239526,-2.09,-3.164109061820802
0.6786643568736349,-1.109,-0.337636640262983
0.18736888165297952,-2.5151,-2.550041567719321
0.3381934672345481,-3.3329,-3.066936918224246
0.16564257816469388,-4.9999,-4.901434079093997
0.13327804835579735,-4.2917,-4.340755106913605
0.2270646358381948,-5.4259,-5.548433805690152
0.2919657496756769,-5.6522,-5.839493013081798
2.0500539098418233,0.20982,-2.5333674486011
0.18776190243099314,-4.6179,-4.584434745238047
0.17929642203991528,-4.8312,-4.98374350024454
0.3349217295594941,-5.0349,-4.721614125437549
0.9241138613047609,0.4582,-0.5886110919110877
0.4723648943656007,-9.322,-8.889452598984946
0.19218048330309428,-6.2021,-6.234599334587145
0.18779508175243748,-6.993,-7.108824227906151
0.20880969515391953,-4.2619,-4.19599551913165
0.3802623584169222,-1.8451,-2.063985794883668
2.553818822244364,-7.0855,-4.152075602184178
1.4546974514093016,-3.8415,-2.219527408879678
0.3440896172820945,-1.8711,-1.706565413361321
0.38690052186879115,0.73503,0.4307385377261493
0.2826724128499174,-2.8422,-3.084861675088138
0.23067677785310625,-4.5872,-4.632844222030987
0.1949564752523799,-4.2072,-4.408078946701258
0.6759418718592759,-4.1648,-4.490774947486845
0.5780020979810511,-5.9061,-5.381150769761852
0.4122004121153512,-3.9992,-3.520053732639965
0.3958136978786209,-4.3715,-4.549896071315242
0.1022171733469516,-4.0474,-3.980450742028099
0.18744734119515502,-3.528,-3.339479557298224
0.09924024612394809,-2.4903,-2.384743761312266
0.12667817767632086,-2.5284,-2.436565903533626
0.11079650271931446,-3.8046,-3.837530417565628
0.08666330338864368,-5.4026,-5.475263925707289
1.6361435673051352,-7.8662,-6.037226847093244
0.08839290414719268,-4.1086,-4.056781318159986
0.26646651148416667,-3.6278,-3.335657185691018
0.6216508940803708,-1.6913,-2.158805894573764
0.28768084048346443,-2.9027,-3.15689046767635
0.4587077161305448,-1.4978,-1.112408736260199
0.6659003087911134,0.68264,0.1550638968336989
0.335821943432814,0.6869,1.015474429528002
1.4623126354797649,0.074815,-1.699950095258883
1.0375818263924281,0.7916,-0.3425155280349212
0.3343342239382524,-1.812,-1.577562601452991
0.12375462049992178,-4.111,-4.034362903633073
0.5573957191770481,0.81354,0.2426536357159957
0.335821943432814,0.6869,1.015474429528002
0.4182892215796221,0.76035,0.3584277864313703
0.3112982813732665,0.55064,0.2967019183671488
0.48301474414379525,-3.0615,-2.715327707923983
0.23915830921027395,0.73839,0.5655196388649681
1.1138625020776352,-0.89635,-2.29607140350852
0.6721427023382399,-0.64825,-1.249262196710524
0.9916422259057959,0.66037,-0.2513073435508775
0.4913446156815877,-0.81677,-1.277743111284947
0.3317652911337926,-3.5794,-3.815357918228464
0.20728440236208734,-3.8911,-3.697460739599376
0.35601190928191534,-3.4824,-3.853839028174838
0.34257440050806265,-5.0717,-5.294947062791257
0.1935991041386562,-2.8487,-2.779762749106765
1.1880933644720164,-1.7434,-0.1875447597561926
0.5747166652957407,-6.4663,-5.734270604044235
0.644874003339158,-1.7081,-2.448312916068947
0.1251072498119922,-4.3132,-4.341084845878918
0.4174667753962882,-4.4914,-4.11902829936735
0.36727399395919647,-4.693,-5.004173517289177
0.5256450629861196,0.77564,1.104440639839358
0.6638727622680836,-1.0041,-0.1849213873203764
0.08663817336545371,-3.6624,-3.614958624397218
0.5273460935060397,0.0829,-0.314116266390072
0.06664931889764068,-1.7068,-1.648908215311714
1.3634914081784744,-5.586,-4.179860917206137
0.24614266413549096,-2.5644,-2.584911317484509
0.6548333162393063,-5.4267,-5.778119373770885
0.531508709859628,-4.23,-3.618731282725249
0.22395486321535493,-2.7223,-2.767071484513431
0.1397889968763341,-2.1675,-2.153885410846024
0.08542050418109688,-2.38,-2.330989692348137
1.4452697267957262,0.65028,-1.121185115515164
0.04978298200564737,-6.8644,-6.908198348139011
0.025249367363276765,-6.29,-6.292057052681571
0.025249367363276765,-6.29,-6.292057052681571
0.923576061458856,-6.5362,-5.416801416535193
0.23291375744408932,-7.92,-7.761090724019327
2.3484203793571243,-4.9408,-6.709471345936135
0.413819629165094,-9.1,-8.650970202237108
0.20049204233513904,-8.27,-8.159221936981462
1.227968662602682,-7.281,-8.740959218875503
0.21765035348961237,-10.1035,-10.25622015943749
0.3130902440644558,-7.32,-7.690950747284516
0.24024958642202235,-7.91,-7.622975807202387
0.31798718873063014,-8.3506,-8.075206715958686
0.22922793738508168,-7.21,-7.41316503625562
0.30316697398662534,-9.332,-9.593330235847194
0.24848646248997244,-8.68,-8.472651125422127
0.49894626931407865,-9.1,-8.512150644035644
0.37645956634475247,-5.6553,-5.993010448195379
0.20797554719430278,-8.55,-8.314396891165261
0.20966642598437563,-7.02,-6.855446662249019
0.28865198524231317,-8.72,-8.405466126963546
0.23069973579051756,-8.04,-8.287861509849382
0.21976360024050356,-7.06,-6.915505083387546
0.19978729165475184,-7.5702,-7.71736871137502
0.3223313545861279,-9.1,-8.771378389150918
0.34502973791366615,-7.47,-7.907803351622556
0.19043004664246715,-6.2999,-6.349443639901974
0.3263567307408149,-7.32,-6.954871778780316
0.2578049871183472,-7.86,-7.605380226668012
0.2965068712051972,-4.58,-4.689964439147545
0.339117942569691,-8.89,-9.239561712139388
0.1965164882714065,-8.49,-8.327020745887602
0.33848183294520034,-6.5517,-6.398775053130333
0.2274768204095644,-3.63,-3.281567760722706
0.2403454099522593,-4.9629,-5.209203330092825
0.26715599019541614,-8.9,-8.624353177645744
0.2610089313338252,-7.88,-7.627160682272938
0.10712475049977792,-7.66,-7.704742826541539
0.31176146360167667,-4.1899,-4.23187691216275
0.2337127466194179,-7.855,-8.008600169888496
0.39547684586710524,-8.0566,-8.490939254105182
0.2051152138342679,-7.9503,-7.785934163518082
0.36507279238505885,-7.39,-7.797561008418441
0.3383454172359082,-7.3498,-7.024319660359133
0.26898152642462214,-7.71,-7.487344784733459
0.18253566707839763,-6.8754,-6.971971490671429
0.19594787032083627,-7.5162,-7.559810692272839
0.5268244745528157,-6.4001,-5.712228661266403
0.3466683952871247,-5.1743,-4.762158657202592
0.8725843109788145,-6.7,-5.930331197120365
0.3166542272570506,-8.2766,-8.470801749041364
0.09685250595400596,-6.794,-6.819931980894668
0.13532307172998537,-7.6081,-7.699385621128092
0.1511365270439086,-7.1069,-7.170896371060914
0.3775175232944747,-5.9144,-6.332838800809088
0.5141642465223683,-4.6001,-5.176803447011144
0.7353186450575349,-5.0,-5.414311129651501
0.4025194883227783,-4.9,-4.681252945373868
0.3955659081143117,-9.64,-9.195876241490796
0.3747863122248403,-10.6,-10.05411051875047
0.20552597129075914,-7.23,-7.41552919325181
0.30984076814496403,-8.06,-7.718620621303899
0.20272540208701462,-7.83,-7.620351513862253
0.12891249053085135,-7.0,-6.916648361833634
0.17173182560428224,-6.98,-7.073741721985394
0.2121992203122154,-5.0787,-5.193230822054682
0.19452892671287011,-6.65,-6.805850279556122
0.40740680716463357,-4.6304,-5.091538067324863
0.3992162927635475,-5.52,-5.070346509441816
0.5199331118945819,-4.4369,-5.090850203343248
0.16822590400060736,-7.5567,-7.501812889442323
0.5510818494347937,-4.0886,-4.4743992468215
0.38906468084788237,-3.6152,-3.335925934793657
0.15951380521301176,-5.8529,-5.778834722987453
0.34503124183854006,-2.4527,-2.148499867974575
0.3585110411823853,-2.4527,-2.115519171365466
0.5769472084636199,-4.1939,-4.678651457877264
0.266995339689756,-4.3924,-4.437248285451085
0.5024521376852803,-4.0886,-3.676867811344704
0.4191961654028505,-3.6331,-3.298310864059361
0.2720992479730447,-7.1547,-6.927141799027664
0.14772408298408585,-4.7979,-4.717886927697943
0.13671591107854486,-3.55,-3.621759922009519
0.3734457344896277,-2.3752,-2.752778552210972
0.6720779459314664,-6.8782,-7.550467683858412
0.40944843497762373,-6.044,-5.673142939794939
0.41485035409930887,-5.9003,-6.366739995814253
0.31580024627993675,-5.944,-6.267139566013043
0.6849078098027661,-7.4,-7.720268329302761
0.2266912383101657,-1.92,-1.714118509177845
0.11199389729805581,-1.5306,-1.47306995554625
0.26783884016844045,-0.15,0.0599072062132339
0.1689653529717561,-3.4346,-3.461984409219887
0.09957636475897066,-1.07,-1.088905517222025
0.5538009442726415,-0.68407,-1.048378625062352
0.2945048710371731,-1.3461,-1.211048688830346
0.3237948330145995,-0.7181,-1.048541108079744
0.7301864330661206,-3.6432,-2.932697757398852
1.3030249886630048,-2.33,-3.891588570122566
0.5284709305806036,-3.4976,-2.96097005983798
0.3099188695966508,-0.656,-0.8594367026975258
0.33962652764548357,-1.9274,-2.207214641997678
0.7992146371627149,-2.7782,-1.895861025596135
0.34277527147856185,-2.9662,-2.764486523376524
0.6001223763147808,-1.8706,-1.574017297687475
1.1884199816463383,-0.76736,-2.201185579896082
0.4734564436843259,-3.12,-2.657822649761509
1.5295665736431063,-1.5071,-3.200785348579702
0.682817163110349,-1.27,-2.016295829723285
0.3736219180368226,-2.7624,-2.458865330876623
0.7543428062782271,-0.20096,-1.066939635115976
0.7803119521794416,-1.8938,-2.820122600612615
0.29622714681203993,-1.6051,-1.813781318698339
0.24226252473310303,-2.2794,-2.218140370337934
0.6383975776624942,0.58316,-0.0883904812184485
1.6151145759009466,-2.1059,-0.2579973068299526
0.7130257055266473,-3.2151,-2.387463129825906
0.7010929638238841,0.63048,-0.085918544814373
0.3032062443666303,-3.2185,-3.374435499219845
0.06493065734480437,-5.525,-5.569010680070295
0.18656031091511616,1.1361,1.232360853872931
0.6415274940867178,-3.5237,-4.117282697790605
0.3820798976141387,-2.1532,-2.43842331749425
0.09371307303640179,-2.5213,-2.602322878172025
0.4734564436843259,-3.1213,-2.657822649761509
0.4034998161850056,-1.42,-1.785475564497441
0.4254269855662221,-1.0647,-1.444398960270712
0.669997766759937,-2.8267,-3.351651274743053
1.7036963144782313,-3.0625,-5.06519284383501
0.7728115934547024,-0.94437,-1.647563119530098
0.7139890761651938,-4.245,-3.527521584174172
1.1123644835652697,-0.8655,-1.688774722975939
1.1282437518991408,0.2983,-1.163878080781211
1.6430540254836723,-1.7332,-3.525089818834739
0.7253480777260534,-0.09,-0.8743497949249648
0.8654071097496674,-5.0038,-4.097117554011072
0.5139867419010842,-1.5554,-2.151788795395773
0.2157754375840894,0.80917,0.716144865388451
0.2952487092871131,-3.7096,-3.843162744495032
0.523285536051981,-3.4,-4.26081656248979
0.17762393706198146,-6.5732,-6.43854423174921
0.523285536051981,-4.0584,-4.26081656248979
0.4039002590490861,-4.5432,-4.967835851175767
0.14174871578205045,-4.0467,-4.209873752407475
0.4648682559978012,-1.54,-2.012389707675874
0.42792499517005445,-2.47,-2.426278518899017
0.1786391493185349,-0.52169,-0.5519506045172953
1.1735437296872528,-1.2172,-2.392669145931082
0.3802362741440311,-2.1843,-2.577827027529068
0.48108798682493925,-4.6676,-4.067349778154002
0.8476946694250865,-1.0281,-2.108530308732521
1.040954885727414,-0.56118,-1.721335110447758
0.26157428508155794,-3.2689,-3.27822304203804
0.7763165682372456,-2.2082,-3.133440729672031
0.3974516362872979,-5.5379,-5.90498435859533
0.5547467470614752,-4.5925,-5.221287984197287
0.2213661862857377,-3.9133,-4.098709424037616
0.17197147361925647,-0.92928,-0.995034685653077
0.6361994490227244,-1.373,-0.5919788644396893
0.2143752502574161,-5.6908,-5.517128009070142
0.4135506329866166,-2.1922,-2.324947614660887
0.693484990276419,-5.6027,-5.023742181210212
0.5405831548637903,-4.3063,-4.62970726781034
0.3694505720212603,-6.0496,-5.935460755151445
0.3331757321951481,-2.5759,-2.23328163473839
0.7776319089801197,-4.8708,-4.143483198896509
0.4000926118535216,-2.6178,-2.921682244970053
0.7083982626660621,-2.1674,-2.874625719030317
0.38937500865603425,-2.8456,-3.230194861787663
0.5575054914520691,-2.64,-2.096746269996675
0.6326022615043603,-2.3613,-1.706625667995712
0.941827402616784,-2.2585,-3.483559700505161
0.7913671850059457,-2.3341,-1.56815534555412
0.39852714720291826,-4.5994,-4.267525107175979
0.12567456799931778,-2.22,-2.200824374729889
1.2942863448406998,-4.9164,-4.047207700413159
0.3409835803896929,-0.059753,-0.1441772242311593
0.32603685200967303,-2.0563,-1.814099909180065
0.5246781355868212,-4.5766,-4.181415780503524
0.6156821687051894,-2.82,-2.157327132087119
0.28463460619217845,-0.91061,-1.12163728873348
0.335314942310877,-3.5368,-3.480838791303902
0.3058043809420434,-1.1775,-1.37040593203363
0.8163968367513493,-0.12447,0.9515283250101272
0.283244254799558,-5.4759,-5.349445389300975
0.4309028038927446,0.6563,0.1906737912547954
1.0467136638693977,0.42,-0.8590109636690876
0.5781109074447651,-3.0709,-2.5263266313718
0.7273559807803649,-2.4469,-3.14125282335199
0.5816499329842894,-2.7,-2.130329188894928
1.8188475150682646,-4.3589,-2.265657322023505
0.6300763110102703,-2.2869,-2.980226596759767
0.5877995710578421,-2.6744,-3.2932259467246
0.49966687313551594,-4.7638,-4.203316153788349
1.0052697460763869,-2.254,-1.12953256636117
1.339235856673822,-6.7881,-7.892713570149933
0.43678410759115066,-4.686,-4.459530442250946
0.672101890046398,-4.6147,-3.909504794615962
0.11899295263526184,-5.8159,-5.795211633555287
0.4365279954567432,0.86269,0.4485920569122808
1.3017858609395914,-3.0693,-1.541232572219919
0.6921217944460387,-1.22,-1.766682493408503
1.178934491398479,-5.14,-3.768267883989104
0.1445128787195374,-1.35,-1.430080002709224
0.459621315045651,0.093247,0.1188398038320886
0.7832964010930523,-0.77769,-1.135103902715949
0.4849332092687488,0.0076616,-1.034802977089091
0.3329764735536488,0.24442,0.0553979727616199
0.5320527507386119,-0.091529,0.2816505153149472
0.459621315045651,0.69531,0.1188398038320886
0.459621315045651,-0.45039,0.1188398038320886
0.22547580041354853,0.27776,0.097592011869004
0.7788589065249687,-2.0701,-2.904711125676314
1.6359992197562507,-1.6135,0.3826525679261868
0.49026818642900694,-0.56941,-1.01109262428369
0.5769116956221227,-0.4401,-1.0591590281974
0.9907430545990843,-1.2907,-0.2273505069990686
0.11788516158291804,-2.12,-1.983179166071167
1.2418950274012526,-2.2345,-3.793808194832815
0.39310202178731773,-2.3495,-1.907388987221036
1.0751067330074868,-1.56,-2.897633455835695
0.9749537268846246,-3.94,-2.911552935629773
0.821593819421212,-0.8726,-1.502249043883428
0.3678904363985998,-4.1855,-3.847719064429603
0.5879765400693779,-1.117,-0.611281133502831
0.24201318660178475,-3.67,-3.522146019802966
1.3648377548571176,-5.55,-4.024045930919394
0.6774671569370124,-0.64883,-1.210364456922609
1.461001865289733,-4.1393,-2.509392399467456
0.3179050761225971,-1.7406,-1.636595331921916
0.30727513198728895,-1.5096,-1.725722388807374
0.6891921102185177,-7.7185,-7.252991417081036
0.11514176103460999,-1.6211,-1.630093118616016
0.486034690450998,-2.6642,-2.131405354242937
0.13459030845053271,-3.8,-3.897172927506922
0.16153690581884841,-3.7565,-3.791442543953627
0.9066826653375993,-2.1445,-1.198010538523797
0.6961441080586321,-1.5335,-1.109303884811543
0.23022133172103387,-2.25,-2.193999264310542
1.0867995849660554,-0.794,-2.180602255404352
0.3018459838026699,-1.3713,-1.056098255455995
1.693007420047327,-3.0606,-4.969346858952692
0.35158955406815084,-2.6,-2.374986266385545
0.5406773872553107,-1.8184,-2.097367023105386
0.3970543229710641,0.063795,-0.1699494974429153
1.571731509290673,-0.6,-2.439508412914762
0.6829982678593134,-2.5549,-3.184713343700824
0.4931780238041976,0.6484,0.3329885721834512
0.7063996283837881,-1.3424,-0.633983022049689
0.2604078920403592,-4.85,-4.885512951053431
1.59185062608215,-7.0653,-6.197487664620318
0.5718479416274085,-0.32577,-1.062353480862297
0.2675853723036137,-1.1966,-1.392632007990668
0.3253890344745001,-0.86065,-0.4324748725581923
0.3755367113655538,-2.4706,-2.066185369114299
0.3608488920658513,-6.4284,-6.348540862642714
0.31353966273450573,-2.3259,-2.494718016024656
0.9007308702843168,-2.0831,-1.035980896409404
0.4004488014862356,-1.2699,-0.9515128986368628
0.26761867320277877,-3.9571,-3.696164489278711
1.0354480723714297,-4.46,-3.254329807753341
0.749144024379264,-3.9031,-4.571987964534627
0.6786057311644682,-1.9977,-1.405197704820929
0.5462065217726128,-0.93229,-1.535401692366063
0.9028835866384445,-4.79,-5.762712926771614
0.8214436307570943,-4.44,-5.242543787986627
0.9518164149710933,-0.0094,-1.192661687817268
1.1556502369279569,0.74672,-0.7215597173559063
0.15601072669986668,-1.8773,-1.890855095555301
0.6906637330988623,-5.34,-4.623022062347953
0.646633474260109,-1.479,-2.123822669511404
0.4669998681605773,-2.1063,-2.533486232879723
0.2788514869697617,-3.2721,-3.44819177041588
1.6659315006581124,-6.163,-3.814230778857949
0.28367198382456815,-1.424,-1.660330294172391
0.235083008705552,-3.9261,-3.666699566925789
0.6022323525004847,-1.9332,-1.187978848974841
0.28254986830565265,-5.5517,-5.411192191648726
0.5311100768693496,-0.8,-0.293845084105062
0.5810933767938189,-4.6596,-5.078508787238734
0.34339384440017623,-3.1967,-3.288337630184123
1.565505730573657,-7.2678,-4.934282859418406
0.25839316957445707,-5.2224,-5.122528987146738
0.29237719820819214,-4.6598,-4.388917706668297
0.7935033391065198,-1.72,-2.619309096043149
0.5743061347913982,-2.222,-3.196436031555993
0.53045896557412,-4.22,-4.664695471579164
0.12754211628605464,-3.0644,-3.064583543055936
0.2452392591099428,-1.0362,-0.8110733562461744
0.8594440435700613,-3.97,-3.127814480186033
0.7408355174999575,-6.661,-5.73565427778077
0.4886386070064151,-2.3713,-2.835599427289111
3.6187607955425976,-7.157,-1.142168048724493
0.4574333814909358,1.0,0.6040463755476074
0.32002885428816163,-2.3754,-2.711151760468747
0.46723463097802187,-0.3532,0.0193357485012247
0.5978717356804895,-3.6207,-2.947106911961246
0.7160091139439588,-3.6251,-2.872636554541613
0.39719239638954495,-4.0975,-4.31023783187325
2.1056815684508763,-4.72,-2.108356103422972
1.2749352486716317,-5.87,-4.467511960323469
0.31028634622224915,-4.0419,-3.977603567776335
0.599554287984407,-2.9895,-3.48081466761912
0.3120164264747158,-2.0232,-2.181507525303221
0.4945390612874997,-4.6944,-5.148374904909712
0.7405522998120948,-4.5377,-5.31407716580083
1.175863674756408,-4.6571,-3.70651023872069
0.4292933884960167,-4.1459,-3.744787260642921
0.5257719706946891,-0.3741,-0.9920264029247928
0.11947474648124451,-2.7032,-2.730079311547993
1.1838390161186143,-1.6497,-0.1304532589355748
0.39945776584655684,-1.5,-1.107665307004654
1.6119702634651287,0.08,-1.939870574042555
0.5439898498793664,-1.1197,-0.7912950246192556
0.17404099869703415,-1.07,-0.9976163909361884
0.2306146948968953,0.0727,-0.0532727906056947
0.924205920195146,-1.9316,-0.7201129595424911
0.4792831689066937,-2.1,-1.85327901015209
0.638597045221313,-2.05,-1.378082284883173
0.7621114419959428,-0.7173,0.1318503386566241
0.6838043325490539,-0.14,-0.7572629699296229
0.7177006479856135,-1.19,-0.7374390250763161
0.858927429204777,-1.3949,-2.377689119585902
1.7648614407809637,-4.1369,-2.447947303571695
0.5912520001636127,-4.899,-4.157815505025335
0.650644330922906,-5.5,-4.974156488520647
0.25257515129606173,-3.3614,-3.298855700780446
1.4034036481247991,-4.76,-6.310160385444671
0.7738968201931035,-6.03,-5.326693433033673
1.2127370307859797,0.5416,-0.928869562254274
0.4826186815076801,-5.7348,-5.269350029897516
0.22758493762045437,-1.7178,-1.56340342485401
0.6304155405380972,-2.38,-1.621309740952316
0.31555834832737817,-2.42,-2.657199551539851
0.38453769767474383,-2.3698,-2.072253485579534
0.9933435447712288,-4.8694,-3.645511501817825
0.28679203774999074,-0.57309,-0.9195651890133332
0.41212835262094055,-2.9338,-2.587363933524155
0.2187398110042467,-2.772,-2.806543280745471
0.235560937277974,-0.36822,-0.278368154951912
0.2493721917284365,-2.05,-2.281227205780644
0.16870395935286348,-2.3005,-2.32627286009936
0.11847147490004524,-3.1389,-3.077276553426922
0.5451914222918885,-0.71,-1.203820944900884
0.38995438120686177,-2.7359,-2.346520616593604
0.2097914588730855,-0.46557,-0.4699627840059775
0.19429397678724517,-1.4242,-1.5078557305089
0.459621315045651,0.69531,0.1188398038320886
0.7632157092645955,0.74176,-0.1032761462364426
0.2584281170375944,-5.2988,-5.167793009896068
0.1832999964403953,-4.2301,-4.332481348408987
0.35219928388126,-3.9368,-3.574507422834589
0.3106064726968931,-5.3747,-5.110880299856357
0.8148272734069415,-1.3131,-0.474052267094519
0.4849332092687488,-1.1449,-1.034802977089091
0.6092818090360376,-0.7544,-0.0514868355003093
0.5483012150789955,-1.02,-0.583356237331726
0.28289803735544455,-2.9301,-2.665204866857578
0.72742496668252,1.13,0.3263637748993009
1.7891627959769403,0.44998,-2.161787121487543
0.6182201450351106,0.69108,0.3570989451112438
1.2446721497102247,-5.8614,-4.222254920255653
0.5979760015525171,-3.9788,-4.464686217126582
1.5717193498499975,-3.3572,-5.064439618109256
0.26102003679496866,-4.3487,-4.410674295128191
0.3227906226909738,0.054038,-0.1108745537875764
0.6765954477362129,-0.83808,-1.329229065871938
0.5523097624711757,-2.6997,-2.130360783220405
1.011825642241822,-5.312,-4.225965357931786
0.5996551528749621,-1.5049,-1.98362537723232
0.49210171408769604,-2.4976,-2.868385883960257
0.26336216689605274,-1.0947,-1.315479581429542
0.23046841352417663,-1.3243,-1.173180570782813
1.5923191930908016,-0.11247,-0.0607739157540246
0.7773246377881783,-0.48163,0.4419895641916901
0.7364595843796335,-1.7151,-2.547322772446047
0.17062536499400127,-4.2942,-4.446989454520187
0.45696836361821497,0.41901,-0.094482237078591
0.31704197658012284,-3.96,-4.1846357478965
0.19349768725688193,-3.7511,-3.754741609349115
0.38631522019354064,-4.9185,-4.465143912533912
0.2636599532136936,-1.027,-1.007577305316365
0.42159128067119533,-0.91454,-0.5386808001150065
0.23314161999441793,-3.4296,-3.603638050918438
0.11547099607167725,-3.5057,-3.609125169839532
0.2807402137723662,-5.4369,-5.166178374530314
0.45360711876278026,-5.6789,-5.348877695783941
0.29382870321666255,1.13,1.362659533479744
0.34411077702412646,1.0548,1.337517138517419
0.35180499968023526,-2.6855,-3.108663646347041
0.6980159081319718,-2.4731,-1.626224152631786
0.7825962343025705,-8.2172,-7.366837012637599
0.3273669721990688,-4.235,-4.038639670760678
0.8396999628157232,-4.7188,-5.610577928801058
0.5068381506436177,-3.294,-3.775733959544088
0.8464306745776932,-3.467,-2.73683072060801
0.7624352738911423,-3.6802,-2.956321594546625
0.6071692084000003,-6.0363,-5.603011720153063
1.9480602416723105,-4.3432,-6.43783030431061
0.5921522483363105,-4.6,-4.09543192880688
3.0508466793163147,-0.8626,-4.686977259148549
4.772727329110066,-9.0672,-4.173301145624897
1.100480530552414,-3.1373,-4.361966527505248
0.5838162370259707,-6.2925,-6.262224332864294
0.5564991126620348,-3.745,-4.125677503573066
0.24720771360335825,0.42,0.7286046110062427
0.38208493006873484,0.44185,0.7008620033397608
0.3773575158525101,-4.0084,-3.737612362837436
0.9383820426445253,-2.29,-0.8096234858031907
0.20551048315209236,-2.1724,-2.275259597125316
0.9383820426445253,-0.26143,-0.8096234858031907
0.853532650718359,-3.16,-4.126749303226752
0.36064913805961346,-3.77,-3.382336151662825
0.19959096775358187,-2.23,-2.00142689308534
0.1600135163200029,-1.0964,-1.094959703076145
0.6300385986935475,-0.06095,-0.5383174175396956
1.365565215685927,-2.73,-1.105208629313414
0.6712127142653506,-3.1173,-3.977397731501072
0.5509049849627047,-3.9442,-4.395623720057686
1.6950414844827828,-1.4527,-3.469501419770657
0.14780253240269306,-0.2617,-0.3041312695155962
1.2451227417929787,-3.827,-5.546193229522739
0.40600976432896924,-4.6064,-5.006690197849087
0.6512188961049542,-2.66,-1.989671923786947
1.2454309409559614,-2.28,-0.6113671875479827
0.35275404834888513,-3.8171,-3.749914995726202
0.2737381702116091,-1.414,-1.163675565289596
0.11828257142312808,-4.1813,-4.226506773533532
0.1370001084455681,-2.8803,-2.83577393819488
0.5190210581784064,-4.61,-3.905594812766781
0.3689303585821346,-2.5501,-2.97600975540844
0.45775315682238554,-2.2602,-2.450703307625326
0.6409450161337483,0.81,0.0868293835863452
0.8073569775484483,-2.8026,-3.693517393448655
0.25312298976230757,-3.8629,-3.794650325741284
1.3938878936538475,-4.0374,-2.092914531796933
0.7584803287859807,-5.8221,-5.241457572195753
1.3993241500434397,-5.84,-4.619556298630947
2.265582855594783,-4.1542,-1.178771096193115
0.27580081497954034,-1.24,-1.026448551611395
0.34693362001335004,-2.3709,-2.247373402553069
0.9444674888295543,-4.2536,-3.001986945026213
0.47025158749316914,-5.16,-4.746671043195706
0.5698501498004329,-3.4069,-2.787646499373873
0.326727682326946,-0.54194,-0.4223274608989173
0.3861727483893722,-8.1751,-8.322000817175812
0.33737881652759816,-6.3141,-6.382682297344392
0.2948461888866124,-2.5767,-2.286020982700685
0.31663744444109243,-3.17,-2.879092571115559
0.2963781977743878,-2.5,-2.20707354921404
1.517835857435709,-6.2117,-4.281448398181267
0.14879069011739957,-1.8309,-1.903489109724158
0.3939997930717659,-1.7566,-2.221986408632096
0.08279703610443631,-0.74,-0.7321009321707954
0.26107601988692886,-1.84,-2.04160372545376
0.2831773344263422,-4.0481,-3.815557289182036
0.5257478690868583,-3.1742,-3.567926750516826
1.4862079205818681,-1.604,-3.698647663866383
0.439672167095303,-2.2687,-2.021740771602845
0.5601582077884004,-0.26363,0.293154814192365
0.27820116784261134,-2.7166,-2.522185231888064
0.30623930526429716,-0.42103,-0.1780306079947631
0.37764866988103807,-1.0813,-0.8556847590314426
0.474813606525862,-1.4629,-0.9346561447065066
0.24174230867072832,-0.37277,-0.1844576639221664
0.4294077674096271,-6.6634,-6.958595746046024
0.5046307069013042,0.92044,0.5275790063932
0.41133767193638404,-1.1406,-1.552089149965192
0.3009425139554603,-1.9563,-2.038281401429701
0.4975327338609378,-3.11,-3.471476134653874
0.5083522411097438,-3.3261,-2.861425756493686
0.5957997999705889,-4.76,-4.100103380844578
0.6866521302305418,-3.5558,-4.157702604594934
0.4239676487945904,-1.69,-2.105801165502567
0.5418638349214979,-0.43903,-0.992031586808211
0.6316984232045222,-1.9986,-1.167873614343959
0.6712636589942584,-4.15,-4.721959938334667
0.2794578268389582,-1.6952,-1.444530344202387
0.5111593477452687,-1.7172,-1.349990864595028
0.3028989812012057,-3.3398,-3.077700971178521
0.4379912835661224,-5.6783,-5.637135947920085
0.4037310112502987,-3.1076,-3.027711152548518
0.5798164303913917,-2.0145,-2.644728034704396
0.9991854063573626,-1.246,-0.0520212185816863
0.31661194160718814,-6.0342,-6.132648869574139
0.366288298752657,-1.899,-1.588073195994069
1.3866067160785298,-0.90948,-2.371311308622202
0.39307871918895515,-2.94,-2.631447337745902
0.15612147437741494,-6.1442,-6.18237224018772
0.5397638390015205,-6.61,-6.504575391359142
0.34811972481823816,-2.96,-2.731314949266044
0.09566963968824664,-3.1019,-3.06690494674824
1.100480530552414,-3.1373,-4.361966527505247
0.2594054769566012,-3.9804,-3.838133733002482
0.6054497240752069,-1.3755,-1.980173192860915
0.14484140627830974,-5.5907,-5.585061315815614
1.1732202663179918,-5.9,-6.751988332666344
0.49205082413863827,-3.81,-4.18862748488197
1.2038271091706079,-3.9306,-2.346249243260674
0.7017743296386594,-5.1595,-4.580452483509152
0.3523757074989247,-5.2797,-5.190447340555017
0.2373930946618793,-4.069,-3.926594880861114
0.3115182925702295,-3.3254,-3.537024143890076
0.7773697281897602,-4.5035,-3.663266279498758
0.33475294671713707,-3.57,-3.812375462813062
1.1710072604719892,-3.8724,-4.960014413937078
0.4597863337801104,-7.7062,-7.464280919949787
0.25403240046203296,-0.37644,-0.2503122555014669
1.2651063468708812,-8.4566,-7.257804784184243
0.23177715854915656,-2.1089,-1.998364534838211
0.24326592722042842,-3.8182,-3.8935319914646
0.8463650398674706,-2.8637,-3.777224159713144
0.8719064284454084,-1.7834,-0.6745634362312617
0.12525749996431162,-2.0833,-2.102039668021204
0.8624986680356233,-5.58,-6.415835036496349
1.5229823300134528,-8.9218,-7.059047035123293
0.49433301379997274,-2.5126,-2.983168392840838
0.9455349042446035,0.12296,-1.073342914260291
0.1721796628210141,-1.5333,-1.459176375631635
0.7521899503513108,-8.6168,-7.802379760973606
0.6698325668857039,-4.7,-4.226475825382189
0.38392293111681325,-1.6763,-1.975288607178153
0.13633233646817916,-5.26,-5.16975422903308
0.29909485116115364,-3.4588,-3.660646471242854
0.3650452790800959,-2.08,-2.286396987787089
1.4674585855011635,-5.4631,-7.087291693923907
0.5204750654038781,-6.964,-7.076014729160478
1.2199593183550628,-0.82165,-1.78441105587115
1.3835539482514758,-7.0991,-5.643662913591222
0.32536775750778985,-2.7723,-3.020737479779359
1.4303154096670385,-6.5029,-5.156046254434765
1.3355992617440307,-7.7881,-6.781836552804821
0.4063171787208414,-7.8662,-8.031098297820591
0.21167870336178055,-3.61,-3.701228631555142
0.666280775065226,-5.11,-4.725655185415283
1.9558189159655905,-6.3943,-3.896100305508265
0.2070850855120034,-5.963,-6.056750335126564
0.39276244106508584,-3.157,-2.978923839727112
0.9992436339144791,-0.20188,-1.331089952590358
0.20038151240731497,-5.0577,-5.052949831099633
0.9979298630052379,-1.3896,-2.548525415689465
0.9543671470192663,-3.96,-5.000322582898173
0.5356458919239266,-3.8418,-3.307423811272884
0.37767553918553276,-2.0909,-2.483153203193132
1.125295805565201,-5.2884,-4.131749804720755
0.26024800217614413,-5.6695,-5.923047634543849
0.525930532496353,-6.3983,-5.88089000325881
0.7062288245215373,-3.64,-3.121385679657127
1.804177295793227,-7.76,-5.72983102949663
0.7354892185659614,-5.7197,-5.010496822351548
0.2644445368715216,-4.4362,-4.373925834866649
0.36545446304457263,-2.1744,-2.332775296788907
0.7416532031486401,-5.01,-5.389179341615201
0.4168606576423634,-1.9266,-1.565844539386207
0.21298710606746007,-6.4717,-6.616632109372983
0.3890091421472266,-5.6695,-6.016758193050861
0.5247834601489044,-6.8041,-6.977652083078104
0.5567903777351784,-2.9107,-3.161514080482267
0.27067891365341096,-5.65,-5.671189517966305
0.6728668913969662,-5.91,-6.527646320197379
0.1124672521504921,-2.0853,-2.10800842692769
0.1826405451129658,-2.0853,-1.991198343835484
1.347640010759216,-5.8245,-4.345730814138983
0.687239401323349,-4.4586,-4.809153249249276
0.15956333571714232,-1.7297,-1.824558816132889
0.9863173680452895,-2.9149,-4.317593751508606
0.16705301829708968,-2.6,-2.70137444813654
0.3155194851055687,-2.5241,-2.724381404692275
0.21795059307244305,-2.9466,-2.912367751549871
1.349940248523585,-0.80923,-2.792269546766974
1.231131818222584,-4.1481,-2.577780998208091
1.1428355840483466,-4.473,-2.932396265495017
0.1687416155850683,-4.7821,-4.794918637591314
0.3203317666653447,-5.4155,-5.659568544909543
0.5104506911000793,-5.3915,-4.935344516007999
0.2582573784209713,-2.6613,-2.449618173963888
0.3499928816012243,-1.4691,-1.732811241373615
0.10746556549219562,-3.6275,-3.720938350694426
0.37462997883677374,-4.3948,-4.798880804253033
2.0534546912942795,0.26065,-2.785538307273772
0.659298287567327,-3.8376,-4.371934881254594
0.397235530208499,-1.9312,-2.31555493438842
1.3594232039595187,-4.46,-2.688007653691676
1.8098492987113068,-3.9723,-1.723605482829932
0.445507051732672,-4.6504,-4.892413255535494
0.44603023879338477,-4.6988,-5.001245675898814
1.4277681951218855,-6.1988,-4.401729839964503
0.8156523533909508,-3.6873,-4.562630776814086
1.316438626051502,-4.2818,-2.721661081906827
0.14797130277740853,-4.1758,-4.252881631400449
0.052765291895305835,-3.6549,-3.66101644386606
0.6117680501979572,-3.52,-3.764491616752623
0.33331337474810385,-2.5691,-2.226403418828155
1.0425528679830256,-3.1851,-4.297565178607174
0.8614451403779114,-4.145,-4.863377866248982
0.5123340353480418,-4.9142,-5.467555381613144
0.2012330862675174,-3.27,-3.309302581661647
0.4417600047727317,-5.775,-5.55870592015969
2.112297604092004,-2.42,-5.094514772417785
1.0273865123982753,-3.1945,-2.082267008922635
0.544475306386362,-3.0215,-2.549628793246426
1.9057648305729655,-6.4889,-4.016960223486564
0.253373438865361,-2.7925,-3.011507626544581
0.21589611965927935,-1.8986,-2.160242829282726
0.23542413669229612,-2.138,-2.098199985964675
0.19883269025781497,-1.772,-1.919213820959786
0.35823642580281756,-2.5705,-2.81480867022341
0.31166672249193933,-1.403,-1.643421670119953
0.2610454719085257,-1.4848,-1.646959935614019
0.5144624553987786,-0.79339,-1.197037601065298
0.5109811594324597,-0.057648,-0.6716923612014621
0.2338766735401155,-2.1028,-1.878482222939621
0.2969263688821928,-0.87545,-0.4963678589596476
0.2706129038075304,-2.1241,-1.84523350653333
0.3873918096165575,-4.16,-3.954699735400266
0.5768040526930229,-1.5044,-1.799567908754053
0.26526268700962485,-0.4161,-0.5142370001000327
0.48992199702959527,-2.76,-2.299859576606377
0.1654028818556388,-3.9875,-3.973421448011955
0.6541237002615155,-0.89972,-1.610546001258737
0.21239312922383116,-2.4513,-2.574762199219618
0.6072220220609416,-2.0481,-2.581009922322258
0.41311684257776343,-1.8613,-2.214619547801504
0.1884986937233034,-2.4365,-2.460960703328748
0.525410729964959,-4.6734,-5.23498358881402
0.31588795047115475,-4.1734,-4.284937950257355
0.044418576852916856,-5.5329,-5.504034780737223
0.04275430529344436,-6.0548,-6.027111752739113
0.41153168695654313,-3.7271,-3.305644235401065
0.25018196201519033,-3.048,-2.863674998778155
0.6609111381347736,-2.7477,-3.38234053798369
0.22676285370871058,-4.783,-4.879618314162833
0.6783250989077838,-5.7394,-5.123178842381241
0.0973491474309867,-1.87,-1.866081698521518
0.6710712758565911,-3.2219,-4.117836053866974
0.3658038720230647,-4.0428,-3.81533553286866
0.43047890962016544,-1.8506,-2.24940273450773
0.21465261459864024,-2.4526,-2.546311945139605
0.7519638062820679,-1.78,-0.8035170424313107
1.0012991356486742,-1.338,-2.176532911135408
0.5483180985936505,-5.3321,-4.731934085564538
0.9414395729205906,-3.5,-4.560423984889411
0.3137909877571532,-3.93,-3.756957439419904
0.5234542941546263,-2.62,-3.155696847323737
2.348756833573852,-1.49,-4.139291648035369
0.3182065609472622,-3.5604,-3.342281354473613
0.20950877466324827,-2.8,-2.895029568665399
0.5214339996224635,-3.84,-4.269274338345721
0.30745408374691596,-5.36,-5.124900579650822
0.6287771431536733,-6.84,-6.254570140248239
0.4422599907414553,-4.8675,-4.645928954376751
0.225842956579677,-1.8613,-1.741318631386806
0.3885063119193243,-1.2471,-0.9216070092681048
0.6037716560220298,-2.3837,-1.849398279430376
0.45240968612861865,-2.0849,-1.648760396529958
0.2695780226363733,-1.8377,-1.968653988373187
0.28541031531114486,0.5245,0.1824937275566857
0.09681616003051653,-3.57,-3.56410349140886
2.3198936509475527,-3.29,-6.199907279602936
1.0579663910456707,-2.3976,-1.029341740562296
1.457995259405848,-3.0,-1.047179031950537
0.7865747616810966,-4.6706,-4.012235377060291
0.16593332909247657,-4.9901,-4.883817298666239
0.3207049216409395,-2.0059,-2.293968103351708
0.8999180984769448,-1.652,-2.533183617751258
0.19698413008048063,-3.2347,-3.37422934970733
1.9713763856835316,-0.2641,-2.752900190760302
0.09422844931883331,-3.6549,-3.652203064525086
0.11815914034031119,-2.46,-2.394328602472253
0.18533151027925532,-1.8059,-1.887697746503637
0.4981375659062452,-1.391,-0.9316739263424276
0.5899122938390788,-2.8722,-2.619560639822577
0.3152094394867718,-3.0468,-2.809081479104744
0.25444685272795003,-0.91,-1.233758641620691
0.24809917197159673,-2.0526,-1.859399359990598
0.7586875010367932,-3.1,-2.201742569984267
0.5253552078721856,-1.2427,-0.607476059667235
0.16687182769790299,-2.48,-2.553571572969335
0.22367063339297502,0.12929,-0.0221149322133881
0.7085891164587838,0.6855,-0.0644023543275853
0.8992967439874845,-4.6362,-4.008340057962998
0.3486076352980043,-0.26632,0.1046803787914276
0.09997913329306392,-2.4361,-2.470824494298073
1.1701064857336414,-2.1562,-3.322955840192577
0.9635235845415936,-3.4792,-2.360812301052097
3.2453423202340654,-0.19769,-4.594908066356492
0.9403589209836356,-4.0,-4.961532974812783
0.9301432585122185,-4.0,-4.95049633318675
0.26657306368580447,-0.98707,-1.08940327685668
0.38298397635771764,-1.1029,-1.20393397782717
0.32108608640139963,1.0452,0.7662541460971484
1.0936143907098843,-7.2,-6.126782523562619
0.5618505420149829,-1.5213,-2.069181912345289
0.1940895335860874,-3.5372,-3.524459959623853
0.7965095075229652,-1.8263,-2.799567208027481
2.256166758432241,0.23912,-2.622205024009812
0.19515528994518794,0.6531,0.523846446074425
0.2977958411031647,-2.52,-2.776124957133797
0.2745257165354307,-0.15903,-0.1828125177529823
0.4619882442084734,-0.22,-0.7437823220830855
0.6175951379003406,0.086815,0.7955466828865474
0.592358444757916,-2.529,-2.004609877657786
0.5862914584964448,-3.2068,-2.60352998949781
0.6126329039001555,-3.7232,-3.009771469132783
0.35065964989717086,-3.069,-2.86121615053727
0.2931952432134393,-3.4288,-3.726859141106747
0.18355721572726724,-5.2939,-5.397896256778334
0.46121908416287966,-6.3989,-6.64975416945495
0.3217940480421656,0.40631,0.5131012466080387
0.6212940284015972,-1.7419,-1.102774746432262
0.4039672039749059,-1.6875,-1.624971601582633
0.2303683776041944,-0.40475,-0.5427225560245338
0.0878653200158647,-2.15,-2.230328490475808
0.663230753149659,-3.0303,-3.568979734051056
0.8681980731577883,-2.1541,-3.053444890572105
1.2162389481742752,-6.7282,-5.557193021316113
0.994372172506868,-6.2142,-5.318802754240887
0.4290428759785514,-0.92492,-0.4768777551518368
0.44324528501738847,-5.4575,-5.734446838592275
0.28202633240036307,-1.9223,-2.13373168258658
1.145579502686286,-5.18,-3.952300761388734
0.4087518155738969,-2.5885,-3.005872793168959
0.43657781202730256,-2.0622,-2.247694891479237
1.3495044074419404,-4.1934,-2.370829648486169
0.3483927981007977,-5.5907,-5.874670913306529
0.5336095573944168,-3.0985,-3.837750984282342
1.155085118229724,-7.2278,-6.148636472520588
0.43447441597878417,-7.4891,-7.310472522285384
0.49192193005078044,-3.1708,-2.752599225873482
0.23640568139340953,-4.0247,-3.85055797422479
0.1731238604262072,-4.31,-4.428252906100143
0.35875970360241427,-3.5768,-3.26730793108902
0.3542281391972014,-1.76,-1.457274134353738
0.2427829849284113,-2.25,-2.136642868017566
1.4386406759749195,-4.1896,-2.299989307424386
0.3559759526384715,-0.1448,-0.2731832535943799
0.489652603269162,-5.0185,-4.659090852618168
0.41906902371691934,-3.718,-3.428310512007566
0.38659236113508066,-7.4885,-7.50165889493706
0.37144813197968174,-3.3364,-3.12019506668765
0.3224186266523009,-2.3068,-2.078872408393877
0.17028782175698637,-0.70113,-0.750255149930265
0.19216759497858987,-3.4115,-3.293257652962395
0.3817688104575506,-0.92296,-1.325468635256171
1.4696817767610324,-1.5162,-3.01731499038467
1.5705675843963498,-8.4291,-6.830204871938019
0.2934911558861611,-3.0147,-2.939968675465136
0.6927970980990379,-4.5213,-5.171188583041323
0.6565652221702991,-3.6342,-2.928906699616734
1.6234066747303515,-6.9122,-4.459841260967366
0.7971773213827472,-5.4157,-4.408583971213109
0.3818380441404179,-2.5443,-2.135205325775801
0.24214721035276093,-4.6308,-4.470041829117498
1.0526999126459602,-2.0238,-0.5959687519714101
0.28043708546802243,-2.8495,-2.724248025499863
0.23946873139903957,-2.083,-2.21357491399981
0.4117346605609699,-2.3042,-2.548377852258347
0.34337187556868193,0.96596,1.095156466185838
0.3924699287007843,-3.1845,-3.085811798229639
0.6397609389966948,-2.95,-2.280917904948843
0.47282313190100594,-3.3727,-3.941608996957886
0.9485850116886361,-5.6021,-4.584350171686371
0.8782699118978744,-4.0434,-3.023720771383133
0.5779465671349895,-3.0693,-3.475320997667781
0.7917800985543848,-1.1244,-1.990020106490839
0.4915152313877904,-3.84,-3.940460236578627
1.4180713158820262,-8.1237,-6.354220234207688
0.3764992798730853,-2.7494,-2.318052804776372
0.3868719942141383,-3.6,-3.87929116778861
0.5072389218309667,-1.0235,-0.4659511686815332
0.558778036337408,-0.99173,-1.565944131068988
0.17454717464387984,-2.3453,-2.248431320510156
0.3771039682561521,-3.19,-3.469403377376802
0.5053549498144924,-4.4574,-4.915904722945406
1.9937718228970842,-5.0048,-2.782851614177425
0.8649984712818715,-5.7306,-6.437235964282985
0.993159910607157,-2.4455,-1.316047456768741
1.3154928880428856,-6.6566,-5.090322570660243
0.7321552952499651,-4.19,-4.957543623589921
0.39294523516827234,-0.4154,0.0399310286493914
0.346464344925866,-0.95762,-0.8425415208661732
0.40538238484106975,-2.1751,-2.53711159426613
0.39142752458315705,0.1893,0.4893279561337413
0.24193538261023798,-1.4939,-1.635062871056174
0.3714228465762743,0.17524,0.384693341656688
0.23847135998326327,-0.76682,-0.5860418233139766
0.612987309828814,-0.2275,-0.8825507367360352
0.4880620863994588,0.46,-0.0826284521719024
0.3827635913995751,-1.49,-1.914184270032274
0.2570875531575789,0.80377,0.8434868226708983
0.538464917108522,-2.8204,-2.619906987805605
0.6490050847199761,-1.1713,-1.948808737595011
0.3802512536678683,1.0218,0.7972050466566569
0.5840659808839489,-2.63,-2.05748713752785
0.46827652024679595,-2.972,-3.310452695222617
0.11472735068996974,-2.4574,-2.479985219263715
0.7857632822929344,-2.71,-1.768293165388829
0.19060070068298338,-2.5225,-2.405497923096005
0.21354985961274547,-0.95727,-1.062660034512058
0.6514103043757111,-1.5035,-0.9536903772531182
0.23741038019461577,-3.2251,-3.01459072183298
0.3158904114467493,-3.1404,-2.905104333004756
0.8579583231297673,-4.2665,-3.644235575102097
0.24420573214900532,-1.2198,-1.257227202091647
0.18636095313091405,-2.6908,-2.661369741264171
0.19502027937332198,0.60993,0.4836440347918591
0.5726312895842125,-0.84656,-1.455019385390221
0.8256969262877754,-3.7264,-3.86036012960867
0.14932667985315398,-1.4703,-1.456277582459585
0.13110305006751244,-1.0983,-0.9897896072018956
0.24351768079036312,0.37197,0.6450020720045204
0.6808867722739133,0.81292,-0.0807684907709798
0.5671252285400307,-3.0573,-2.785366412178932
1.032108383266834,-3.69,-4.902235686526054
0.5101853605117777,-1.5,-0.9361633552666084
0.3425616539179007,-1.23,-1.534408842481885
1.3889788508809442,-1.02,-2.727993285659166
0.4080740183043463,-2.87,-2.952277198550628
0.2931594884976822,-2.39,-2.284788459238685
0.4386989599700249,-1.6458,-1.314994776733967
0.6568358583890703,-2.0686,-1.537673804145936
0.9783303510458733,-5.1053,-4.174254714892074
0.41422784368573917,-3.93,-4.071358850366124
0.3298156735280341,-1.4967,-1.302186877937577
0.4504599877430996,-1.0513,-1.270040978856321
1.1468365649721932,-3.1779,-2.064873795600112
0.6261724986794308,-1.1494,-0.4629889354074258
0.3072063472601823,-2.4894,-2.745634594852397
0.46306391968764055,-1.269,-1.803753703397707
0.21490094197324452,-3.8727,-3.827478625372368
0.3574367059014943,-0.89166,-0.5993319531837833
0.4162131597302539,-2.3015,-1.958556100411186
1.8990572104355903,0.1782,-1.926921581164424
0.4345203724380533,-2.5669,-2.240526509043099
0.2601276383681327,-1.6262,-1.388504181725088
0.45081210005442574,-1.359,-0.909790587841144
0.1367011162959197,-2.4375,-2.413028419378557
0.49249009245953024,-1.3613,-0.8796127132717612
0.5594961699514185,-1.7832,-1.036788072806209
0.36963605031485264,-1.2797,-1.006683247869071
1.5187908899878846,-3.46,-5.257579354006342
0.7132479198303276,-5.6635,-5.163672077763701
0.42780896062453416,-2.0957,-1.798184026974598
0.5117754555931995,-3.33,-2.893796956160878
0.21837067646357344,-0.54565,-0.4136021650433686
0.3349503086405541,-1.2945,-1.557854498361674
0.1620187856958971,-0.23375,-0.2182926840090623
0.5090527341405476,-0.85928,-1.231085132801431
0.6366996134748005,-4.04,-4.519621287232062
0.4320473874133748,-2.1633,-2.487283916628908
0.9338545501677542,-0.7744,-1.996550613962418
0.38864969872572275,-2.1172,-1.784449408936507
0.3724207670855648,-0.42614,-0.7678098065816421
0.25314107592490775,-1.0,-0.906878290582746
1.631352431781349,-6.2679,-4.547879666297217
0.598675517609719,-1.6336,-2.283489581265329
0.3559785060621603,-1.3505,-1.15921354362362
0.32620582367829454,-0.8014,-0.6101791858480184
0.2993282147969368,-0.53,-0.6938322026682693
0.38947432773059704,-1.8412,-2.188371753792177
0.27831494165938203,-2.7125,-2.566386222401503
0.3362619835557167,-3.52,-3.242714839109806
0.23019143075321546,-2.2998,-2.423771805452158
0.5110171270053353,-0.51579,-0.7665366442303783
0.2794985553135044,-0.41667,-0.6082985868265202
0.8324794397177081,-1.9819,-2.745073631044697
0.2675306834579809,-2.3363,-2.239382075878311
0.37707473685891835,-2.5539,-2.3098177411208
0.2696680328945235,-1.41,-1.269993619211785
0.06701189928012395,-1.4091,-1.39453393317473
0.049830415512499664,-0.5313,-0.4541318137770329
0.3185046806597802,-5.2213,-5.28546706886062
1.3725025893641396,-2.5958,-0.7137791003414466
0.3597381103272703,-2.3605,-2.614975064441613
0.23470962018305744,-0.8356,-0.6295086188031287
1.4373041398476873,0.057275,-1.295209862460796
0.08732238072531721,-1.407,-1.409236399444887
0.7138503349858926,-1.0672,-0.4111012858913527
0.6579072138180156,-3.62,-2.808771905506806
0.5621566895692554,0.0050163,-0.4084259921432413
0.3558404785001734,-1.433,-1.288777125316466
0.30330331632783636,-1.4299,-1.266820420482087
0.1977099031388881,-2.565,-2.585571340456622
2.1946298002176166,0.30566,-2.182362306195155
1.5950969490456157,-5.5098,-3.710275536642211
1.4036750908717728,0.5376,-0.9960904586236702
0.6314341309844861,-1.3228,-1.865540680266171
0.347616960019173,0.21068,-0.0333802882037273
0.22243176905710813,0.3147,0.1612341837697531
0.9591764781528275,1.3464,0.2801030655109211
0.19640988745860088,0.36407,0.3352745004374511
0.4697741252986031,-1.9462,-1.458543770842097
0.4603629369330171,-3.766,-3.246125523804422
0.47278619900564806,-3.3557,-2.813105534628535
0.7256358864252013,-0.77857,-1.374156395990029
1.2432199799346793,-6.9467,-5.563353069243476
0.5439836116851398,-2.6923,-2.260404755674344
1.4464320546731444,-5.8207,-4.612935807176608
0.46314665848663644,-0.9138,-0.4736054473774103
1.009704403173085,-0.28914,-1.285099288234937
0.4764668906752441,-7.5858,-7.394429747639476
0.9030974420718274,-0.56396,-1.429648537122759
0.9271774174236198,-0.45454,-1.448193389411056
0.7445622056568404,-0.3188,-0.9045161183709048
0.5371263048639876,-3.9986,-3.631024041090605
0.8817497322429734,-3.9986,-3.006382127600445
0.779500255170708,-3.5002,-4.086382153231112
2.1478024947437646,-1.58,-4.207577065828225
0.36154841505695434,-2.3853,-2.609243037001757
0.37306010010766755,-2.6223,-2.931187083921067
0.7407087054239042,-0.99406,-1.593575221178463
0.9487373009424299,-4.4216,-3.370626507921172
0.4631250478005268,-0.57103,-0.7963870740006485
0.1743540321728859,-4.2678,-4.227745212613144
0.8241344824279137,-4.2678,-3.44900676587988
0.6383997229199246,-1.7434,-2.445960979292567
0.3973519562350166,-2.826,-2.987327465337978
0.27329659626984787,-1.0248,-1.127560926832555
0.613293252885216,-1.86,-1.180274695795343
0.6937908551199088,-4.8953,-4.262044040372882
0.6407252394687352,-4.637,-5.165846151112451
0.9705948943718583,-6.9045,-7.946851495393236
0.26064050387272947,-2.6725,-2.546977252781265
0.4068134733028294,-2.6578,-2.798148153177484
0.9245138675097594,-1.805,-2.949033872699278
0.3293124139086545,-2.3,-2.540094726248791
4.115461746513967,-7.5347,-1.693888262748372
0.5185819240396409,-0.52727,-0.8104739177654277
1.1817017116158555,-1.8395,-3.070464460114975
0.5374914443689195,-5.859,-5.588907888302412
1.0386838049651532,-1.2916,-2.377432355812711
0.4766186674553007,-1.5687,-1.692486075840614
0.3303853258817993,-2.5631,-2.826336930933102
0.9400908662050026,-2.6795,-1.618676683099291
0.24827927769536146,-4.872,-4.898684688594021
0.9678916480473299,-2.1357,-3.418191104245907
0.2508271463384218,-4.83,-4.886647776351836
0.3676997967000946,-4.4,-4.780472672057433
0.35868760593480536,-4.52,-4.304891874923722
0.5518319019853235,-2.3115,-2.795184698581357
0.5857597169633842,-5.11,-4.384996900284186
1.3574383483261516,-5.1763,-3.571949801802696
0.4190139721260418,-2.8741,-3.117550715611944
0.8488337454935576,-2.1542,-3.04406065487692
0.4847007531167409,-1.5,-1.958919831680803
0.4495124606049447,-0.7285,-1.217046596907694
0.5411441062683467,-2.2101,-2.614972419774721
0.4168664365774751,-3.1058,-2.899320346298422
0.5192735334125319,-5.916,-5.59678664655948
0.4558395098044262,-0.72815,-1.20386835007976
0.4110540608641074,-1.5509,-2.002319332509567
0.16533854772289083,-1.37,-1.513025513474278
0.6791078090242502,-2.6936,-1.93987797626999
1.054128111701087,-4.78,-3.47297529602273
0.576147559636353,-4.5121,-3.729608164622745
2.464436442489156,-6.6379,-2.967906555946706
0.5273009248505193,-2.2886,-1.857128236115065
0.5127696319813054,-3.07,-2.528177645207729
0.24112313887343298,-1.2442,-1.425142396958851
0.5282375451265038,-4.22,-3.711269621366067
0.4305703161957494,-3.0573,-2.749814085010578
0.42922484526516974,-0.74771,-1.093047665124808
0.18908680921847087,-1.52,-1.448299588094983
0.7351243367949719,-3.64,-2.826167928110312
2.746112556449991,-8.4937,-5.040343901816859
0.4527376094192697,0.9757,0.4861948276762486
0.6598320705761946,-0.3578,-1.00777480478846
0.7652663936652665,-0.22,-1.068539362940188
0.28670608078029647,-1.1513,-0.9565255067285804
0.8105364261678212,-5.8426,-6.779851256434193
0.3455069822184819,-1.1375,-0.982842245946636
0.6175056904234199,1.0804,0.3483033935940694
0.35408859599646414,-1.7,-1.83112547546381
2.180508705231999,-5.44,-2.716624026718508
0.664592664565373,-2.47,-1.584794695011133
0.327939145575234,-0.6308,-0.796077045697055
0.8000332076838643,-2.6983,-1.767935808880245
1.5458683695391011,-0.49498,-2.2636872432243
0.9843806056870694,-0.59078,-1.700822183289067
0.7511231270001251,-0.5908,-1.486763703170769
0.3076452580054875,-2.3932,-2.133197960006376
0.5135784698257297,-2.7879,-2.295783218215218
1.697979464401942,-3.8455,-1.752189277121252
0.3606823462531974,-1.8,-1.744404359459998
0.39005159125588074,-2.69,-2.396955726282358
0.9502790407419259,-1.7594,-2.498366033622861
0.5491591827928629,-3.4,-2.875918394295834
0.6409432215697264,-4.005,-3.542604690620946
0.2614092703217626,-2.12,-1.957087667352081
0.694396523553346,-2.05,-1.556744030800362
0.2042996624392143,-4.0604,-3.874129821568773
0.33224003683564374,-2.2716,-2.129669511891605
0.2762822367809569,-0.43866,-0.3241727030287126
0.394154668954824,0.67758,0.2792563938620926
1.3166695641018336,-0.067074,-1.520682754496295
1.0522805235553105,0.13781,-0.6711883966341818
1.6091968916499046,0.2948,-1.628755214477174
1.2133348421009087,-0.68505,-2.19684478690549
0.36063507584061527,-0.8779,-0.95946836002005
1.0719891261001402,-2.9943,-1.646231324214633
0.8261645014363742,-0.71591,-1.676121883710982
0.5674867852306644,-1.1375,-1.598024370319849
1.2136960392078466,-2.84,-4.154832166630421
0.32442853074280625,-0.73,-1.000980256937141
1.2206012879846295,-2.7693,-1.90935020799789
0.3613049521429907,0.8148,0.4868547608182993
0.46256161290634296,-0.82063,-1.284720629702968
0.6613031948793963,0.025447,-0.6899264671305708
0.96233025138871,-1.53,-0.105187597335354
0.37578648460004366,-0.94502,-0.7232743301728597
0.7391160607924208,-1.993,-1.129031052003402
2.7845250713697878,-4.0654,-0.9524549839111666
1.1255852825068144,-0.049056,-1.175041207218046
1.0066319974643767,-3.862,-2.814356953967982
0.4909718040285626,0.8351,0.2028804951998953
0.31478120121707315,-1.0989,-0.92860768587895
0.22978805212238673,0.99999,0.792900083032313
1.981740584192765,-3.5178,-1.377026804201724
0.24517071318584246,0.63985,0.4543602320314908
0.2704350081547511,0.5762,0.6546102464737309
0.5623674368439804,0.76662,0.3805109154921458
0.35753992291711917,0.9864,1.325981236576224
0.46469517774615615,0.73473,0.396121356772605
0.5357674688561045,-3.5891,-4.059396962622019
0.18370406327842706,0.85035,0.7906704674004809
1.0768855929350123,1.4942,0.4077532627752609
0.35320754714671554,-0.6778,-0.9728840707164406
0.7649332367733682,0.8352,-0.1113805570685468
0.6127260147917724,0.41456,-0.1055337037452869
0.9393225209041581,1.1245,-0.0111753950005268
1.0304206101334752,0.63028,-0.4891520369416148
0.3473343247259118,-1.425,-1.587292045383275
0.726176549336783,-1.4877,-0.654123993200743
0.7683409457771714,-2.7,-1.738372507839506
1.4534984575705554,-0.81858,-2.771705526606922
0.21125085814458536,-2.898,-2.937494193797621
0.28533533622469515,-1.57,-1.334033693615772
0.5618694153313281,-1.9815,-2.47660014304573
0.32701378097869843,-2.6227,-2.670069871482862
0.3856396412856774,-2.03,-1.761741038943875
0.62717355333638,-2.99,-3.524013797348692
0.8407379759128152,-4.0,-3.163643864237975
0.5619934785375125,-2.7,-3.019344160875478
0.10739652752872067,-0.9801,-0.977543213937663
0.1921484098436945,-1.5888,-1.734269789402857
0.40930506923920495,-1.9337,-1.661841902856406
0.23753267035135323,-2.7455,-2.775958004068645
0.16569073219931277,-1.8239,-1.857103904085618
0.24332998908393327,-2.503,-2.655868405917602
0.39235307164219274,-1.21,-1.300076770695374
0.2000706664521814,-2.13,-2.140716714260764
0.2520647255527119,-2.01,-2.222074525863147
0.5544478826356328,-1.46,-1.958897598672879
0.9264582780559448,-3.6268,-2.825889470497129
0.7549759211271504,-2.0256,-2.503720856677608
0.9371498474997777,-4.7731,-4.260813130094835
0.5910335190911818,0.21171,-0.26364796254183
1.7850969567522075,-2.5036,-0.5454882393511803
1.8821603914348017,-4.2263,-2.111385134780729
0.1998164942298003,-1.9506,-1.839139998890038
0.6693796939242879,-1.0004,-0.1936634264883135
0.3318724707790943,-0.7034,-0.91767535531734
0.129787215343892,-2.5813,-2.676119948701007
0.4492579362609343,0.08131,-0.1274410268951051
0.9379493871150235,-0.58127,0.4369491898798982
0.30492236590740196,-1.1982,-0.961469337096389
0.4492579362609343,0.50561,-0.1274410268951051
0.3589142500215104,-0.72611,-0.9360497219613112
1.7806393473350173,0.6187,-0.7354105751897944
1.7632316788651508,0.16654,-1.428129293156933
1.6637897711363616,-2.642,-0.6412603512367097
0.5186241062173823,0.64563,0.7666683744374767
0.8569571355575425,0.60741,-0.1810559815533729
0.5804129464461755,-1.707,-2.180568733760882
0.22449690113477214,0.074696,0.0791097504105758
1.0909838739771174,-0.2586,-1.559657293529205
0.7226085427115714,-1.9259,-1.19262056222573
0.5128392763735978,-5.134,-4.634774337589931
0.7658964211039115,-2.0734,-1.260672511229714
0.8502948919098281,-5.4418,-4.678117275902594
0.503504625361976,-1.6131,-2.047448913246312
1.1884685707732812,-3.4086,-1.892266621222299
0.3586983761336663,-3.8866,-4.298997093446289
0.6106100646920323,-5.8808,-5.42369376923835
0.25386977955433915,-3.5843,-3.517200771865306
0.5143708999859284,-1.663,-2.103618449210681
0.3559930739145969,-2.1106,-1.861992860602097
1.1937134005489078,-0.9974,-2.438558149561028
0.30360665513974927,-3.8557,-4.05471045832555
0.5011576631883444,-3.0091,-3.547516590974278
1.0419993161820498,-0.96757,-2.001857509083359
0.8227355329579329,-5.444,-4.682253841789367
0.5894801697139533,-5.16,-4.885342689000027
0.20542512032941324,-3.93,-4.102622395975866
0.535946421721782,-2.3033,-2.812575268520883
0.6174864929097639,-3.0643,-2.513575425907423
0.39671697769815184,-7.1031,-7.182405356968788
0.4624679190518113,-2.4815,-2.72911999804476
0.4439085994854907,-2.1584,-1.919384679004947
0.31582335039025894,-2.77,-2.447338156227615
0.1739589827598046,-3.48,-3.439703503352905
0.1525754115403934,-3.7786,-3.837134318094813
0.417435482491771,-1.2189,-1.585742435100184
0.3577807872122132,-0.33652,-0.709802843549499
0.5726214277185437,1.0406,0.4733365178020152
0.536954960764738,-0.6605,-1.191682271924307
0.8182689803680105,-2.63,-1.751077010519806
0.8129576567893799,-2.24,-0.8499753796312357
0.34780027857811435,-2.33,-2.045389996611382
0.8182689803680105,-2.4857,-1.751077010519715
0.6803665139100556,-2.274,-1.482542680895103
0.5882094461042429,-1.2191,-1.619638689978901
1.1781658952486018,-2.0906,-0.7925210631301695
0.9938123698752878,0.71539,-0.112393412114631
1.973507933896924,-4.08,-1.969581012340535
0.5014511462414899,-0.9473,-1.335365664751769
1.5171902102611277,-5.1432,-3.719453720553231
0.2720331434891557,-5.1084,-5.201116330512294
1.158461274110996,-0.30943,-1.168367250626298
2.3589375187238883,-4.6678,-1.46281585718391
0.679097760483692,-0.47258,0.1553170779332094
2.1315989983095247,-3.5562,-1.227728289325915
1.008051729745531,-5.6484,-4.86263171900543
0.6183959603276299,0.73196,0.1640354328456854
0.2938496549426463,0.70667,0.1966233220554087
0.11261349659130344,0.41106,0.4671128766727928
1.334603456189636,-5.2606,-3.796077130728858
0.5538659407768666,0.5864,0.169390411808252
2.0213333299378062,-1.0993,-2.897713244012203
0.5613682550663163,-1.5755,-1.316850477954673
1.314935817751498,-6.224,-5.208329138709029
0.41874535371472127,0.83835,0.6702793076456393
0.5304584158656931,-3.0614,-2.947739082619116
1.0909788068305761,-1.3026,-2.370123888496261
0.20595248764777938,0.34541,0.2030350369039184
2.101677971502216,-6.2861,-3.773412918423398
0.4816205948285216,1.0452,0.6161840728138275
0.665876250353675,-0.70739,0.1308303855559746
0.14094338195900907,0.11899,0.1528163264788475
0.16473101142161498,0.30108,0.3035520611824559
0.567404131567066,0.057961,0.0825672665521894
0.36075135958059434,-3.4266,-3.645709120668738
0.10351001807351629,-2.0529,-2.081044224352131
0.3281382269114102,-1.4823,-1.623575582716259
0.1899771016062801,-2.6026,-2.668523436409347
0.7160156877737957,-4.3967,-3.709209298496178
0.5961952529622698,-5.47,-4.822127666717163
0.36190121824656596,-1.2609,-1.511433649588773
0.5659357707759123,-3.16,-2.652600106046389
0.14808465772140497,-4.0609,-4.121854252210571
0.580439920046685,-5.5702,-5.013311981461333
1.2480085986867835,-5.6579,-4.049735591164974
0.47700919829422433,-5.5511,-5.676123073304139
0.6059052024145554,-5.03,-4.498635563425804
0.7309859822351286,-0.80166,-1.724110875325877
1.1543907242339018,-2.13,-3.612254072487543
0.27519724989036903,-2.47,-2.371448336026446
0.1858719620524739,-3.8633,-3.819758989195493
0.6071662174858025,-3.26,-3.780530245376179
0.4570217011365664,-5.48,-5.08353655352408
3.092236956624437,-8.3725,-4.557328645896066
0.4203156452970884,-3.3834,-3.805717908262798
1.113971200206338,-3.2959,-1.784685605646649
0.7218553319572042,-5.2951,-4.524089151403805
0.435764106711277,-5.679,-5.536512356265414
1.0254851175719848,-3.6693,-4.956453019896008
1.0160807876182734,-2.83,-4.112780227578102
0.45836973288338945,-3.3978,-2.947997503617144
0.22737225171216682,-3.2654,-3.365785511674396
0.16346791195878232,-6.7847,-6.680937454008036
0.6120671467244709,0.30218,-0.3508271631517254
1.274366682363568,-5.9681,-4.385400865983953
0.21414885005502954,0.32,0.4953576020020509
0.4458917597919773,0.88049,1.178578037744923
0.5273492704392337,-3.9,-3.346193038123435
0.47423810407530126,-2.6802,-3.063064050471968
0.6612889531759383,-5.0833,-4.703576057431002
1.8582466310756873,-1.3294,-3.687290006724322
0.26170890516346257,-2.11,-2.281379760589641
0.8157383244454011,-7.4033,-7.997411651824828
0.7840355146850798,-2.27,-3.064738074776968
0.8992885472629335,-7.6922,-7.023140878803741
2.1410986962316105,-7.8433,-5.006461124729281
0.2586215287811824,-3.0276,-3.217011252770208
1.1036410165063748,-5.5299,-4.215851921777745
0.4602629616793193,-7.4618,-7.745922939765549
1.635097472948775,-0.5695,-1.925922698985874
0.5853890416532438,-4.3092,-3.804155537338127
0.25016387933189577,-3.0276,-3.217225190810679
0.8007522109421088,-5.6472,-5.163752802903408
0.17569010720398948,-2.41,-2.431085378599255
0.309176715556576,-3.4401,-3.179396065581476
0.3674863884723685,-4.0201,-4.22056314650614
0.3406815651295353,-1.4705,-1.599671507643081
0.8262653251882744,-4.5784,-5.330767368562374
0.8432304754777427,-2.9771,-2.062198508149765
0.19314830778943445,-2.9778,-3.134951323600331
0.47946783227819373,-2.2587,-2.460420954050893
0.2584142534677396,-3.0276,-3.246046390318112
0.2898117477025165,-2.1848,-2.192872835803873
0.3713566534730044,-0.92,-1.321254099513941
0.9358238693614926,-4.52,-5.563696891499621
0.6570132564090533,-4.18,-4.692905812852691
0.650305842252659,-4.3659,-3.657568477982752
0.4535824461897809,-4.3659,-3.970696528495309
0.40178970396251323,-0.39303,-0.8326745921093381
0.3933652574546319,-2.54,-2.257907020363399
0.24793454665759804,-2.0201,-2.049757348298439
0.5654463410477253,-1.2883,-1.658135580094917
0.5071229262260841,0.28133,-0.2399993258168626
0.6499344727930663,-2.67,-3.062136043501931
0.1622338630545074,-6.0118,-5.856293281542031
0.14897781874400745,-3.2574,-3.237438227898238
0.5793116119303522,-2.9981,-2.265601790398431
0.26880220119500453,-2.678,-2.910917722484849
0.46459001341843553,-1.8392,-1.487872877536461
1.6960712861615799,-9.4075,-7.087406177631026
0.6356596876544505,-3.8523,-2.711684244100482
0.08521925496313316,-0.93,-0.9175918055171538
0.35765213634514725,-0.3225,0.1284281103279251
0.9481494094181673,0.19867,-0.7462576354318219
0.3998950545742515,-1.5241,-1.201406341033004
0.24065724078044645,0.58858,0.2630693118062519
0.3707710549002526,-2.027,-2.34929686633192
0.4946352110877079,-0.4541,-0.9168232673451666
0.3969275179301327,-2.2766,-2.615210560496521
1.4747769268633024,-5.16,-3.247436755870292
0.8582193264166927,-1.0197,-1.92827703147693
1.058833729769953,0.9861,-0.5158050220548848
0.2829534959295744,-2.9237,-2.982643177681447
0.08521925496313316,-0.9313,-0.9175918055171538
2.0606019916772387,-3.2961,-5.688310210806196
0.28628240197121246,0.36,0.2128957677902933
0.24065724078044645,0.37592,0.2630693118062519
0.3123229301664901,-0.3063,-0.5598356176405264
0.16634997054209166,-1.15,-1.155765281202753
1.0592023871036245,-2.4758,-1.13804621524142
0.5393894842192333,-3.41,-3.868936498010467
0.5918409406450101,-0.8358,-1.41680751766028
3.6263743654251273,-7.6026,-1.87413940366563
0.48884260162783155,-3.0559,-3.335625966338307
1.560716297356344,-2.01,-4.073675098529555
0.2578634534638306,0.01,0.2099589566001593
1.1419239744376266,-2.8738,-1.318279276934224
0.7263099383440865,-4.8658,-4.250399777332014
0.44402438181051485,-3.57,-3.127430097373985
0.8856373394629773,-1.1309,-2.322472721757292
1.1828282096875982,-7.12,-5.774523174756865
0.32692456370912637,-1.2074,-1.223301491270547
1.2257580752270265,-6.14,-4.890755872128437
0.5118347739834597,-1.1043,-1.444812256439121
1.117514086896173,-1.4489,-2.770114710487144
1.2556776780463972,-1.9595,-3.363386974856189
0.6499066428068356,-2.1461,-1.402535986244846
0.7466249583633194,0.1094,-0.5656237019688318
0.46335054867441505,-2.4446,-2.631978929051344
0.34933249961926116,-2.0527,-1.887796467357534
0.8585573422420097,-1.319,-2.415283822815764
1.2257580752270265,-6.14,-4.890755872128437
1.3287122196495955,0.54307,-1.229757846011022
0.30680127307068894,-0.95891,-0.9938312866729976
1.0129466912383776,-0.18046,-1.270569631289114
1.0610003407906157,-4.1495,-5.436937098912585
0.9267984151595319,-2.832,-1.745290152730181
0.29433714066703254,-2.4279,-2.277630059354374
0.4363319334406721,-0.82577,-1.191827104263186
0.34929662036896497,-2.1367,-1.776433619719861
0.6977485476403558,-3.495,-2.587041366311628
0.4638337937137214,-4.08,-3.765428389896844
0.6201359077869736,-1.579,-2.393275755149229
0.6164516379992814,-3.98,-3.190784756830226
0.2491605625917633,-0.9278,-1.019697555109924
1.8870698033176427,-6.01,-3.57418986219694
0.7476140840163421,-2.8141,-3.286576704460908
0.3411793877226455,-3.13,-2.78897927179798
1.6985417893424581,-0.043,-2.446445338834089
0.5185170023466221,-1.7038,-2.179780025892644
0.6010566541213049,-1.9901,-1.389956075952553
0.46441832073535705,-2.5657,-2.079504976509477
0.3428616666428049,-1.9902,-1.669163033952526
0.2767479065940233,-3.25,-3.113755968985451
0.11636029076047252,-1.2566,-1.262004231937547
0.27766711693021273,-4.103,-3.94373685899913
2.5662393199670444,-2.2334,-5.499499543776131
0.24927265013622749,-1.45,-1.25552688147934
1.3185363185570416,-2.8349,-4.539834410519953
0.7102423494335413,-1.935,-1.056286971343771
1.314027735902608,-8.55,-7.19261282583647
1.053199795261956,-1.6,-2.711283692769258
4.096464283172888,-0.69281,-6.061843303943039
0.9996160251091821,-3.82,-4.889801956633511
0.9085391322777018,-2.73,-3.796891841850342
0.8179130272980853,-2.545,-3.418015934862334
0.8389102927167147,-4.82,-3.852809348686371
0.6695974984535037,-0.98744,-1.282630854905867
0.1822973573490437,-1.8268,-1.793545486552135
0.4497728310190773,0.39048,0.0778958935364049
0.31250397676285113,-1.9619,-1.67176046270941
0.4949400640066882,0.029622,0.4798034940439225
0.5170251633201797,-2.2594,-1.77867518014822
0.31175586611,-1.8434,-1.548669067339275
0.2933076739333733,0.275,0.0735742264563248
0.9185118402246494,-1.24,-2.542520541278972
0.38650670849988444,0.42525,0.1364065487528866
0.38906209054344015,-2.33,-1.991713657565612
0.22317918527033584,-2.3473,-2.139395532596393
1.1040231646689476,0.8177,-0.8255186275518561
0.21429064373821585,-0.90978,-1.046188996855765
0.35960540994739437,-1.7639,-2.111704477083803
0.9267637979753954,-3.8533,-2.781446233095343
0.7174163918600653,-3.4833,-2.826240662085785
0.5215736090908681,-2.0825,-2.525249617678794
0.3805895601698818,-4.2276,-4.46561990927434
1.154741924958814,-0.96,-2.373993768284568
0.2873974760364818,-1.78,-2.115449929443406
0.6164275908405535,-0.79958,-0.1934465078224312
0.6040084838670743,-3.046,-2.475046423697584
0.5092150953027058,-3.699,-4.253285885991976
0.4227868252156091,-3.99,-3.59894721418697
0.29150165414053064,0.2929,0.4171820271264472
0.34515097556145724,-3.6567,-3.280269405006714
1.0910453251586125,0.68581,-0.5908213270824685
0.6521997971345391,0.19693,-0.5336436604284138
0.2134594998790107,-0.6,-0.5894587070803847
0.5239777930687318,-2.7,-2.133371004195266
0.6345663343029941,0.75492,0.1040641259778919
0.9275960049657875,-3.57,-2.699440158965551
0.31977797079927844,-2.61,-2.849982305416225
0.5145100306016461,-3.0305,-2.537292064617322
0.3923704730940705,-1.7033,-1.320968034921886
0.6433852485768845,0.65425,-0.1416935720227532
0.5153958136494322,-2.3922,-2.140185176684001
0.4484159685392621,-1.4958,-1.842716879502317
0.1779801811310366,-1.8982,-1.840089978688886
0.3796044190157495,-1.9369,-1.651584761025211
0.18105782013850028,-4.287,-4.396049984242294
0.2633395480707311,-0.8471,-1.085292188026525
0.3475116810872965,-1.1,-1.38090570686003
0.13035985550870596,-2.014,-1.94551215776525
0.5509640751379251,0.59135,0.0672119740523812
2.705643097869637,-1.0592,-4.622831338527222
0.8438503885393938,-2.8925,-2.04134442765889
0.6553841811821864,-6.8129,-6.426847173185337
1.1752199807157884,-8.5526,-7.722163959779495
0.08405000117678975,-7.2913,-7.296778631727982
0.165126799045422,-7.0259,-6.87829179900028
0.6295533243389414,-2.85,-3.614156846888659
0.491926016692099,-5.2148,-5.465641348510742
0.5326033142816606,-2.44,-2.706537026544159
0.6300031405283844,-1.33,-0.6679949110622799
1.293472987851283,-1.5,-2.756432447441182
0.3116823966106132,-2.806,-2.589618785065904
1.0263360238197032,-1.3401,-2.352552467103393
0.7508503467684383,-2.7623,-3.292333799366436
1.1342576054369942,-3.8118,-5.257896018409806
0.9287651860963239,-5.3633,-4.510274968132677
1.3455327014537977,-8.2788,-6.797028694379742
0.3348702736286357,0.9288,1.20799473300388
0.5525081261458158,-0.4755,-0.8352625539990884
0.3580409247625759,-6.4917,-6.383612545897194
0.3695976595231897,-1.2898,-1.396003470855796
0.5027667012909011,-0.4109,-0.8462787190551535
0.43687826882556663,-0.2837,-0.6401763281919508
0.47220048546102683,-3.3159,-3.005788579184981
0.21840065297672978,-0.98988,-0.9983452202450142
1.465371170075561,0.75921,-1.18835701694506
0.21459247077784432,-0.71,-0.8495636928082404
0.2945832717165328,-1.3753,-1.145120725767127
0.31647207723078763,-1.78,-2.043054069394824
0.3259247060768427,-4.12,-4.136428824263752
0.41408043268260314,-1.204,-1.600024347848281
1.735226086328482,-8.8783,-6.712419380999849
0.5033311566254038,-3.2741,-2.737513787089345
0.5740844031170724,-2.7354,-2.127784755231193
0.7549963751743753,-0.4471,-1.302629068737481
0.6089242685658461,-1.3982,-2.033089626784789
0.47811887505281125,-3.9125,-4.288099130446525
0.46390866422772886,-4.8733,-5.050307463571768
0.5921306316043573,0.057509,-0.5808288920971013
0.8849322865771019,-3.3903,-4.027978273509716
0.9081270818843354,-2.11,-2.818795298829619
0.8851452960057072,0.81214,-0.1684439447761315
0.2905477486398458,-2.7,-2.531180814188544
0.2905477486398458,-2.7013,-2.531180814188544
0.2991711268235472,-1.5146,-1.317118974341485
0.6553023447080245,-1.6394,-2.453782883944134
0.4209960374141561,-4.796,-4.685967058934449
0.524338468956308,-1.7305,-1.541529714684798
0.3521983791165828,-2.8111,-2.725091922314228
0.24373705031121745,-2.3273,-2.214798329053134
0.32135681760610746,-1.73,-1.540407357992486
0.8080200747669061,-2.0908,-2.91855350528813
0.8288554696159145,-0.9012,-1.622424428568258
1.5379592241705882,0.14092,-2.053494430943072
1.1696203292422005,-0.42786,-1.933344560694248
0.8448200381358332,-1.3767,-0.3145084417292653
0.5559702284386081,-0.77,-0.2041577156100216
0.7041092048992524,-7.1336,-7.452780044442596
1.5828257648003656,-1.52,-3.422997380217079
1.9975095244769916,-8.6461,-6.200608232512554
0.4384934100464708,-1.2081,-1.54952795806649
1.063824767905286,-8.6957,-7.359911247009137
1.4584300045578107,-5.4947,-3.651086785147039
1.070723861052132,-5.3277,-4.141150681770296
0.5792905319164455,-6.4573,-7.226119152811815
0.21760966995093237,-4.5602,-4.546850077582792
1.489542886831799,-5.0517,-3.36535277439669
1.5059876643803036,-5.19,-3.278127152030138
1.147002672684676,1.2572,-0.1565682743277212
0.6771613893079466,-5.5905,-5.926167724705305
0.6731857881943177,-3.2984,-4.018378871180889
1.4078210757839806,-7.9586,-6.306064201257278
0.7627923445050054,-5.6149,-4.825402658162113
0.4211912394681637,-4.1993,-4.458383333756759
0.22327654462283017,-3.6213,-3.546467579935713
1.2191717862077116,-5.3107,-4.037988262371783
0.6335881667480457,-3.433,-3.898913803861598
0.45923171403599883,0.051562,-0.316575224054484
0.30076722088679025,0.6082,0.3983321650738119
0.2562374329072725,-2.88,-2.799584667818085
0.8132077338126703,-4.2566,-3.384132994739222
0.4241886868776002,-1.7117,-1.884970849017883
0.6181779527002693,-0.74,-1.425257271796156
0.42966766826150665,-5.18,-4.854775430351014
0.6104993839956151,-2.2251,-1.750057615466133
0.5504752286309604,-3.153,-3.553020899245202
0.7046553833177073,-1.2714,-0.5289956427588381
0.38965416074670517,-0.20167,0.07051575362581
0.39074468906557525,-0.53419,-0.3613207263801611
0.4420145680944351,-0.40426,0.0220003155972803
0.3727911119686454,-5.5607,-5.395226517656969
0.28495049674503925,-3.5796,-3.400300952326026
0.666800946897948,-2.4165,-1.671735323685021
1.608452361740439,-7.29,-5.323024263992308
0.3134943634662678,-1.89,-1.703353467582976
0.7138137847447357,-2.5417,-1.787608482813891
0.1739787312334542,-3.1522,-3.062848481960363
0.5242758747339528,-2.774,-3.31533091557401
0.24106545149347486,-3.8458,-4.025487161730737
0.27248293795333056,-0.33492,-0.3297894812552855
0.35978570856218167,1.07,0.7612144609576906
0.3053162961990196,-0.60086,-0.3501438594862739
0.27372875960717824,-1.4708,-1.323037015523735
0.788039275926015,-3.38,-2.758539325266141
1.3157526104595658,-2.6008,-4.110119557468855
0.15589934831940383,-3.92,-3.979683626749098
0.35578924208473134,-4.832,-4.593118004624694
0.2882191404815334,-4.1157,-4.290763500711759
0.5997213244692164,-1.0418,-1.657007689109762
0.5787556935059052,-0.4,0.1395953086532004
0.34278158899234307,-3.5099,-3.750745287392637
0.4670567609837783,-2.12,-1.758255996971106
0.7231850776712992,-2.71,-1.760399365788871
0.2866873181286086,-0.47142,-0.3376977470781292
0.3855843652985294,-2.99,-2.645898014185741
0.7819480518585452,-2.5716,-1.699807175323009
1.0871760586274108,-1.77,-0.3502651064215088
0.6468805587832485,-1.2563,-1.904913938950294
0.8703126500299909,0.34037,-0.6409584864198656
0.7181146725812946,-3.46,-2.591642691039596
0.266851629507837,-3.93,-4.114576974361147
0.3383623110680368,-1.25,-1.198538758225525
0.37475071033769713,-1.89,-1.541482972917768
0.31989776171971285,-5.5463,-5.23586416237072
0.9986442331049816,-2.932,-1.977075131770559
1.340450442670492,-4.6928,-3.050583820636834
0.6380983648782562,-2.61,-2.005911085308548
1.0002377626652548,-0.58948,-1.595812111860545
0.6363966800656343,-4.1611,-4.614624759682338
0.8820315678368044,-3.7107,-4.670292199907986
0.1405308692702821,-1.2298,-1.154106503579812
1.293927337844642,0.93616,-0.7498532432926308
0.39759735779116334,-3.664,-3.334173149794301
0.8587352192559671,-1.9962,-2.791241047654878
1.0549362656121093,-4.7,-3.352386244198944
0.7788014796870856,-3.5175,-4.265543793540435
0.748889692402701,-4.99,-4.385395633179254
0.7445486965167425,-0.98387,-1.692486818065826
0.7581523168425592,-2.4245,-3.223485019190212
0.5377927866872272,-3.9618,-4.350490567033247
0.23726017678341418,-2.0346,-2.227229224616202
0.3700160645704619,-3.5972,-3.324104331301773
0.34414969608564117,-2.0,-1.64032183508334
1.0616070248424014,0.87768,-0.0942585095226485
0.6075952481067618,-3.5954,-3.013471391896675
0.4279955126069223,-1.2496,-1.57568180291364
0.3109763172344631,0.29187,0.1891890734148439
0.4350377022421465,-0.71392,-1.030294569249424
0.5935684129366056,-5.5936,-5.598550407515932
0.40200269407104733,-1.4052,-1.077856902900969
0.8942897879273047,-3.8467,-2.715220454027963
0.7093695374570186,-4.45,-5.211903359608739
0.9525388561179434,-3.5656,-4.848464842976218
0.7387293949691215,-0.91987,-1.793601177458306
0.44805855359491276,0.92779,0.5245773274231715
0.20765142336104472,-5.0365,-5.038746769439165
0.18448570027489222,-2.6472,-2.60188821205714
0.4156428380934399,-0.86272,-1.320759471322874
0.5874832278796306,-3.8003,-3.097166227673873
0.319861599780199,-1.8101,-2.150592528961542
0.15551161135745284,-1.544,-1.573018668804973
0.3321433815408617,-0.7835,-1.121764199520871
0.33139015721438675,-2.9085,-3.230013112931228
0.28764673836983684,-1.23,-1.037067784152895
0.4513553329452556,-2.1558,-1.84967691173793
0.42908759190680223,-2.6464,-3.145340321085313
0.13843274694699137,-1.1998,-1.082602758874633
0.2883164281838739,-1.8138,-2.043430198970298
0.24341981272376828,-0.10643,-0.3015733662581144
0.3572944196166534,-0.69632,-1.000105380539397
0.5873657870999653,-4.0902,-3.827305228154311
0.37063414910946996,-1.96,-1.628945544197562
0.48904487237474986,-1.8416,-2.179427806784257
0.29566240669169647,-2.5395,-2.839892017431409
0.3188357878722542,-3.5377,-3.340259986926051
0.3306864998380236,-2.5323,-2.701749323180494
0.27263522155883185,-2.8043,-2.950434319709097
0.5953528908775916,-2.573,-3.108868756756335
1.0458448396456062,-2.1941,-0.8813125695168776
0.2624956642519654,-2.3634,-2.27084642677078
0.40382279450253505,0.9995,0.5016766696568206
0.37900489605562626,-1.0006,-0.579631387032467
1.8269197983492271,-4.6051,-2.811478948950847
1.0091532346671035,0.6844,-0.3928218739150654
2.291017922446842,0.26419,-2.450947852347459
1.861886077736171,0.051391,-1.760750937032066
1.512459297615896,-0.35418,-2.033117654455725
0.5231642173881571,0.064975,0.4784273544119115
0.3387914860804602,-1.5997,-1.686011314750804
1.2219064952591263,0.52426,-0.7003953468278138
1.0092332203540004,-1.5848,-0.6850777038432452
0.9000283267338766,-7.8957,-7.267664758839467
0.6874865113730698,-7.8957,-7.365507579681987
0.8716216154800438,0.43143,-0.6201135226939651
1.342960967312235,-7.8133,-6.484097815772932
0.9572339903556321,-0.032645,-0.5373866464430778
1.8334265441271724,1.9675,-0.3841061964526949
0.9189367540368275,-2.7108,-1.991472660511733
0.4928940287650412,-1.4592,-1.577231073437078
0.505976220717217,-1.2096,-1.042232780207706
0.7128145288155611,0.45811,-0.0387545310658559
0.8836978808295813,-1.1159,-1.880002899206593
0.34091588061662065,0.37095,0.3059277029619024
0.18310160745730708,0.33275,0.444852012896665
1.7830983856348996,-2.7476,-0.3841916658375082
0.28362935364440556,-0.078419,0.0202058066722081
0.7821290189166489,-1.4486,-2.271284021629012
0.37622888511417046,-2.7428,-3.121618209752513
0.4371356136347734,-4.32,-3.863019654929063
2.3592851853473413,-4.5667,-1.16614758961454
1.0541481853234074,-2.48,-3.54913466539579
2.1113829859001303,-2.0061,-4.660972303269071
0.9120951145927805,-0.35443,-1.510332997369461
0.2778233061120872,0.59019,0.5710107531846551
0.09701228258275936,-2.2646,-2.281602647487082
0.23728454315320163,-4.5523,-4.632525758124588
0.10600363746936094,-2.6971,-2.630672590977817
1.8987206611806373,-5.154,-3.164446133319747
0.3045208524751939,-3.6709,-3.541176431590517
0.21663067790782553,-5.9019,-6.057260542985469
0.4438588969899117,-3.222,-2.872185203851096
0.6373807321486695,-2.96,-3.786242837585968
1.3566930105606425,0.02011,-1.645593264952354
1.1974051260817717,-5.37,-6.451627405851202
0.362057989070186,-5.67,-5.817709879774538
0.8000848422161294,-7.5431,-7.048786769747851
0.27568547348276673,-2.7688,-2.507566242588548
1.2375021250319718,-9.6305,-8.122307608476719
0.3308100250118746,-2.4572,-2.159437524746752
0.2573259786854499,0.40435,0.5852967513665234
0.07247826758034655,0.64,0.6455773305135731
0.3530240456415297,-0.0058,0.0780342227432271
0.1772668356129653,-4.1938,-4.220323062283304
0.4452674747352281,-4.496,-4.94340716253329
1.5660588609045818,-0.52,-2.339110889446292
0.7594891435168707,-4.9663,-4.017306690268485
1.0576441050369996,-5.0084,-3.821903504392299
0.3841011252917926,-1.4601,-1.878672873825469
1.1061956306011083,-4.115,-5.4824698656275
0.3432834150332614,-0.1713,0.0715081481777968
1.1379012973673353,-4.4557,-3.572780074182452
0.6141810900598292,-1.0627,-0.607089073439885
0.48407939814587847,-2.7377,-2.139601490061795
0.1607198474035886,-3.96,-4.056407214997719
0.6849365550417962,-4.5239,-3.810365661718158
0.4273899514655419,-1.25,-1.782969845979377
0.5268099835491044,-2.9772,-2.353481629122095
0.4265176569364707,-0.70589,-1.222137267812857
0.2559514371769137,-1.5101,-1.763264505553892
0.1607198474035886,-3.95,-4.056407214997719
0.39638432925296796,-1.3285,-1.791018280291969
1.2335494704135999,-2.5748,-4.110263982654126
0.9465411142057057,-4.8145,-5.64773884645256
0.2834524657922918,-3.3031,-3.330195728126741
0.5686644113658132,-1.99,-2.713288884309265
0.2679998640935715,-0.40913,-0.6178149061055191
0.3415198755562801,-0.88,-1.284811366046664
0.2028438110940404,-2.0713,-2.032401298338876
0.6500029041205556,1.02,0.3527779491401519
0.16653002681267548,0.48329,0.6166034384208775
0.8334048067349449,-2.81,-2.043538671648888
0.42378254750741967,-0.91993,-1.427490784332628
0.3730918766328907,-1.1304,-1.381602244985336
0.48939948575424497,-1.0278,-0.5434281132699466
0.7145589328833322,-0.39081,0.4240924739809482
0.7546116114549973,-2.0817,-1.627939019491669
0.6947503227380938,-3.1,-2.416096724953683
0.32446769565182926,0.82925,1.014473673614283
0.6197531411558356,-0.082345,-0.7356642666366122
0.6624719416603854,-3.5657,-2.841254124590616
0.5237650728737683,0.052795,-0.5316866332847819
0.35344661984201786,-3.233,-2.856519405755459
0.134640000379748,-2.5314,-2.557535191069314
0.2772085788921286,-1.6615,-1.924115419844619
0.21091051628438443,-1.8148,-1.652948978924138
0.24534463490783032,-3.0948,-2.917032203705864
0.1788166632263643,-2.0439,-1.958323387958762
0.22121475582664743,-2.248,-1.98608069358013
0.6080531867242466,-2.746,-2.049449245486584
0.2084315702366273,0.68981,0.838313226063198
0.138918998029272,0.81517,0.8011313582670054
0.5027899246497023,0.81517,1.188586316950741
0.4053499862460825,-2.33,-2.623791928942238
0.8058110498019114,-1.84,-0.997503950497272
1.327576723827577,-0.75,-1.903151033783185
1.0331278153624306,-4.2871,-5.457110196218537
0.19287852686181556,0.0093,-0.0788104229669416
0.1592644141652066,-1.38,-1.270255574474361
0.44389986787080177,-2.0951,-1.816777099468881
0.18096249453037794,-1.2725,-1.398617283879674
1.082554632328658,1.6264,0.1500784379399576
0.3056635597557449,1.0941,0.7919750393479119
0.29665299511257803,-0.022495,-0.2067563710889593
0.13419089691658406,1.1186,1.142980450131718
0.2945775923716791,-3.5825,-3.515855922088059
0.24470838958638336,-0.65669,-0.4851927074398708
2.071375673642638,-4.9353,-2.465311321040359
3.837611457418729,-4.3585,0.6931926738407594
0.9518810971690185,-4.04,-5.332771797312528
0.9518810971690185,-6.0988,-5.332771797312528
0.49127944381306504,-3.8203,-4.192788998279692
0.33617708621393805,-2.1411,-2.379572876734103
0.5380268570077574,0.91297,0.1662447200653297
1.1958425557374408,-3.7998,-2.38165970008893
0.3412308464619463,-0.32514,-0.6078097999382831
2.792955850791282,0.0036603,-2.581087490587032
0.9748909221457864,-2.4214,-1.206828218546948
1.0908906387851138,0.16325,-1.20543394465556
0.19728658524151715,-3.7911,-3.867368912847036
0.34659136912584804,-0.90834,-0.803947739829705
1.105038405764377,-7.6317,-6.341679507011215
0.4567816959214915,-4.05,-4.301638742700835
0.19561120915523147,-4.44,-4.435984852579071
0.7132599013531699,-4.0851,-3.502021983039454
0.47609362133669186,-3.82,-3.343727950050159
0.5014023944897726,-1.9459,-2.529024104202791
0.3233313338168916,-2.1795,-2.444202110865862
0.4329512023759294,-3.1515,-2.669275106986159
0.41910092558053125,-2.5243,-2.17790192197131
0.5940401864169421,-2.95,-2.276512233042793
0.3057202894255387,-2.6471,-2.334168363211381
1.0778390861879832,-0.07654,-1.582272722592472
0.8045325595788357,-0.71,0.184591173035568
2.007111088939878,-7.5447,-4.282961022821107
1.2685442012166928,0.31439,-1.697267325788753
0.863265521422306,-8.4011,-7.550235627455887
3.0424611603940117,-1.0459,-4.971259403884384
1.054784283030265,0.3133,-0.5376039700014762
2.067939234670878,-1.9884,-4.332397992695086
0.7476579886605397,-4.0806,-4.3971706601485
3.00322207942141,-7.1015,-3.622029100165178
2.5505321866646318,0.65526,-2.001579602888395
1.3796784435349914,0.36214,-1.272153351840565
1.763856323182372,-7.0267,-5.121344492862235
0.9223948023363469,-5.254,-5.064295184195835
0.9302609010987244,1.1344,0.3885663961340652
0.4600462631751461,0.73433,0.6078816071449257
0.08201033524253258,-0.028221,0.0230441916002936
0.24047956638689932,-2.1796,-2.204048775819252
2.3646735684499087,-0.71882,-3.87922230799844
0.9045441346852094,-5.7984,-4.784492116506368
2.005532595416643,-8.9727,-6.715190136671305
3.989516721312812,-5.9788,-0.3256837783776753
1.7150790849116928,-8.1584,-6.721967817761413
1.2065096236681538,-6.6615,-7.503380400729769
0.7812700270667052,-5.0152,-5.947395415170133
0.6501875178586141,-0.31206,-0.028819226203946
1.3386780272185346,0.66212,-0.7717078325531861
1.7981746836910686,-4.4691,-2.647651192436482
0.6772979475020386,-1.4718,-2.182882196203492
0.7190479565210391,0.63701,0.0363194947326504
1.9365738814818687,-6.9474,-4.898769133726477
0.5245497603922887,-3.1964,-2.599852064517865
0.5781750945497062,0.24366,-0.0421743452588449
0.6768462640384105,-4.5192,-4.029857071996821
0.4555589750534211,1.0218,0.6310930435847093
0.32242537119452896,-1.16,-0.9421886603666864
1.696590585652504,-5.0982,-7.23107694474928
1.2036740417354164,-5.5086,-6.614165393606548
1.0237889657485146,-5.9557,-5.332980338779427
0.7690290254745734,-4.4482,-4.647846215453933
2.5743356406926226,-4.7424,-0.8411916076569721
0.6725854691975773,-0.86268,-0.1601301476141777
0.25740013043166526,-0.88815,-1.022273691992734
0.5895855766114293,-2.5199,-3.07269197254971
0.14170020993437002,-4.5779,-4.501251408111617
0.26676063266350714,-0.96764,-1.1066368962149
0.358666591307499,-5.4714,-5.752537669912483
0.1447838010515127,-1.8882,-1.753844672975733
0.8380094778498084,-7.1341,-8.056027576385938
0.12740924909593196,-6.4305,-6.495463492248808
1.1463316690035883,-0.37858,-1.877816677776777
0.32466402729648514,-2.2645,-2.629574890689625
0.5707284529410813,-1.3213,-2.046335119895258
1.8661035744313017,-9.5374,-7.345189152493023
1.7966711566829587,-6.5363,-8.743816567412665
0.36247687004223406,-4.07,-3.663848049380858
0.7246486978627421,-5.5893,-4.723727659904285
0.8703989501733372,-9.351,-8.713622102233948
0.09697700350875195,-3.0159,-2.92763496769355
0.08842429116305389,-2.4976,-2.41281417605064
0.13092954403069015,-1.9775,-1.92293353660724
0.48270234016180785,-6.2186,-5.838616434873998
0.07927774856790301,-4.0941,-4.065354456845897
0.4278589044334345,-6.1119,-6.054744346030462
0.18385475991138578,-4.4,-4.605260157889475
0.07587716474760663,-3.54,-3.530228471777958
0.7400193327973333,-3.96,-4.296803759515303
0.16146723027505697,-3.5,-3.608260139313482
0.1435889960266473,-7.8997,-7.863462050985158
0.2851390363055836,-2.0247,-1.899369202054732
0.14894130967450023,-1.68,-1.686146199961136
1.1740972726725392,-3.7126,-4.702480442124305
1.6971045897444212,-2.99,-5.287161331557672
0.8062869687809091,-5.5687,-5.070132139106288
0.6004975355593759,-6.9839,-6.888465632035222
0.6990375470034451,-7.4256,-6.603332991091118
0.5869528949355121,-2.6136,-1.91525194414867
0.4907222771740413,1.0751,0.518318703105622
0.1906067968777171,-2.3028,-2.369491901384145
0.9983465297058646,-6.3931,-5.273305404321986
0.3991320539688833,-3.4549,-3.724687550557669
0.35571893928648507,-4.3857,-4.681464503598394
0.9451827522062375,-8.11,-7.231473021928113
0.6990375470034451,-6.89,-6.603332991091118
0.48091236563418316,-1.45,-1.773987747818677
0.18425698218587294,-2.36,-2.16346570703129
0.2922320894372045,-2.51,-2.216963409850909
0.4132308129458452,-3.4441,-3.775042268540309
0.31349044823456734,-3.5321,-3.464098802554408
0.11424239718621798,-2.971,-2.922124642283912
0.8597262322813813,-1.1255,-2.361777781033833
0.9266343219360619,-4.3219,-3.479447009403392
0.2753111650915182,-4.9417,-5.180851153899249
0.18770222872053022,0.63891,0.591212099760268
1.2859520338820878,-2.1028,-2.951551007826847
1.483772346021613,-2.5982,-3.426488643677275
0.32875915656275373,-2.97,-3.070184886748359
0.5769305125440808,-4.96,-5.409817348269442
0.540898493305227,-4.3928,-4.137882308613525
0.48740572707044405,0.064106,-0.4633411846044446
0.7209177795269734,-4.8148,-4.188059311389684
0.3899812977505259,-0.694,-0.3524392991909768
1.1049361612482742,-3.3164,-2.145815940135653
0.724539903614109,-3.7248,-4.39231098304536
0.532842981690762,-3.63,-4.141109179225533
0.392870287029088,-2.3756,-1.845942095748408
1.1188590012348296,0.9189,-0.5770201199481775
0.21964354919697887,-0.4287,-0.1682082530867725
0.09795837768110084,-3.0052,-3.007449963937331
0.4728788048330642,-2.5683,-3.034306862574916
0.6350643419280122,-3.4954,-4.121495723082894
0.17872156681348322,-0.4198,-0.6460217193386313
0.6516460626794094,-6.69,-6.785094220752966
1.0880799031205621,-5.1703,-4.587330259812626
0.22664767659665178,-5.2271,-5.136979258320173
0.03666224158068556,-3.8233,-3.777170591472632
0.10642681849448606,-1.9569,-1.865763844524939
0.20220802342610156,-2.9196,-2.97744406899383
0.6762371290666063,-3.2621,-2.740471578777386
0.49846162174811914,-1.0574,-0.6775983356463551
0.6323115021711089,-2.1757,-2.637883919123149
0.7828562976046634,-3.8156,-3.018815856894662
0.9678082173913485,-1.3199,-2.304597029217361
0.40899892910159935,-0.59829,-0.2406450167818869
0.04080168062036946,-2.15,-2.136591968602372
0.8352585514870374,-5.1,-5.803449682461264
0.4541499951573515,-1.0732,-0.6523988007650311
0.04873939063969692,-0.0055178,-0.0468005552856731
0.6668217689698089,0.65908,-0.0080648345544304
0.2188637724178858,0.84909,0.7111010630261185
0.9961964011150445,-0.086408,-1.383973371030873
0.29816297514454787,-1.127,-1.464318178056671
0.9435702096724927,-2.3925,-3.584889117758743
0.57137779227137,-6.1983,-7.24726067905101
0.32384002670402756,-1.9328,-1.700341534790623
0.5083550818636183,-3.653,-3.149726112722814
0.5083550818636183,-3.61,-3.149726112722814
0.13240800535227154,-3.644,-3.817856813563538
0.34937445885040785,-0.94,-1.276516802100466
0.33559430089820297,-4.33,-4.337871299758764
0.37820604257414,-3.0419,-2.802250811952172
0.7769124989574417,0.73691,-0.1316474184157678
0.30093896626441957,0.7226,0.5097714622249909
0.18087388053790115,0.67837,0.6560960692960587
0.13164252878712326,-5.29,-5.340544174562293
0.1936020501465334,-3.69,-3.619381312710376
0.49933505863200844,-3.13,-3.659203371649851
0.16404399361713684,-4.0,-4.397134693808541
1.3184328772121217,-8.0823,-9.247320951771751
0.3363982610109708,-3.62,-3.867745916571713
0.7962176517676604,-6.0518,-5.293478760568586
0.0918691663206655,-3.59,-3.557435783188769
0.5250421189570877,-2.4517,-2.125696584953293
0.9745656684041792,-5.8358,-7.023147812484934
0.7485969331503614,-4.48,-5.329340012434077
0.384576721906696,-3.1565,-3.593022483754303
0.7535594577214433,-3.304,-4.105272409394106
0.7610783359008245,-2.2131,-3.248040356713681
0.9615959547320095,-3.31,-4.357872975288066
0.08457581667116502,-4.64,-4.593343941482446
1.3751428479590413,-6.8029,-5.144487906129763
0.24769222116038594,-4.49,-4.370197590213578
0.5217187167498762,-3.2852,-3.116648987980528
0.5164135770274989,-5.1546,-4.867813399666351
0.5164135770274989,-5.5225,-4.867813399666217
0.32724451528047216,-4.32,-4.463636347347977
0.1953070280397635,-4.02,-4.147944945451366
0.7370391611215028,-4.52,-5.337106915832136
0.1481226768755195,-6.1,-6.059012696995848
0.12305981702024998,-5.1447,-5.01876560409306
1.4792105637218274,-5.2858,-3.633594252792758
0.4573112804677016,-1.0762,-1.546744376969013
0.04873939063969692,-0.0063914,-0.0468005552856731
0.24503963262033268,-0.74473,-0.7181785502809915
0.24199237417827166,1.0452,1.16661043491555
0.4142355307243657,-3.21,-2.968198005320127
0.29816297514454787,-1.13,-1.456760238075487
0.09738765837266936,-2.87,-2.807678230838142
0.36917337626346175,-2.8485,-2.500783635949005
0.57137779227137,-7.32,-7.24726067905101
1.3143039584289766,-7.696,-6.083644000133027
1.53343837100848,-5.6696,-4.097862842922142
0.5788774325629658,-3.91,-4.430221726173833
1.2078267276211567,-2.9,-4.210178126181018
0.17790795442334645,-2.4904,-2.44948870654869
0.23235677589738035,0.3486,0.4437162138922792
0.7191696944180073,-0.78305,-1.566314183002289
0.9509535636199898,0.44603,-0.5073903121577161
0.5546984530780974,0.74963,1.379556022043793
0.6883346172914121,0.30606,-0.2803792484433199
1.5965597182281541,0.29557,-1.834194697742901
0.7142643895539196,0.35434,-0.4412291150271037
0.5079310365457077,0.36734,-0.0509974545034518
0.13869303657744925,0.30962,0.4249918740824092
0.22217043980265985,0.35441,0.6315452443524403
0.21095221874847925,0.56338,0.2932492115947271
0.17382115562785383,0.42456,0.572153610274514
0.35200710865561263,0.3277,0.6264628961454972
0.28431048595218367,-0.10751,-0.3050658900902472
0.17445107817419125,0.46728,0.3382719676353361
0.5558046836757721,0.58626,0.2115458950804011
0.38343863695355923,0.61747,0.4437888335705853
0.07128293575376476,0.64378,0.6259902694735422
1.1742832834134251,0.58895,-0.7006590519059293
0.8606179897347657,-2.9641,-2.583300986992626
1.2154981977269,-5.2406,-4.498535055545767
2.7825377831656404,-8.1654,-4.575386057436468
1.3428836104748376,0.3836,-1.257653244154867
0.2305454320422334,-2.5266,-2.501400609558142
0.48421169867400754,-0.93774,-1.315397668665099
0.7094318963353434,0.21993,-0.6432401691960827
0.5618253045688133,-0.8453,-0.3700674779672966
0.9912406770522348,-3.84,-2.784468569246504
1.2370154805156834,-2.4704,-3.938312170010657
1.039704688907569,-3.7207,-4.765288067717767
0.22124288312430218,-4.424,-4.445137135994545
1.6729634075767266,-1.8304,-3.319517626828604
0.1842746230177969,-3.4238,-3.344150501592219
0.6982278264992989,0.10745,-0.7381282707425942
0.166264540083353,-4.0838,-4.10983567402733
0.4910477760739099,-6.4868,-6.60408404661621
0.4424701548241125,-1.5798,-1.866901161699746
1.6061743122123975,-3.701,-2.312187824371129
0.23343787250105888,-3.6968,-3.775541623756792
0.3797098335729162,-3.2084,-2.808250075137813
0.24579010074861582,-0.26545,-0.3812667904051276
1.0623045792282204,-0.51119,-1.769973712396159
0.2084974612614599,-4.2287,-4.411721232851288
0.17541105683950955,-4.3558,-4.249518371542955
0.3186122097589283,-4.3558,-3.978515575495472
0.6017005556171315,-4.8137,-4.710186659792597
0.13328271219905644,-3.5603,-3.485245923915469
0.3545659377031932,-5.1861,-4.868059137315589
0.28566085253262913,0.63136,0.837994322051486
0.25052842810065323,0.66216,0.518371063240595
0.39671587533638,-3.2695,-3.205743939562895
0.2871155459185396,-2.5174,-2.790795893392717
0.7225013698043783,-4.1305,-3.306239283141896
1.0085361975432776,-0.75688,0.2456143650958881
0.27831415194475867,-1.9509,-2.151652465726264
2.667817718448806,-9.7377,-6.736397583039274
1.264415311624463,-7.7506,-7.064584977233501
2.47500363358682,-9.4072,-6.458980157709902
1.1474266838226448,-0.1796,-1.144869566679481
0.3719106173254221,-3.7665,-3.945119187939742
1.2876672322672382,-6.8388,-6.075898632768092
0.5322527108416426,-1.3653,-1.099979819838727
0.6936884130951997,-3.3189,-2.589701519296987
0.5365024212978472,-3.3263,-2.86896417906841
0.24575983586898395,-4.423,-4.163880751609991
0.15343472831731866,-3.333,-3.28255082959673
0.6682617809529237,0.72989,0.1180610156019508
0.9597425903038059,-4.42,-5.255440223374725
0.14152302304847453,-0.41427,-0.3264498310536339
0.1679980782990116,-2.4,-2.529197677873328
0.2304475151899634,-0.93995,-0.7790417543448895
0.3942412757566589,-0.62014,-0.5328130674962592
0.9510415691397932,-5.2293,-4.230031151953918
0.24425959317987164,-4.5442,-4.504781095947596
0.2928352617228693,-3.0886,-2.828462226980151
0.48984083586947663,-4.2262,-3.727795268440991
0.6570218032415867,0.79542,0.0659012390614262
0.5671370677131091,-5.2327,-5.044783644060105
0.195879158948091,-0.95246,-1.058289626336971
0.351803618968688,-0.69453,-0.4491362766685036
2.1743210569716607,-3.478,-1.278320443576707
0.6534298444593841,-6.0559,-5.203897820841644
0.7224789401208733,-6.3502,-5.47146579906604
0.34152442495310376,-4.0437,-3.674353288364813
0.23215413787319059,-2.969,-2.758766171578944
0.19266013744789862,0.16585,0.0084882755943931
1.038257924322129,-0.96026,0.1535196115370148
0.31173685951302343,-0.70671,-0.9509513813004058
0.18888549236313906,-2.9526,-2.778929673348193
0.34387600096794363,-2.0159,-1.754028034368083
0.1900758298665986,-1.4186,-1.392864067890312
0.3189652496237748,0.37539,0.0940395795042591
0.13361911606209684,-4.0359,-4.187179735346117
2.3141196546641596,-5.3357,-7.513394900044704
0.5204008842041343,-0.47827,0.1365381276923793
1.406750143304327,1.142,-0.7698504175253461
0.25160391499479273,-0.52775,-0.7535777482037016
0.10263590167057768,-2.4245,-2.470665574699144
0.37213606254913467,-0.2104,-0.4237626338070155
0.6990003299451982,-2.16,-3.044129122163204
0.7435762917982354,-3.3419,-4.189115995012254
0.31470815970511395,-4.6168,-4.694278085761293
0.44357102656317937,-6.337,-5.892475884085253
0.07717803857536207,-1.8441,-1.911435972319487
0.44548668851708006,-3.184,-3.219134031114379
1.2683439181156093,-3.5398,-1.764391226184026
0.30154871943043554,-2.6706,-2.866891572612301
1.9861587504904477,-0.39777,-2.933556152941472
2.1574835306378275,-10.3286,-8.074768702591713
0.4967084688020513,-6.4739,-6.04165996089264
2.09887665874716,-3.8994,-6.163482158533185
3.014204204610042,-3.59,-7.527226628154838
1.1653659465175057,-5.4491,-4.537864349226973
0.47625725190464807,-4.4844,-4.009676846199681
0.8425487042705538,-4.03,-3.082341756190011
0.11345637562002642,-2.03,-2.082369289253519
0.4333295976346049,-4.92,-5.121756319974812
1.0648380038901093,-2.1044,-0.6287243762443853
0.4284375216530078,0.8101,0.392923516164295
0.27220820958750763,-1.8046,-1.559846456395158
0.2874765527810167,-1.6683,-1.861512782548175
0.4169260545620622,-3.7081,-3.599805358495871
0.28421918145742675,-1.5084,-1.839960191797227
0.8995370745331869,-7.8061,-7.059050843244756
1.2753980825907287,-6.4815,-5.730329526345512
2.7441754084653502,-4.6064,-0.9440402577860532
0.28760615658606,-4.1707,-3.952840371124808
0.2783052719139027,-4.9609,-4.799415456226768
0.1442290501342881,-2.5636,-2.494824829011581
0.5491800672837015,-3.9515,-4.430070524448323
0.31328162218854244,-3.0006,-3.205154388131311
0.23393534723517084,-3.8158,-3.631602694214507
0.5454317083967921,-4.0406,-3.388422582734534
0.20177134133720867,-2.73,-2.514138196011369
0.17432451031750876,-0.515,-0.6764900591401481
0.36754606037150345,0.57,0.1578267397095776
0.5199055579258429,-2.06,-2.246612701989473
0.6713070998293921,-4.0875,-4.882681512241379
0.26582209393722894,-5.5841,-5.50105281600379
0.9743451978361837,-7.5467,-6.589404366999668
0.2001298988846411,-3.1232,-3.360225603372033
0.22135085094288878,-3.1232,-3.312387338350847
0.13992823003452717,-2.6362,-2.696455155286247
0.16587965068758262,-0.5824,-0.4807041705466184
0.39517845046495104,-1.2554,-1.847994750311301
0.1297477263170186,-1.5,-1.621556598851118
0.12031079561563564,-0.309,-0.391400931163293
0.9737317483025971,-6.597,-5.838026040898416
0.2005575052221822,-2.02,-2.23096851619974
0.3586528893506909,-2.6595,-2.401078702757858
1.33678287773519,-1.8276,-3.360302793864725
0.8015952545480165,-2.4723,-1.523559045709975
0.3003893374217922,-2.552,-2.59783118713172
0.47210540484711294,-2.2786,-2.671190975977026
0.6615736401806,-3.9781,-3.263708084292248
0.5838602182444287,-2.4743,-1.920022958622525
0.06292804204985505,-2.2473,-2.252102034889973
0.16147718497427757,-2.68,-2.508839301769591
0.09387099672863665,-4.459,-4.377755320571405
0.23852161619497475,-4.0233,-3.77328535895828
1.8092603383279866,0.094063,-1.933506967921449
0.1535060218180348,-1.7442,-1.897633992274335
0.40999805286235774,-1.62,-2.045861876451249
0.1638735337656433,-0.9452,-0.9981136403621602
0.2814632533342622,-4.72,-4.818286573733871
0.6456851670798465,-3.5932,-4.279065120544441
1.3759783218288337,-7.0093,-5.969464912141534
0.555630645102759,-2.8506,-3.434118254789356
0.32589232016296565,-2.8356,-3.121010739279682
0.4489773068448478,-3.11,-2.812055303344758
0.42340221780643217,-3.4847,-3.878655069926425
0.40001803115716983,-3.287,-3.057904256822579
0.7168854711528876,-4.417,-3.57067204043777
2.142974310582595,0.7846,-2.458451321663135
0.39303314554120417,-1.5897,-1.162694236436649
0.3180948742794721,-2.5091,-2.28411341847778
0.9110838747756655,0.65708,-0.0947286886820602
2.0677204455266254,-7.1225,-3.995368884068931
0.43749794668853154,-4.5813,-4.609364959862118
1.3218411051520678,-6.15,-7.383564043072569
0.2777369957222341,-0.63392,-0.343605671310635
0.6673876042323186,-2.6477,-1.776658474088714
0.1422813915354123,0.0054931,-0.0481051172902564
0.5394015637424858,-6.9946,-6.893352134768842
0.697554168694834,-8.1354,-7.632083008048316
0.09433211437243727,-3.7703,-3.738845668528198
0.24292283506732593,-2.1611,-2.316221344472248
0.46603832589155725,-6.7268,-6.52803097993659
1.2480342785178338,-3.5397,-4.69072839311362
0.4411702855289654,-2.182,-2.760990885956895
0.7541425556428375,-7.1218,-6.248623323195602
2.68802207669887,-2.9027,0.7627723661804038
1.691160164699164,-7.8556,-6.182014802525757
1.906811144968148,-5.9416,-3.481905337180104
0.8997758729034591,-9.024,-8.308845334325365
0.16847705773954114,-1.6746,-1.79582302115774
1.1168417987339005,-0.040455,-1.24026410427666
0.22517156536549515,-2.385,-2.293575844784925
0.3445110580717489,-6.5175,-6.411478871301187
0.328451166813922,-7.1717,-7.086436932079161
0.6417612386990933,-3.9335,-4.568458737515815
4.886264136744063,0.17142,-6.2069725583682
1.2386676790365052,-5.2692,-6.685416899067494
0.2941075507427869,-1.42,-1.321076838050281
0.5236020200841334,-0.5916,-1.134932402668808
2.5884156114133026,-7.3706,-3.369144408786366
0.4496953110498035,-3.7589,-4.101864092790385
0.4987402927272501,-3.7589,-4.124480699309451
0.23960242755757563,-3.7594,-3.910292536961647
0.60171962862082,-3.06,-2.427140862086153
0.24165522271275286,-1.8894,-1.978123762365163
0.3340786034579263,-1.576,-1.363447482868601
0.15975236251696578,-3.367,-3.309813754236831
0.12244672187941996,-3.4987,-3.530965370507163
1.1757528480985713,-2.4181,-4.050831710148575
0.7098663760196332,-2.26,-1.429516355756228
0.6359495919207379,-3.4,-3.513863889582801
0.4817471338176352,-3.6,-3.314295018268891
0.6951441289461926,-4.1846,-4.780588276588992
0.5776450804797725,-4.0264,-3.422186384427726
0.8166685355742187,-4.0264,-3.096657715281288
0.98798701198879,-4.2119,-5.414680744510813
0.3115618508894293,-2.92,-2.994540942883908
0.7728086128320041,-2.16,-1.208107697910219
0.21471046057432108,-0.78,-0.8140611876152415
1.2244663337727673,-8.4806,-7.785301209060651
1.011331652938447,-6.733,-7.716125686019522
0.298976753102638,-8.0105,-7.821796505240908
0.5636824207148204,-4.6347,-5.31171081412332
0.17625687819856836,-3.5083,-3.428672411796334
0.48907929636743325,-1.04,-1.594786974021412
0.6083025377716341,-5.8957,-6.64370015855055
1.1573594658627901,-4.2513,-2.949778469814087
0.9751153386356027,-2.7028,-2.113499848299231
0.7879201579173651,-7.9081,-7.223513370668195
0.4360707920081628,-0.7794,-1.184699426818991
0.5309957221670039,-4.27,-3.646021415306037
0.3046146878442065,-3.47,-3.586808559670319
0.4514449677104389,-1.5217,-1.034461202688846
1.1324279985262158,-3.0333,-4.242699273102838
2.06084153915724,-4.5218,-6.940813834412392
0.13184419272270062,-3.0138,-3.070714650051175
0.2013915915431695,-2.64,-2.854318992387735
0.2920293017526787,-3.515,-3.864682327514331
0.3361550600483448,-4.15,-4.509867677692983
0.6956132475715147,-7.022,-6.522845762351614
0.15308652398427586,-5.7524,-5.77119259876434
0.17083294936441767,-0.12799,-0.0868512614537907
0.06297800705439426,-4.1906,-4.187020183946462
0.25013606596928345,0.93091,0.8090248292347919
0.7022266961261663,0.91504,-0.0268528071518991
0.3066645277440656,-0.80893,-0.9279801024694002
2.0946381585378755,0.29193,-2.435243550584693
0.7876865180864542,-3.7544,-3.174277420539718
0.31837112629302966,0.6033,0.4510088513777315
0.39766495329561335,0.19011,-0.1515103892442136
0.29577796894098013,-2.68,-2.822997252805109
0.45967326154603655,0.19,-0.1974929621761641
5.630261020574404,-9.025,-1.88860179878129
0.2972217229704474,-3.414,-3.347869040257515
0.317365555326258,1.06,1.386176858319524
0.25715141846024725,-0.39762,-0.2837881621428732
0.7262207413144367,0.44,-0.1989925358715912
1.8774045013357716,-3.3184,-1.16115341014155
1.3972670214228622,-2.56,-4.384496642715751
0.2686063321784604,-0.35,-0.5208671719863844
1.6662176878730859,-1.0305,-3.324885229458168
0.5164992660374965,-1.7244,-2.208517701713538
0.2871809625792983,-1.93,-1.769491045148211
0.1843359013162428,-2.0436,-2.175606276194125
0.513741580763236,-4.8809,-4.519801577766533
1.79730808356212,-2.2639,-4.814127614036028
0.46413522572874993,-4.3975,-4.767450720057393
3.701330410329341,-7.4385,-1.652662629575632
0.43418276322986266,-2.1943,-1.864171961795076
0.5285113927466987,0.00053768,-0.4199084706563621
0.47775980953583175,-3.5761,-3.067612551243722
0.5689092240121154,-2.7104,-2.103734160064952
0.44441321277585777,-1.9176,-2.270499460479455
1.7834855117992634,-0.57315,-2.540980789724898
2.924000885646659,0.21257,-4.117664318163913
0.18051764753156657,-1.32,-1.496294572197907
0.1458205467893985,-1.3676,-1.396778884849244
0.3125084254165714,1.0552,1.096026704628488
0.6873406159405586,-5.84,-5.098672972892622
0.9311597911231185,-5.84,-4.851235179039069
0.20646760280529977,-0.45,-0.3080936695880854
0.5904749302437987,-5.2713,-5.606660684705293
0.11502760504654391,-4.1013,-4.077621567483838
0.7733518688803231,-4.22,-4.972842406370423
0.5745623873096506,-1.35,-1.842623812403584
1.9606682265350406,-8.8892,-6.303691142459515
0.2442204463587507,-4.8709,-5.023650652285717
0.1048005797337135,-3.8202,-3.762538028034588
0.1993460116594177,-3.6367,-3.770817026809107
0.4065594463543342,-2.71,-3.031562415190893
0.13122095587931543,-1.17,-1.119178713506555
0.20607627197135656,-3.7271,-3.644925603034801
0.38595925092244066,-1.8761,-1.551660326519039
0.8191426242651834,-1.844,-2.626869587082672
0.7295254649347168,-6.6039,-5.861360769091251
0.2708657005940699,-2.7964,-3.075935827354081
0.8988663511613124,-6.6039,-5.551174260844716
0.15354441911476346,-3.9748,-4.00451645855367
0.3240661760045132,-0.24473,-0.5664132523007265
0.24160710561282464,-1.301,-1.125240439105221
0.2838169471379637,-0.41342,-0.7119436028594276
0.3336477524702375,-1.6,-1.281403583245763
0.40608869682898635,-1.9901,-2.494055068750784
0.7344690384950961,-3.1275,-2.474284214227613
0.9311597911231185,-5.836,-4.851235179039069
0.2445242494616654,-4.0191,-3.793854830090786
0.3478240903855954,0.5668,0.9308384330458264
0.08437919783185385,-1.621,-1.683739205743088
0.16085017999143308,-1.6868,-1.807316215337007
0.18490614819523954,-1.4156,-1.555887041486397
1.2371655794753906,-3.3785,-4.877787669061298
0.37068207092801747,-2.3,-1.997501224917801
0.7846749507979177,-0.53452,-1.264866013330329
1.1125294035468143,-4.1008,-3.088518618357285
0.300838902697373,-3.59,-3.318120884545645
1.5057676304759517,-2.2792,-0.5949400507846747
0.8445901100285746,-2.4931,-3.090179712178459
0.3803946996399789,-3.7,-3.985764009525867
0.17794032912519428,-2.5958,-2.673952377962446
0.25758525172151087,-1.9917,-2.125196576919556
0.6069323735680233,-6.29,-5.71379668236291
0.9263489698609397,-1.5874,-0.5201951702131815
0.4396562425666702,-1.0166,-1.532828852232742
0.25981162120124607,0.88888,0.8049076299553577
0.34748520574841096,-2.1346,-1.802101302620474
0.25758525172151087,-2.31,-2.125196576919556
0.2519008559873579,-1.9,-1.833654930764091
1.2614185994343052,-3.22,-1.599265712182545
0.43975329561810694,-2.31,-2.84654732747161
1.2676701533777406,-0.19816,-1.629528107294981
1.2676701533777406,-0.1982,-1.629528107295019
2.7893898570899434,-0.025236,-3.644190553385428
0.7610479142516562,-3.0363,-2.355330450457394
0.7474737296239558,-3.0491,-3.887807732516182
0.44245476684609997,-4.41,-4.102885385154931
1.5405844402865885,0.57136,-1.47153077596105
0.32894234465989974,-1.7889,-1.550864519950294
0.531986698970313,-2.84,-2.265135578544257
0.3560604906918013,-0.67185,-0.9846918617768516
0.6699448875619468,-6.2488,-6.777559543442822
0.49038751088971577,-1.69,-2.253622490521067
0.6630451648950694,-4.15,-3.397131166474558
1.053817868866102,-3.4399,-2.247612394552783
0.3024757520256588,-4.43,-4.553539646051711
1.9107993259323905,0.70671,-2.108130764459755
0.6382976088917784,-1.4,-2.064423732769851
0.3002726606926972,-0.71606,-0.4879932519833183
0.2860534083006739,-0.97103,-1.153892994753924
0.16654748905035138,-1.9223,-1.795065623398533
0.1501514534431999,-1.2084,-1.2451371739574
0.2452502943639888,-0.63871,-0.8900480510739479
0.5128519616673496,-1.9451,-2.504625332086598
0.7231535670105488,-0.86,-1.634890744984082
1.5222557551049483,-2.3208,-3.938832545830655
0.12173450397840684,-1.1015,-1.018511733226504
0.4451791126123263,0.6755,0.2261997512810812
0.4393496261489773,0.15168,-0.2007968764403964
0.7030784243109379,-2.517,-3.171564245574746
0.7174057990797388,-2.6592,-2.811332228916875
3.7212641643023234,-1.0232,-5.295577831383631
0.45991644764225276,-0.90236,-0.7243263269559466
0.07728198227394949,-5.35,-5.297496873401538
0.34631358116922206,-5.685,-5.239139906596336
0.6576977419565209,-4.48,-5.224577709026809
0.27832501229028106,-4.41,-4.62921818158485
0.622157185860219,-6.097,-5.44558702723505
0.4670035525610207,-5.9082,-6.266885401636213
0.9079187362435259,-8.303,-7.671042858411329
4.2767481974162935,-0.16595,-5.617269244347707
1.1842198103568826,-5.7999,-6.479164788386834
0.48302323601778613,-4.9198,-4.802107177905468
0.10192118417355454,-3.0188,-3.070394376505452
0.703704337150403,-6.7776,-6.294610536546593
0.4778388946463238,-5.0226,-5.478761764453237
1.2899112931084789,-3.8279,-5.572851389803377
0.18359292206416403,-3.8258,-3.900360923716502
0.0902231031019571,-3.8305,-3.720699188022539
0.6713920511260791,-3.0462,-2.255723021053396
0.4227909185217964,-5.5668,-5.231030923249916
0.28821058858682724,-5.4266,-5.173810038990938
0.92635250166944,-2.228,-3.399908080874639
0.36282592652385565,-3.585,-3.533520831228617
0.9730584331933071,-7.8245,-6.702026544366586
0.9868678668725737,0.759,-0.553830772402382
0.23777411936575027,-3.0642,-2.994805943627838
0.4073381222769596,-1.799,-2.218444007160856
0.6122039792981103,-2.431,-1.738759649595361
0.30419872960812777,-3.5289,-3.624297635244038
0.46350605375130377,-5.734,-6.204993577894874
0.37341813687828873,-2.7906,-2.619663600597222
0.16821396306473782,-3.44,-3.458678313159936
0.5292682136333644,-0.78208,-1.371266127619714
0.2855728587207626,-2.2127,-2.003075094290849
0.6168267469911092,-3.1559,-2.303453748217749
0.34405481575331487,-4.0215,-3.874877974009035
1.7298783184273818,0.48632,-1.690805692779624
0.6994203042863737,-2.77,-1.960680788532585
1.021527905353438,-0.16692,-1.586106594467548
0.3478229354833533,-4.9,-4.671235274611417
0.1343814276868757,-4.63,-4.799583463138267
0.21842006061014133,-4.5971,-4.276438338249347
0.5508532433753512,-3.972,-3.423261973037818
0.3247355611785423,-1.2208,-1.057095028211738
1.6949110332782376,0.35121,-1.685602046084142
0.22737147644130856,-3.2504,-3.19557331579792
0.9886173275300788,-7.0514,-6.284836683710084
0.3872191429340389,-2.8738,-3.109609860894861
1.0625936480327505,-7.487,-8.216870157855922
0.40552077117748003,-0.16578,-0.5657901999731061
0.13954773054102726,-1.977,-1.891413699817629
0.6553936958422227,0.63032,-0.2422735686012708
0.8561926704528331,-0.97,-1.898121473597128
0.26023191801700013,-0.9808,-1.10430015466289
0.5177330168353519,-4.69,-4.236330633444571
0.27690928428697603,-2.54,-2.332056826162498
0.29195246970576805,-0.65235,-0.4479804270531076
0.528726478722977,-1.1797,-1.851477851245833
0.04080168062036946,-2.1513,-2.136591968602372
0.1555315784863258,-1.8476,-1.752138542607126
0.5778300981688149,-5.0397,-5.546940449894427
0.6528909589591363,-3.8584,-4.426441488294054
0.8864745462668023,0.88999,-0.2662993571737479
0.19388002276406893,-3.7754,-3.796787770570147
0.16615971898767415,-4.4824,-4.412733215717119
0.713503075718622,-0.80469,-1.693042130548015
0.4291841720681383,-4.6897,-5.023083039554948
0.16995724326782946,-5.2064,-4.98365262391386
0.5423004294834621,-3.976,-4.380222670053832
0.1896866170782122,-4.4041,-4.345355165095492
0.2864018912049586,-3.6035,-3.865102054671032
0.8155215162704433,-2.42,-3.40892280846861
0.6697927952768333,-2.6916,-2.129053052784328
0.20214637253241424,-3.9524,-3.709235535227506
0.32347630998468924,-3.73,-3.663657052125723
0.38483004326083514,-3.01,-2.72492627213354
0.3944056043854784,-4.58,-4.893200531249303
0.4605804952206898,-3.36,-2.849510671999399
0.4950106314924201,-2.03,-1.481659110001808
0.4626852944871949,-4.26,-3.832307406684893
0.20249542072131954,-2.6148,-2.522824468411883
1.3930163347884335,-0.5136,-1.581962268646335
1.269925346485454,-4.5403,-4.913775563900027
1.1376668915183084,-3.5463,-2.896349182666073
0.20214637253241424,-3.3918,-3.709235535227506
0.6535892458721219,-3.9165,-4.546129584825325
0.7786218494255455,-5.5307,-4.982346545931015
1.0248738133733246,-7.071,-6.225089003501922
0.3197828503576889,-8.1065,-8.144712140169888
0.3897463979880517,-4.0128,-3.769229400868053
1.0557079081019014,-7.483,-6.185608722119532
0.4413829027367349,-3.7833,-4.169745158067525
0.29057465795430915,-1.9197,-1.715515743428494
0.64508079352511,-3.1033,-2.324907578824382
1.4243930487322602,-5.634,-6.95947854760149
0.597221688051565,-4.8151,-4.152842882630516
0.31830192485713277,-3.7452,-3.711263898715919
1.8666778454935158,-8.1447,-6.257230057587835
0.2256554720074714,-1.55,-1.278525240362828
0.22340853255847645,-0.8,-0.8942481610471787
0.4724998902353888,-4.6881,-5.265010978634734
0.3550223984204603,-4.28,-4.606790785623277
0.5796134459696599,-1.9216,-2.626068912519598
0.7175971838305024,-0.41091,-1.054520474238314
0.2005580511789718,-1.98,-1.987841142126322
1.0253785422526098,-5.5184,-4.276020948325387
0.33317788186913105,1.13,0.855402713793899
1.271790158841479,-3.28,-4.790402158823225
0.5150092115038237,0.1,-0.4733964598706534
0.9960665875745692,-5.0576,-5.706031043653468
0.17261381035748616,-2.7764,-2.834342047612064
0.7635140964459808,-5.7372,-6.320907738936884
0.2992612905712671,-4.2909,-4.082637295798643
0.14981612286733836,-1.7878,-1.747588986761502
0.3900824546471457,-1.2177,-1.478527308209197
2.3403759649519786,-7.6331,-4.926569705984612
0.7561996499220014,-6.0983,-6.602359412731486
1.3978200500353974,-7.2735,-5.54114235273223
1.0938808643753155,-7.3953,-6.644553322744763
0.49633236181165297,-3.0976,-3.491735678675618
0.6288069044176644,-4.3744,-4.029877296922972
0.36117164254263395,-5.4696,-5.613047080573338
0.5030291342042904,-7.232,-7.158143547639115
0.4624142936911231,-2.0202,-1.52857378186033
1.5045701595310232,-3.8,-5.727864459837445
0.20871388759892354,-2.0423,-1.93133427980306
0.9515286988917318,0.068202,-0.9116129339923404
0.3685051485107306,-0.088156,-0.4633402755481038
0.6763160390490722,-3.43,-3.792383336757713
0.5953873535639331,-0.76,-1.525507817224425
0.1853419288137239,-1.6154,-1.705001208520366
0.18735065834664483,-5.9373,-5.819060417136449
0.22394792619342613,-1.4699,-1.333071135662664
0.40509749953617735,-1.5556,-1.955901269379503
0.9813820954772345,-1.5376,-2.762228148358064
0.3445002501380239,-2.7527,-2.669699418991152
0.36730637701225244,-1.9436,-1.61506539914826
0.5833708825013938,-2.838,-2.213910040945293
0.3469119126461382,-4.4948,-4.173645766129534
0.3633105385105405,-5.5797,-5.694152256202428
0.982131462655949,-2.7437,-4.023861111757109
0.2874337526700985,-1.4504,-1.657801590122719
0.34944934124897664,-4.1196,-4.50447535668777
0.8952895584287675,-4.0581,-2.993817162701373
0.5231687765099038,-3.2118,-2.7299799306866
0.95100442030698,-6.2833,-7.123283091927433
0.26687718495961277,-2.98,-3.174473965288698
0.2159169383486102,-3.83,-4.025169845350461
0.3552398553803351,-1.1238,-0.7473185392301661
0.11452066014377302,-6.0524,-6.10346317302369
0.8555209486729622,-5.24,-6.290733327033028
0.27039961099983295,-6.0355,-6.181756222320692
0.14708838233117782,-5.064,-4.976122093303191
0.19836964799490597,-6.5164,-6.324219676384816
0.1934095537888501,-6.5164,-6.382400440302495
0.1959726808413148,-5.039,-4.897142942197325
0.18158613909634502,-2.6667,-2.347948214332126
0.29146319299498485,-3.7462,-3.404861752857439
0.17864031444598102,-3.5383,-3.53203283906815
1.8686543797810191,-10.0006,-7.874829444425437
0.18158613909634502,-2.3919,-2.347948214332126
0.824324786934531,-5.5034,-4.704377641993788
0.10946226454324468,-2.4479,-2.511570006789479
0.522970402912867,-5.4969,-4.901774921046328
0.6055305877336674,-5.5934,-5.028441683692307
0.17099431543624416,-1.3143,-1.31519573645301
0.19333111278622653,-6.5087,-6.42166966969573
0.7606796371785015,-8.9354,-8.317255697709491
1.68553445346934,-11.0279,-9.243454355888
0.5365798747795004,-0.66782,-0.3181883232803738
1.0310610330019885,-2.48,-3.515507741224166
0.42511262468979366,-5.8479,-5.931484002663952
0.17075211617080452,-3.62,-3.614660308875241
0.5104378724606852,-4.4906,-4.227050724633642
1.8830748732808564,0.59179,-1.909597103099345
0.5326052015334947,-2.2556,-2.910597051043914
0.26816855421062796,-3.0263,-2.84546228990745
0.26075093882469813,-1.8015,-1.685076169882449
0.5994809669204983,-8.1731,-7.745907076274106
0.09262701595733275,-0.39044,-0.4295874870188954
0.16934300846412437,-5.535,-5.41614572150772
0.2557431311284109,-4.1929,-3.920337344529553
0.2904107636210531,-2.5495,-2.282469626943565
0.5474815792093534,0.4579,-0.1156934791606955
1.0762705142182099,-0.27,-1.588660070990762
0.2609300493141077,-0.8,-1.074753784352585
0.10299998966987971,-1.5768,-1.662860456655647
0.5516475151122249,-2.3748,-1.706399019960052
0.42997218372857204,-5.27,-4.987137580999643
0.8570585983364419,-5.18,-5.863675509267766
0.3717917227540123,-5.0678,-4.793886908228719
2.0546635416091052,-3.6114,-6.490165596296116
0.6403507343143678,-6.8068,-7.324061066022558
0.4558950203233668,-3.5444,-3.907808042309615
0.09475967179264902,-2.7853,-2.786667871018166
0.1414229963283074,-5.5623,-5.629968314470359
0.1964310445103796,-2.2613,-2.101318054611743
0.6433290779924866,-2.1726,-1.470101966604817
0.2953630548969526,-1.7858,-2.121190890729209
0.16836774472042726,-3.7009,-3.654703445525243
0.3730324989005896,-1.6205,-2.132904802652897
0.2804202379605812,0.32089,0.4285421329777764
0.7285537970593629,-4.6582,-5.437661355419415
1.377626901508137,-6.8604,-8.083206273713039
0.07748715288007378,-3.2812,-3.335695173325122
0.2808556875422839,-5.3116,-4.939023881096642
0.5391666374510541,-8.0409,-7.527144357800896
0.8897087571221037,-6.4779,-5.496077522292115
1.0106164883927438,-2.4977,-3.374975149233222
0.23529389566744027,-1.7319,-1.913057485416783
0.14891967748629442,-1.7319,-1.7387924504088
0.20269706914938593,-3.4141,-3.263548687259344
0.40672674281824045,-2.2566,-2.684656248412598
0.5157561864578528,-3.11,-2.816726482910986
0.5870512572577709,-0.0651,-0.7756589111056621
0.12154151123300372,-2.43,-2.472304367725084
0.2133581723130696,-3.3648,-3.270929149845996
0.1574305890458071,-2.4868,-2.365984741995668
0.43732313224171554,-2.9069,-3.365418971839546
1.0820036420480919,-1.43,-2.530218457690641
0.2609300493141077,-0.8013,-1.074753784352585
0.6904799224719329,-1.12,-1.976801002365794
0.846268800891416,-2.07,-2.930125951344301
0.6272980768711958,-3.13,-3.887967556317093
0.3425518627172972,-3.4,-3.142902739070569
0.8432803581794224,-2.38,-3.496142313270185
0.4566917972485186,-2.85,-3.285249194633702
0.3809870342512125,-2.37,-2.656647052819889
0.5225253835910094,-4.7,-4.232159868880007
1.2179474437102582,-3.74,-5.226107493308399
0.14720246060911568,-0.75908,-0.6382477273469521
0.21037748120518035,-3.0799,-3.054395845329467
0.6773338738428002,-4.6077,-3.865473514032939
0.17234588176637464,-4.12,-3.918200479536041
0.23887309546506288,-1.0488,-1.146626515094928
0.3546093313612358,-3.8226,-3.376482661095337
0.24910302447432536,-2.12,-2.211682248591522
0.751002540435328,-0.3695,-1.329200266409889
0.20411457102370828,-2.89,-3.096437059872155
0.5212771699438168,-3.4375,-3.700778081481518
0.10089494162683049,-4.921,-5.022554561336866
1.0496597410032846,-6.8549,-7.832721950757612
1.0496597410032846,-7.0,-7.832721950757612
0.1449207841231585,-2.7331,-2.827352497738676
3.227550347068009,-8.1469,-3.955449933553933
1.60301740081704,-5.725,-7.340573220417214
1.4657413510613844,-6.7896,-8.385163203332976
0.6337743739744164,-3.6185,-3.892416081114006
0.17780993591104086,-3.3244,-3.185160517219826
0.4369662754620813,-6.4223,-6.484379213948548
2.206129982697047,-0.46911,-2.957936989529724
1.2597622305047629,-6.972,-5.889827152940784
1.4366201391886926,-7.2524,-5.930787141586517
0.48074146415760216,-5.7165,-5.887608120084879
0.33369987124878775,-6.6006,-6.738023945610109
0.14481804963919154,-2.3038,-2.160683658139839
0.19524808467494656,-4.4544,-4.460040111119958
1.6595453017595454,-1.41,-3.850887074411753
0.3042917077965103,-3.5541,-3.272374642622601
0.11834222657076145,-1.52,-1.570876479408507
0.7457980152754715,-1.3662,-2.335332997197188
1.0290040331627486,-1.42,-2.683307194997616
0.6051330528952598,-0.7089,-0.1211350130044324
0.642868378759222,-1.33,-2.025502751996876
0.2531628385356819,-2.05,-2.237752927770165
0.8091230443092613,-1.16,-2.182239204914197
0.6712246057044431,-2.7383,-3.48813198277088
0.2292001199785154,-2.9381,-2.701481821691051
0.7445741072468077,0.17737,-0.4386619357660366
0.21823469027404538,-1.885,-1.742238914345695
0.6354914289568784,-5.2117,-4.669501242212938
0.2903712800093391,-3.0022,-3.191233501546235
0.7849217313776219,-2.5192,-3.072755964708721
0.16084989000636962,-2.48,-2.548335120117306
0.47939739221132155,-3.341,-2.85620982513397
0.22063375996639703,-4.88,-4.722703589278633
0.10646768114594286,-4.1457,-4.2189400517218
0.2707045284316436,-3.0246,-3.208218855846676
0.32044167914627225,-4.7011,-4.364935929735369
0.4512735842314305,-7.5676,-7.215570458725557
0.5778819309930402,-6.0183,-5.753935936659273
0.9126032429026227,-6.1944,-7.087554094718107
1.3616823948609016,-0.53795,-2.144390447557428
0.9349271316077692,-3.83,-4.883483482917047
0.3663596767632449,-3.17,-2.830424478665022
0.4441133555420582,-3.4025,-2.927580572493027
0.2610576923876678,-2.567,-2.831602040372375
0.3137839792182465,-4.395,-4.487107030949946
0.7289417805625834,-1.1034,-0.2278317599315847
0.6637578071974534,-1.8332,-2.524294349604348
0.7073448200772505,-4.52,-3.851500212186574
0.41429080828823683,-2.2382,-2.583305078250524
0.2850818147603973,-1.2143,-1.022020181699063
0.4379483945194723,-4.3155,-4.069839036219459
0.4295710538172785,-1.56,-1.976613202228256
0.1704335002142377,-5.8709,-5.955641147515543
0.7307534994759007,-2.2651,-1.398920148002845
0.293043868527015,-3.7306,-3.545673711140414
0.4650366175695503,-1.2805,-1.711322273244844
0.17763626487665501,-4.8796,-4.794054444073064
0.15683592477684907,-3.5401,-3.650677332072787
0.7735427831813336,-4.8444,-3.96013227318747
0.6116055041277698,-4.29,-3.86134852169275
0.37929009888022974,-3.107,-2.749872498580709
0.5448627096470977,-2.08,-2.562327554349669
0.5510171186781865,-4.2996,-3.702055194242833
0.20528401459192036,-3.38,-3.310519337308769
0.055398829184772576,-4.6079,-4.589009774402168
0.5109471421519376,-4.6947,-5.151606832925038
1.7056937281216054,-0.55285,-2.489403782596913
0.46825930854179665,-1.603,-1.008217031652881
0.6454439211606645,-2.971,-3.70206874407276
0.3157953479684701,-1.948,-1.940194997965503
0.548367261778194,0.92893,0.3337768858539709
0.355734307712797,-5.7014,-5.387988045063668
0.411974759238727,-3.2445,-3.605134039365089
2.780674983839901,-8.1437,-4.414626351820353
0.5894756710488043,-0.27904,-0.968641217432613
0.637573003295507,-3.2351,-3.887028526690268
0.42317422273999017,-3.0113,-2.580543501950881
0.20455165199549377,-6.1832,-6.042673445964343
0.2535354525417517,-2.8216,-2.6250943970305
1.6388241285092815,-4.8487,-3.451516739683536
0.5110660431555454,-2.5203,-1.931226187063738
0.3312717382569824,-5.1513,-4.760082863631373
0.43781366447020575,-3.5007,-3.664540602502994
0.3897343545390867,-4.3513,-3.926674752312152
0.32724451528047216,-4.3207,-4.463636347347977
0.3403984046114264,-1.6917,-2.00552321397125
0.6446354379610412,-6.3783,-5.836242382314387
0.44969458381793875,-2.0027,-2.431043205527758
0.27428094324854124,-3.2142,-2.960592457979748
0.22314972500493432,-2.5571,-2.305497672331165
0.6855520699567407,0.92747,0.0579345010760095
0.8547780479185328,-5.6246,-4.546971790401495
0.497990669191094,-2.0666,-1.642054507294919
0.5626331370167744,-5.5386,-4.972345060993778
0.6832230831418014,-5.8993,-6.301649676525943
0.4643797687133824,-5.2608,-4.878747425505518
0.9523232454012721,-4.9122,-3.835540572916942
0.31457803699525594,-4.9677,-4.917099028923762
0.2904293516663975,-2.8777,-2.552736147612364
0.10385604947490075,-3.2774,-3.269461678490156
0.3971485285142101,0.7724,0.4248046026482276
1.034839618917619,-4.6242,-4.350873524058603
0.6371786832164922,-5.4518,-5.134624542444315
0.20385543467087028,0.28048,0.3863656384723207
0.3963041134545249,-2.0431,-1.863651299448673
0.17721483054343973,0.65824,0.6343721352194438
0.20309773348939322,-0.98114,-1.070424183005561
0.15473560665537472,-0.68339,-0.7477742596320687
0.8436180815467546,-2.7172,-1.798955913552524
0.551421381362212,-0.5916,-0.9607406756628534
0.24413959021252174,-2.3271,-2.139108517657004
0.21727255340997162,-0.0066494,0.1566395695056013
0.749842428556503,-5.27,-5.286635607756631
0.4604346695854891,-0.8372,-0.4040176524714496
0.17600838245404404,-2.1105,-1.92966824514277
0.2694872142773589,-1.3102,-1.048821651076497
0.16390983059626124,-0.7,-0.759526019352925
0.28573357009285283,-0.012152,0.2271623629607528
0.37395448923991786,-1.2797,-0.8071151053763248
0.23653846044538634,-1.8488,-1.720441456057779
0.22892967143937631,-2.7954,-2.651419718133537
0.35274655850980535,-2.1473,-2.471966151683845
0.0392072643399061,1.0452,1.039583808956469
0.4198089202179467,0.41732,0.7835466331378551
0.47507521643833894,0.61011,0.1668624946595993
0.28745868909615185,-2.3152,-2.06250409778933
0.4488838791402872,-1.5145,-0.9811088626835158
0.199310575717906,1.1186,1.291580093563915
0.1702940149919272,-1.0034,-1.152010695734432
0.5441861797259938,-5.5894,-5.283095208637723
0.6231687521464259,-1.41,-2.045040520620244
0.5763179433029856,-1.82,-1.205024549796308
0.19470073661198428,-3.76,-3.786839788960864
0.44131497799998426,-4.49,-4.812827516587813
0.3627524842520745,-3.5896,-3.9152566573837
0.6759809396315793,-2.5525,-1.872855815791803
0.1141089182373258,-2.4152,-2.467449588319084
0.06602060270824349,-0.8599,-0.8266821204420287
0.34950152087048075,-3.1742,-3.516537923132083
1.3282303842340182,-5.68,-7.034087074142281
1.2944897423804065,-10.01,-8.757449305874378
0.9686682832692187,-5.5381,-4.880907678480235
1.4385560875809094,-5.939,-4.354328389648154
0.532950179179465,-2.6913,-3.261559314292049
0.4707755493975515,0.53443,0.0750853344586606
0.08908439084312128,-0.7,-0.7979325283793443
0.6431707960514444,-0.82265,-0.4025705890573832
0.3593440921290629,-0.92315,-0.8804099298715027
0.17987362705828752,-1.27,-1.391264913792034
0.08614720764630981,-0.85,-0.9530618322867644
0.9523804594917649,-6.5509,-5.669148716810547
0.11050259823082709,-0.9818,-0.9815201392548186
1.7933339403759303,-5.34,-7.269230417163918
0.10701014471137302,-0.89,-0.9242289683612952
3.3750239700559224,-0.5249,-5.801591303066109
0.37195358481039265,-3.29,-2.936809961581853
2.8853146296307592,-6.1086,-2.537264743636537
2.4868771747276126,-5.0237,-2.38383460815052
0.6945201907588718,-4.3014,-4.688731321599512
0.5572301822995044,-4.57,-4.495677221384611
0.13830925550173262,0.39121,0.2867503262602341
0.1939499229375516,0.37647,0.3179222082561181
0.10595038213407784,0.2888,0.3994529130241241
0.5917175648142237,-0.16491,-0.9003404903836205
0.13026078835297042,0.27385,0.1716763372845527
0.09714078408304962,0.39332,0.4090822408726236
0.03667750050738475,0.42229,0.4072848993185757
0.9916421030832214,0.26393,-0.8961773892468221
0.2695862747635565,0.37651,0.3028873321458359
0.08056314508395676,0.31317,0.3835849581497145
0.15446530829814528,0.29735,0.4610131297486831
0.12999211154449872,0.27385,0.1913324509474857
0.2706457921849354,-2.5137,-2.602208852271826
0.3353628268061298,-2.4857,-2.766240546243341
0.0672729467383656,0.32588,0.4168058233476936
2.9650248698979773,-3.8684,0.5767487153395867
3.929125937115509,-0.072181,-4.776248312639533
0.12259509644855342,0.25154,0.2576430749802448
0.37175879518311605,-0.3412,-0.4114245794939234
0.7679795732295674,0.36423,-0.3130210839546236
0.9318544445900884,-6.1209,-5.591435669344646
1.5157403859570402,-8.1981,-6.947267083114447
1.9776793015083554,-0.51332,-2.901650927236476
0.2603629000569174,0.35828,0.5766896140473118
0.9458458141773876,-5.5789,-4.931791829800144
0.2865021491903416,-5.3786,-5.312193439137729
0.5880243830189642,-6.4868,-6.202028346734958
0.8470350246691305,-4.4548,-3.573110611321969
0.4096349417713175,-4.4221,-4.149351025245819
0.31051981273677975,-5.8795,-5.577438968213718
0.8851247760588246,-5.856,-5.087054925715751
0.5440186349048024,-4.1912,-3.486177449974448
0.46281987484635756,-3.371,-3.91419968582112
0.28370696525308337,-1.8095,-1.522887928452179
0.2807014374181406,-3.9935,-4.265446751533247
0.10777070291747,-4.0267,-4.029286393628887
0.30153622922102397,-3.6219,-3.85781583008126
0.2258144174964437,-0.58416,-0.3235155132228078
0.07040311388477119,-2.5648,-2.558226942652503
1.1824325643717455,-4.9595,-5.998493481466855
0.47704805543009776,-1.7713,-1.251474068828431
0.06609399621135997,-0.9613,-0.915838302061838
0.5612502275452779,-1.9642,-1.537650479349796
0.5181740091366847,-0.75,-1.134154843371886
0.12833145442960284,-2.2702,-2.24978145094306
0.6671085111771845,-6.99,-7.192246616668904
0.546277926514912,-6.5587,-7.683088951865678
0.38142564815655755,-6.8137,-6.475683672442198
0.6671085111771845,-6.29,-7.192246616668925
0.63421806205541,-6.03,-6.698513122191033
0.6671085111771845,-6.2913,-7.192246616668925
0.6188011047298525,-0.37368,-0.8476548643239177
0.24195272253713476,-1.1442,-1.410554779615101
0.16631590978276622,-3.4658,-3.380434483656671
0.4600101470183768,-1.5405,-1.80783600518031
0.555705335868533,-0.25709,-0.9135929323028588
1.1654444868640292,0.46536,-0.9920247216333647
2.2844773017173385,-1.54,-4.55996012349735
0.978652612006169,-3.503,-4.240951984264806
0.5327429747067404,-2.6624,-2.419109498407725
0.33187339123358944,-0.19661,-0.2916151614671445
1.1631403744329676,0.5627,-0.6354679563179685
0.9268476843003833,-5.6716,-4.45559808422856
0.9264904934553784,-5.0847,-5.828509148878741
0.24226157590005296,-0.82129,-1.003532916050947
0.3161409207829771,-3.8008,-3.909230142846838
0.296183648565748,-1.0605,-1.390211312407351
0.3646038833816837,-2.57,-2.335252671077636
1.2995808043114678,-7.916,-6.696730619296833
0.3978276572725421,-1.6789,-1.890554352020005
0.4936408126900158,-2.34,-2.910678118910986
0.6275633693548589,-5.3934,-4.86539266766675
0.5545630091238458,-2.7153,-3.28035681121572
0.34002226911417227,-0.22573,-0.5174091067972758
0.7318336040447866,-2.9844,-3.859875232775932
0.057156300179453,-4.3157,-4.303157033564817
0.49107171087106943,-3.019,-2.616608635649964
1.0172833643243313,-1.23,-2.394097592246268
0.40061242712438344,-1.4849,-1.43411893110022
0.510497740089003,-1.24,-1.709491238288787
1.0737914095586023,-5.2254,-4.146672318491258
0.3649712704409866,-4.5,-4.148739075088956
0.5667084865193573,-2.3,-1.890757308696331
0.28378680137239565,-2.81,-2.944852163553425
0.12853232322707878,-2.22,-2.225635745661254
0.4219031342408497,-2.419,-2.009925424680527
0.6067465911036599,-2.5409,-2.003165465546576
0.7404685584847605,-4.74,-4.202245872758207
0.4334255228324338,-1.512,-1.306419085496589
0.2625229682513395,-1.791,-1.965867217031834
0.97373559413632,-3.914,-4.919307362653645
1.5745393543991906,0.9621,-0.90146718152642
1.1266583523426172,-3.0454,-1.655265566118531
2.4748396713091902,-11.961,-9.07114193338698
0.35320745847544627,-1.945,-2.275726293677752
0.4480220748428736,-3.09,-2.644363781584816
0.4480220748428736,-3.0905,-2.644363781584816
0.35320745847544627,-1.95,-2.275726293677709
0.4480220748428736,-3.0913,-2.644363781584816
0.5766397723415446,-1.06,-1.820516903525172
0.5858674013032443,-0.8779,-1.470606763301001
0.4230244064124804,-3.9003,-4.027691337322298
0.6075503596273822,-2.61,-2.07216954059727
0.2426797478301464,-2.125,-1.929627777723324
0.6606108919062668,-3.7726,-4.454175559847258
0.3136640502401049,0.1265,-0.1557635541452051
0.7407648897384638,-1.5635,-2.468898378051295
0.7209903736539354,-2.1493,-1.323133115626016
0.4419717922509643,-2.43,-2.454105040641516
0.911919762466421,-1.4913,-0.6383418808265765
1.2150895010664176,-4.3711,-5.678087937159644
0.49990535527327923,-5.7671,-5.652879652667572
0.4796368394374157,-1.6428,-1.878973995635927
0.43809917993612063,-2.5355,-2.855501131307889
0.20249448698904576,-2.6645,-2.804283355324507
0.07695541275836218,-3.1957,-3.106794700716021
0.6657630922700294,-4.7417,-4.082960904042999
0.12541767355584071,-3.6007,-3.719475609516161
0.6845273706769727,-4.66,-5.308671642399567
0.2672619693574322,-5.08,-5.013341998297252
0.9040208787844118,-5.43,-6.326063078027865
0.3642548308080558,-2.52,-2.747645754893274
0.49516950793396397,-3.6931,-3.120401853797994
1.00620850027392,-0.215,-1.606026250611688
0.2867070984966218,-4.574,-4.218799611618699
0.5713800379334826,-3.94,-4.600069354335426
2.0764066104584757,-5.78,-7.863152665464524
0.7111384792117056,-4.4775,-3.749532477139464
0.6007410025822766,-2.0434,-2.53751873820584
0.6647790671437409,-1.1344,-0.2815402146122491
0.37024386505324486,-1.3222,-1.638939732508259
0.4393787373103067,-6.39,-6.529995397868753
0.09727917189912332,-2.5784,-2.657877754575017
0.09727917189912332,-2.5784,-2.657877754575017
0.602120616701755,-2.6,-1.964866546776589
0.14350480702725085,-5.85,-5.799289203118882
1.129703279628155,-3.5679,-4.726028745934327
0.9238613705477845,-4.87,-3.802128079244163
0.7655297324608883,-4.84,-5.654635956960957
0.12485516379666828,-2.6505,-2.768739317202848
0.3540306086682387,-1.8773,-2.145705995151733
0.2989882113266471,-2.7501,-2.527618678145573
0.15377038753192415,-2.1511,-2.119031620512347
0.7572746704936825,-4.17,-4.916751079650126
0.35646305039317494,-2.809,-2.537074822416509
0.6151521870320213,-3.2113,-2.468730940712617
0.8909776246904273,-1.64,-2.616346807331477
0.40343285423942254,-2.9309,-3.102458645699655
0.4033602203423684,-0.42443,-0.6953361219559285
0.9177354594605194,-5.16,-4.090378279325062
1.0045186699066853,-4.45,-3.402594878740071
0.8551359587176285,-2.21,-3.119153220478947
0.5937766984507599,-2.2681,-2.7691037060802
0.3256774624476646,-1.0869,-1.391007600571398
0.22636414236331023,0.39341,0.5684663750499783
0.45614701139801384,-6.5648,-7.006642245496908
0.206489457888849,-2.5878,-2.579430582510813
0.4252541875838301,-7.9811,-8.250705446831208
1.6758514598968488,-0.25086,-2.249897649833328
0.555117971255083,-2.43,-1.834530445760321
0.24009226108927983,-0.52416,-0.5785387939053427
0.6816076728107923,-0.28108,-1.074467487421876
0.24493814900365013,-1.42,-1.418368023596812
0.3146555495993698,-3.0974,-3.120957316369905
0.7532710967488738,-1.3472,-0.5835227960671692
0.3869350751707088,-2.4259,-2.126697491915737
0.6513497783225785,-1.6668,-2.364310386559023
0.7102890194384089,-4.1834,-3.347199405230486
0.5028245276789939,-3.0754,-2.560384946263419
0.15123240779733085,-2.46,-2.40849213557019
0.756468199050718,-3.0272,-3.740256553420007
0.4316875105369644,-0.64346,-0.1824890407545729
0.601516562839343,0.58473,-0.0331542709356264
0.3548064644752247,-1.3069,-1.622762601163297
0.7082461827223326,-0.8298,0.0900699716892723
0.08390023718359792,-2.05,-2.072797993570857
0.7903073889394621,0.9095,-0.0558609980217223
1.9304828713498694,-1.9803,-4.374110364291062
0.8855327491487316,0.1216,-1.063146299620768
0.6694390532126664,-3.893,-3.190829316731136
0.4847630733593266,-2.6666,-3.101785746453179
0.5491135119055897,-1.0291,-0.4032633311095208
1.8457816359303387,-0.85479,-2.848112588649022
1.982608492518551,-4.122,-5.938359542822129
1.9153899319883465,-2.3081,-4.850482326330073
0.2915165311452283,-4.15,-4.012083380259392
0.4543997509604017,-8.36,-7.818924342726277
0.9309389911997754,-4.1506,-3.039115170032729
0.19256587944706552,-4.684,-4.523236573445859
0.6894323133907337,-1.244,-2.272352054843483
0.4196321275304692,-7.44,-7.784147325554757
0.8559295870113101,-1.4202,-2.588503118456687
0.5619796903480847,-7.932,-8.0188370212012
0.297662905746758,-3.094,-3.323729848984239
0.3420751947175411,-2.8707,-3.154145945551533
0.09050512031061256,-3.16,-3.180287896153701
0.244488754886113,-3.678,-3.418704469602776
3.148487341128569,-2.0233,-5.522128650912647
0.3595922607023624,-4.51,-4.309265119837567
0.7897454039877058,-5.05,-4.163658220939631
0.3850851148756209,-1.4953,-1.131410219185489
1.5410579035258547,-3.9441,-5.775123360105304
2.189598586428336,-8.2152,-5.141366223900544
0.3070748280943091,-1.5314,-1.339231837670086
1.1350616030871046,-2.6748,-1.330304009210239
0.16821655795165175,-2.3866,-2.442833115403324
0.6312331201223587,-6.1743,-5.574735876727717
2.4803115652051484,-2.634,-5.832694498650929
0.3488545097606151,-1.6383,-1.889577284325615
0.3874887066864249,-4.3143,-4.686294663558813
0.6097211737773184,-3.95,-4.485575387582636
0.5112963273066682,-1.545,-1.976802309397265
0.2171574652687626,-1.9917,-1.831194527851043
0.4534235117711052,-2.735,-2.311774384324015
0.3975940496254984,-0.20742,-0.5373927512102988
0.2530408826575301,-5.0046,-4.969417951173813
0.7180371139730037,-1.922,-2.811898501108138
0.1740001443097853,-3.103,-3.240489086748143
0.06833333385576476,-2.533,-2.553528413517626
0.22932863489123986,-5.0762,-5.326351031234428
0.194542940043997,-4.2401,-4.435645509838723
0.16820343069335503,-3.1976,-3.377370226629421
1.733624664621246,-0.4366,-2.615006396495374
0.13492114318694912,-5.673,-5.640684393465175
0.09700822637679149,-3.023,-3.081338923258087
1.0969218488732926,-4.1953,-2.810962655046423
0.6095186112924292,-4.49,-3.958461674950108
0.47413147135873,-6.57,-7.06300563238545
0.2251531850285693,0.39341,0.5786001568951493
0.1903307163630643,-4.8075,-4.666028163114312
1.9134064640688584,-0.8462,-2.86017506684001
0.2790644983159447,-2.5485,-2.773308184477402
0.28917381736278125,-3.134,-2.912982739695664
0.21540031115704245,-3.4757,-3.303173375492613
0.21782662642129338,0.6088,0.4500403609966481
0.43809245797110824,-3.1408,-2.585037413971032
0.3771661819711752,-2.6738,-2.313224876693884
0.19835218693061007,-1.6961,-1.622796219043295
1.0804824364052796,-6.5209,-5.544598549835069
0.6385644858914875,-0.94928,-1.341884113863034
0.6559310035891878,-4.3745,-3.804736597212081
1.2108713656800603,-7.0075,-8.211305601611919
0.946051281594524,-6.0171,-4.948648051921086
0.07343798631658464,-2.6727,-2.652242020715912
0.5257771451244886,-4.2642,-3.708252027747577
0.3179796144727629,-3.2826,-2.930360381707175
0.06692124880219455,-4.2919,-4.32277789775924
0.6118538638813127,-2.2794,-2.954929601139805
0.3208107698917822,-3.2826,-2.951174323225234
0.3150080057287521,-4.4813,-4.106589558066566
0.1555627781270551,-3.3193,-3.434698404065633
0.4626916288268566,-1.9355,-2.318563303852021
0.2391264074088557,0.185,-0.0661013603697861
0.5198673231184443,-4.347,-3.899146424605742
1.44353916870226,-1.62,-3.625104543159104
0.425637824520688,-1.8228,-1.934987608428361
0.1636647469452567,-4.1727,-4.335668586537129
0.4837666584069657,-4.353,-4.88018594409892
0.5355880281935942,-3.7082,-3.639596674960326
0.2241802845024473,-5.3544,-5.201897554824099
0.8273950505797585,-5.3232,-4.386040349760066
0.24957957667956884,-1.2,-1.001538066198052
1.6657407340141817,-1.3292,-3.320519886647799
0.4817344842074887,-1.4816,-1.92049130827191
0.3308294197732263,-1.7531,-2.186006522088581
0.18803358635609194,-0.50718,-0.4444197477875422
0.7129167872825982,-6.7054,-6.021848490277677
0.7197964545733904,-4.7212,-3.756874095988712
0.4206647953705088,-6.7054,-6.725782265583831
0.9106682277838677,-4.8917,-5.810769874369652
0.21501128379384338,-2.908,-2.673223499786186
0.12792209398511495,-4.01,-4.052247500636096
0.11177196436181823,-3.7347,-3.740290011669929
1.254583652740649,-4.87,-6.455892199391679
0.17671421766282733,-2.3112,-2.472574073193576
0.4619972890292039,-3.8256,-3.374954045016222
0.45623931774905224,-7.6217,-7.776906828092033
0.31765401516220804,-2.4024,-2.420854701687118
0.7915205864058455,-7.7172,-8.20710467200234
0.4449408301807052,-1.2388,-0.7891536824571184
0.4595508893978763,-4.91,-4.342038901047778
0.1859236662664296,-2.3837,-2.330848432061888
0.16512232820464015,-2.6918,-2.795453047744555
0.19588739460129012,-6.01,-6.120108979980527
0.1489616199991456,-1.7317,-1.654953603117729
0.10200887092823685,-2.9086,-2.960426180058543
0.7770311718613608,-6.1517,-5.323832723936344
1.983036467948338,-0.0080331,-2.261800423425886
0.6418075487635911,-3.5293,-2.948776944180798
0.7092436410625592,-4.0245,-3.225654969304047
0.8522137745278342,-3.26,-4.175532920125645
0.5229082901574185,-4.21,-3.675867210737347
0.8008824863573392,-4.3,-3.564683207927472
1.0250647183658423,-0.93,-2.185578336294663
0.7449319065732142,-1.571,-2.269448664509916
0.4142692307251341,-1.735,-1.350668584385258
0.29583365051574556,-1.9509,-1.671944701855516
0.24194209455751112,-3.1292,-2.903512854384101
0.7274854050001655,-2.2273,-1.571950166264602
0.5665877718535364,-7.7838,-7.321114304386148
0.061540280633945905,-2.1435,-2.146456434676109
0.7298209840040942,-6.1171,-5.339738024091671
0.20473167242520135,-5.84,-5.937492143654431
0.40368976326691297,-3.78,-3.870748547453555
0.30442431567752753,-4.8182,-4.746329154339444
0.5723606166447575,-3.68,-4.235505304601721
0.6909727136791863,-4.3325,-3.603680571711462
1.9350458337693652,-0.41595,-2.694161986401053
0.17781880828213772,-4.0083,-4.15055733055708
0.31802925704571944,-3.7588,-4.028361266620303
0.16214556456117246,-1.5916,-1.476323472143211
0.23103640362307595,-2.0406,-1.889016827249171
1.8764947749096816,-1.9134,-4.412404192257265
0.172055174912072,-3.2,-3.374546615362224
0.6769224113218156,-1.55,-2.802409102860987
2.2914655206494463,0.46867,-2.565091753639897
0.42139160060966047,-4.4462,-4.033759872622412
1.1135123919574499,-5.3915,-4.077727636616544
0.5139966443248255,-5.0,-4.595952108474956
0.317094450409861,-2.8265,-2.521638886163776
0.5993566033930782,-3.5228,-2.716862205690308
0.1955035930490268,-2.4186,-2.542007595973696
0.12659149359900368,-3.6459,-3.725930594871759
0.10781577182258402,-3.124,-3.184460346392016
0.8870596961385233,-6.4122,-6.045332026084939
0.2748437759514827,-4.47,-4.621147971621518
0.16196837243023676,-3.5482,-3.582120512991946
0.15911337850009463,-2.3112,-2.423288596987855
0.880348533678729,-5.9072,-4.917419415433328
0.32795445444938115,-4.6613,-4.925655410750807
0.14729047548724936,-4.85,-4.986715282198007
0.2446102167145172,-3.1511,-2.962214719186556
0.7252529439591622,-4.088,-4.418449269663352
0.5199253881675936,-3.1363,-2.53382595960141
0.07435934236609482,-1.2309,-1.250864600134586
0.26125512149184216,-4.725,-4.576223080264889
0.162032565103595,-2.1435,-2.010131813314095
0.3158169985953244,-4.1555,-4.362683773626149
0.9058953198411639,-1.2309,-2.014779127619402
1.0373647723219754,-7.9743,-6.812384103463866
0.967188564561106,-1.2309,-1.906398225969911
0.23057733882355444,-2.5,-2.3319633987431
0.2702233694158657,-3.7207,-4.042359789433816
0.1493054557980965,-2.3249,-2.261249318958982
0.34937445885040785,-0.9413,-1.276516802100466
0.08927000688896132,-7.0603,-7.1498735963798
0.549651392005433,-3.5786,-3.021797128280169
0.16281727566582574,-3.7356,-3.662519405214505
0.5845443635972258,-2.79,-3.527233489743711
0.6766750751416933,-2.92,-3.48598726398661
1.7958225058832304,-2.2,-4.34251748245683
0.296105401747251,-4.1113,-3.810885135362732
0.13881587550486751,-2.3244,-2.368834471016043
0.119805209282701,-1.8795,-2.00618307536403
0.16813964111922353,-2.5947,-2.455209217059227
0.2241882776251075,-2.1216,-1.953596035225291
0.5021048411483287,-3.6828,-3.245836238713212
2.9707266359496614,-1.0605,-5.713737822169874
0.4785285278365756,-1.773,-1.263948845918119
0.42587575963892943,-2.8125,-2.420075705582405
0.45870431047682997,1.0309,0.5253220471210606
0.14653689537166195,-4.3823,-4.485632403650922
0.34843272327298047,-5.7832,-5.470338245585558
0.20840186602189342,-4.0789,-3.962143522450115
0.24376399090898307,-5.2535,-5.018410697693991
0.46109478272215476,-3.5383,-3.050134252304789
0.44343029306880166,-4.7526,-5.208673885023927
0.5435558998166479,-4.7526,-5.221196059321455
0.12653649843488274,-2.9046,-2.961797063481931
0.16189240914697045,-1.9523,-1.978765648107891
0.45025567397851807,-2.5053,-2.95781406767803
0.21162382786375822,-3.7985,-4.050071884678732
0.9634007541125997,-3.8248,-2.796375751823354
0.676830206283229,-4.1831,-3.534321441228553
0.22529980734815894,-3.37,-3.546953468017921
0.5247837337359481,-2.72,-2.334199378934068
0.3094531487991122,-2.2558,-2.508060686015324
0.15190701816780222,-0.83719,-1.001424488662429
0.2068755215895398,-0.64951,-0.6650254126335204
0.15088803492099048,-3.9916,-4.150377931693704
0.3248890504210052,-2.9973,-3.295681963888658
0.2189765101081467,0.30264,0.3606940379116259
0.18880186327168247,-2.036,-2.126234826058819
0.8006302150219533,-2.0573,-2.979622302266148
0.43859354544836016,-2.22,-2.691614311118578
0.11300705997864081,-1.51,-1.511134460084481
0.538852072979591,-2.0814,-2.515843862539775
1.29180948127077,-5.5186,-6.986476866156637
0.580074567638073,-1.3679,-1.986811241645239
0.24354205210612437,-1.26,-1.362828335324146
0.19546997073432074,-2.7535,-2.783098395687238
1.5684179531301552,-5.4935,-3.442898841642429
0.40204476487767304,-2.06,-2.384467422300216
0.4930256040860308,-2.15,-2.650419950858625
0.4359540162190767,-1.6,-2.011459794243722
0.14072144881827237,-2.9104,-2.892422024601133
1.0724319734876981,-5.4899,-4.386356626647872
1.359744364769259,-6.0676,-4.505610268433102
0.790876160328336,-4.7689,-3.966203462297324
0.06401376754924161,-2.1435,-2.158299054806529
0.7914522123418912,-5.2793,-4.732095464799364
0.5731196254714725,-1.63,-0.8871005103116587
0.5153520739369435,-3.536,-2.885274957478464
0.42808746853450197,-2.89,-3.164307844714582
0.3948253047412586,-0.53848,-0.8405006776959749
0.18744702062175467,0.029319,0.0529943498109312
0.7209677398008519,-1.326,-0.9884151530882466
1.2425402849424767,0.60524,-1.020298214237855
0.18366735844301002,-3.46,-3.272443500039915
0.21850170006514372,-4.69,-4.844203471502874
0.2574536337151902,-0.78648,-0.8869447815051952
0.610341705968375,-1.21,-1.959466500200154
1.8733316688248594,-6.64,-4.121588566012766
1.038775345490808,-2.6925,-3.765184155037911
0.24882564415233918,-1.4819,-1.380067631320885
0.28572805458764344,-0.21467,-0.1753926421488896
0.5158104014803293,-1.0939,-0.5769682984342173
0.21309556247279823,-2.47,-2.419173084497469
0.8323195045779282,-3.5165,-4.320155101839665
0.2345713114664159,-2.15,-2.289115821587406
0.3321304661870594,-3.49,-3.337475082127013
0.31310053446342123,-1.28,-1.186816531183941
1.194862426242509,-2.8997,-1.276529190194725
0.5910915142117228,-4.1205,-4.65477294119523
0.4242953131405524,-2.7654,-2.475175009525858
0.07067174596921279,-3.6563,-3.653542714018859
0.3072992480155012,-3.3,-3.08310912910876
0.569275992990369,-4.5,-4.936846336611061
0.33230710333203833,-2.5158,-2.748199231688601
0.3946827896337094,-0.4598,-0.7599968578216485
0.3145643418774574,-2.7448,-3.023852820066288
0.1250927288501551,-0.4121,-0.4534867840076373
0.1944955026415001,0.28,0.0789281791232174
0.45008095358396505,-4.2107,-4.571165691460092
1.1511129592195617,-8.5267,-7.468198342385592
0.21178904923956382,-0.1764,-0.0870376975274017
0.1116376470667056,-2.7011,-2.623547219256813
0.4956750279620884,-4.2625,-4.227251232827423
1.8996763489548913,-0.45978,-3.959801331135104
0.15459769375647173,-3.5988,-3.63321103469548
0.36447668784839116,-3.5239,-3.81719830857586
0.26231639767798076,-4.2749,-4.179817774712394
0.2919544864197997,-4.0848,-4.020578609385194
0.2675706153350383,-1.7084,-1.606144659700409
0.10705752262295244,-1.5633,-1.571119504907789
0.42874718090557473,-2.4027,-2.071885159726903
0.25717599932909474,-4.5485,-4.604802046277644
0.5394168583593968,-1.8467,-2.515926051110743
0.1823968796267023,-4.3213,-4.208408928005276
0.12360360918934257,-1.7173,-1.624397115189694
0.7433257623367839,-3.7615,-2.900391666020474
0.40831857823524165,-2.48,-2.082791894877768
0.5243462536499846,-4.5523,-4.175141322189711
0.08579935843578491,-3.7668,-3.754477921688086
0.043359029547791056,-4.4583,-4.438151982213725
0.06859354701119338,-4.4583,-4.400263329841613
0.025481615694595214,-3.656,-3.647156532806366
0.34939882941405287,-4.2189,-3.784993308722604
0.3708380096537967,-1.3202,-1.72465915744546
0.060211996791425006,-4.1782,-4.133352090685804
0.16879713457420314,-0.90946,-0.9061961990556496
0.2304680512579405,-3.013,-2.83782644190907
0.3148503315282541,-4.2806,-4.674191267516191
2.765034233303839,-1.6919,-5.694607364782202
0.4751558907245778,-2.7915,-3.099990467386414
0.39544705894221194,-5.0826,-5.423958366996756
0.420435398135158,-2.5158,-2.920346082965342
1.8977948296316434,-5.7192,-4.046020182812394
0.4611844980982884,-5.7454,-5.190142799878386
0.5593717875723706,-4.3682,-5.01702689849823
0.540292354294161,-2.8739,-3.531381966841866
0.23275143845855595,-4.1365,-3.967362619575177
0.24859470982557175,-4.6413,-4.510748195737266
0.7430665341876848,-3.8925,-2.904225754245958
0.34760638182583037,-4.69,-4.9612005664408
0.9799629189773253,-7.1331,-6.016025172140756
0.5533602371218317,-5.8799,-6.315301229763689
0.5018167200028791,-3.1174,-2.480287317382749
0.15175048863536197,-2.2312,-2.341334776655168
0.40827056624879066,-0.53315,-0.8817913849802739
0.12082720890884904,-2.83,-2.830453483455218
0.18842308562363272,-0.3776,-0.5018986968434334
0.3430471440691585,-1.564,-1.754488266910411
0.2667807807951975,-2.6735,-2.522873627523957
0.34277221835400495,-2.7615,-2.500237029421274
0.5301816435865415,-4.0037,-3.363664865260897
0.35060634547140496,-4.3901,-4.195718842352719
0.33714857381316754,-4.74,-4.775389271585926
0.1894375504479045,-4.6376,-4.451660486659803
0.3533078055124661,-4.5878,-5.009252329732169
0.19498261105835318,-4.6291,-4.563319879860805
0.7171393652775122,0.19172,-0.733721096945086
0.12101227687394502,-3.5795,-3.4993751411408
0.22945942917023301,-5.063,-4.79462060727823
0.5237625792650471,-3.9652,-3.468112761252793
0.12625036815311713,-4.4462,-4.456384961201019
0.1678404958922709,-0.50129,-0.3482575818330299
0.596417395395486,-0.21659,-0.8902293100884023
0.28042117712732084,-5.8,-5.472398058503197
0.2516133449626157,-5.145,-4.894658741593902
0.3420370261577807,0.38,0.0787734523115898
1.2860537988047602,-5.275,-3.642209806800263
0.5528354664318692,-3.1,-3.808853257781404
0.1662932244928933,-3.69,-3.820435086171884
0.41337601081219155,-4.82,-4.18559629360716
0.41337601081219155,-4.39,-4.18559629360716
0.1700538910727634,-4.6776,-4.812278385884522
0.1600839323241609,-5.675,-5.517260252975671
0.318912840900018,-3.82,-4.077333851293922
0.4091971850520352,-3.6369,-3.213094128673224
0.611083081259163,-5.5083,-4.98475887623049
0.7865374080558155,-5.5498,-6.150997553463665
0.8425509253480632,-2.6,-3.386722048121448
1.7182249660300293,-5.57,-3.505093237415677
0.42193338727845164,-0.88026,-1.304754438491627
0.08431609107826038,-1.8602,-1.936557196830624
0.07702969574429212,-6.214,-6.145784793547109
0.06702198873242395,-5.1074,-5.101955715143895
0.28758850501927485,-0.715,-1.006696603184276
0.07978653670704826,-4.5906,-4.576718516488097
0.5052889446378694,-4.8285,-4.982468784670939
0.14681317204094574,-1.8346,-1.795478519528652
0.3228101051712843,-1.52,-1.108312531927231
2.860544160992959,-10.251,-6.650526371204135
0.34216642717589635,-2.01,-2.305881095052415
0.5447052619011697,-2.9644,-2.487812983737613
0.2991867642667309,-0.7962,-0.964203281456014
0.08338281207779893,-1.5186,-1.552430298477612
0.31628289313223656,-2.0625,-2.383305016914288
0.2591743330603429,-1.5969,-1.396872930794674
1.5815229580130221,-3.947,-5.80548723858867
0.06474408526787809,-4.52,-4.528098327414244
0.5206533361652582,-4.2817,-3.925331796348
0.22695721808595454,-5.6234,-5.626536677882038
0.3175060732952947,-6.7796,-6.463332509579016
0.2709240114570126,-2.4522,-2.211542761563244
0.4594466634293967,-5.1332,-4.68577988767818
0.16451143304248728,-3.6498,-3.768940336612856
0.11371961846818046,-3.6498,-3.676701498604252
0.45569524390918237,-7.5606,-7.153412319966166
0.2178155366290453,-3.6251,-3.795013065805771
0.3790758190040542,-1.802,-2.17148087201943
0.31717626487128575,-1.0289,-1.345631343640478
0.39568659335030093,-1.1887,-1.490058779623853
0.8853035396055524,-4.2318,-3.546993310131898
0.31880845805124286,0.5168,0.3082207535445752
0.4163177449629138,-2.1256,-1.732027837911548
0.21076698376245095,0.57,0.4000911680049951
0.1434045535081903,-3.5709,-3.467752666997713
0.1705588319173057,-1.1198,-0.9565494811461112
0.7858729326088917,-1.297,-0.4148828325545235
0.3555802213454372,-1.5743,-1.909572898776262
0.2173389333738782,-4.1577,-4.021346712620784
0.1847171433209678,-3.579,-3.607669152983637
0.06640339963524261,-0.24,-0.1928546998138192
0.13427725419354306,1.0499,0.9610703786376564
0.30657255522385596,-0.5229,-0.7006189692862612
1.023280107810787,-6.9132,-5.846548681949019
0.9213006873455128,-6.9132,-6.05715640541877
0.21388333500479223,-3.1096,-3.084618718213446
0.28415045881186834,-1.7672,-1.602900197707224
0.2694602299123238,-2.358,-2.166546440097364
0.035804803722289336,-0.29,-0.2629863278511179
0.05363629037925808,-0.0687,-0.1068670705390957
0.28576935135376996,-0.54,-0.8003258052514207
0.7451324067228614,-3.49,-4.304812780187384
0.2086937604250278,-0.787,-0.5912675230211039
0.7445772328410079,0.29219,-0.5678972104038174
0.11136230587716739,0.39121,0.3566742946224897
0.08776826189672493,0.37647,0.3931607369579329
2.140145574212026,-4.1499,-1.118237496037852
0.1141089182373258,-2.31,-2.467449588319084
0.2764051078997835,-1.0554,-1.334704813291992
0.4279436509569552,-2.179,-1.847141860337417
0.3322156238231455,-1.92,-1.636763956589028
0.5227781091977752,-4.1725,-4.918434796878957
0.15415960877669405,-2.696,-2.803504932014674
0.3630691483598993,-2.3015,-2.16223853843015
0.4145455578747403,-2.4268,-2.716587734138592
0.645375067977252,-1.0492,-1.642369140455459
0.5204234027438147,-1.7872,-2.170237068633798
0.28111551742562335,-1.9248,-2.197551045135341
0.42635128474172956,-1.66,-2.073813311006331
0.15230542077209383,-1.4217,-1.472020070827426
0.957906464475771,0.55966,-0.5719573935591798
0.3600200596382232,-2.28,-2.519256626432874
0.4538833299897771,-1.3967,-1.848533833411187
0.16237650116973473,-2.4397,-2.511457372105517
0.315034304594056,-2.1443,-2.331949616105254
0.4190864946819055,-1.2684,-1.721115547384757
0.19278312194637492,-5.692,-5.782995968116474
0.45613080314522286,-2.1562,-2.436763045097376
0.3694445337384387,-1.985,-2.017321315290589
0.284383215215987,-2.5181,-2.77387102409865
0.2840098224553165,-0.87794,-0.825566015685602
0.7330879264420679,-2.7073,-1.953342785018041
1.001927544907153,-2.5226,-1.324501260332392
0.7483688984388547,0.42506,-0.4752975783148653
0.6779932808293943,-0.14352,-0.6154893916532408
0.6595661303479199,-1.4661,-2.201794352928783
0.7502267270392724,-2.9832,-2.059417253895955
0.055880913574216734,-2.8213,-2.787824209262347
0.6328485193397414,-7.4238,-7.82043892889533
1.71993257113222,-7.0641,-4.627169971019638
0.7251019555557136,-5.8486,-5.319786805012962
2.6718524182129393,-9.2,-5.510665917059971
0.2602802854850688,-4.2409,-4.347563575029982
0.11688598689853114,-1.83,-1.86942643914299
0.23440811331593894,-6.7638,-6.797749005859516
0.11653983043498499,-2.5544,-2.589811236445432
0.3192585193332985,-3.807,-3.460853378360944
0.12480292935159493,-2.1453,-2.126258472338366
0.19207627208712527,-1.7061,-1.885111415153965
0.4902722206159384,-2.73,-3.261067512970446
0.10424766703123237,-2.74,-2.667252010699737
0.36613608977274603,-6.49,-6.882002518738465
0.10333345965722836,-1.36,-1.308989237551224
0.20547314181722573,-2.2514,-2.022447614521669
0.4167327239696511,-0.98184,-0.5206015700314617
0.3671181954668347,-3.0514,-3.330984067552833
0.39128440780909907,-2.3347,-2.449387355747904
0.29071862290475836,-3.55,-3.474955349488741
0.33256940345542985,-1.2732,-1.608717870359463
0.41788918900617694,-5.1086,-4.787573597926157
0.43705478455945396,-1.0349,-0.7004116387540511
0.11020602886702598,-0.321,-0.386024144928159
0.16404427331679677,-1.28,-1.270550116164661
0.44101407575208057,-5.9021,-5.626178088541412
0.31656154617870497,-5.0688,-4.783186709769252
0.1111645665363533,-0.82655,-0.7282719280751695
0.12528226579878435,-5.69,-5.67844775167966
0.15840130488555848,-2.83,-2.87125217993374
0.7504604562287013,-5.91,-4.965028255460092
0.5113748721199964,-1.8219,-1.301107668917603
0.2596868563148796,-3.1174,-2.915943556827235
0.21419528601845989,-2.9329,-2.850127875304827
0.2715371868523184,-3.55,-3.43300587404511
0.645596423395513,-1.8281,-2.603556667731107
0.4968796583195234,-1.4278,-1.960401262929466
0.7376539900192909,0.6803,-0.136631521874852
0.18563691099613752,-3.8219,-3.968703721490894
1.9896053864453496,-2.9253,-5.168499322541839
0.30653665366669264,-4.36,-4.104256227181153
0.5434075021629279,-7.4022,-7.042515381325686
0.2328603771508322,-4.998,-4.808433750711997
0.22636665307685408,-3.6864,-3.569921003079282
1.6430305228350484,-7.155,-5.131608436127701
0.08506046252413466,-2.5839,-2.526154545489122
0.06695233460906079,-3.7807,-3.739368516058459
0.10487592582987756,-0.889,-0.9638094737992582
0.13501205916595757,-5.55,-5.417611127125785
0.07689468315169665,-1.9636,-1.890246089728195
0.30397996783573583,-3.1345,-2.778447709684692
0.1809674683799038,-1.3774,-1.201561257466579
0.6053835987408359,-2.5944,-1.915784995503997
0.3711495523006827,-3.1289,-2.774807212765097
0.03957454326327472,-6.162,-6.186678711334745
0.21786046923000843,-1.2258,-1.284337539208199
0.13600976840781345,-2.1538,-2.286418848667972
0.022874745397079576,-5.65,-5.639149098015027
0.31805592919765635,-3.1301,-2.953518407657612
0.5182128955957844,-2.3545,-2.776191467487244
0.4515305396014104,-2.0844,-1.772103069170299
0.14214259704118484,-6.138,-6.27798505308413
0.08484799925954223,-2.6945,-2.669883778627555
0.10296924481720293,-2.4,-2.437517090120062
0.2525520066763419,-1.5729,-1.537872920748084
0.7094652867417364,-4.5015,-3.772115426566515
0.12350738502279691,-1.3093,-1.443234967298091
0.1151696969299328,-5.16,-5.007134499643366
0.08661517525280674,-2.2084,-2.175833790831684
0.03765528609969173,-1.47,-1.450776885583993
0.5061308902028103,0.33502,-0.2443687934527984
0.037411961897843564,0.30081,0.3051413850574149
1.445959603613086,0.48506,-1.462827510462838
0.9229088576445329,-0.38246,-1.359081263102504
3.1938431271063514,1.332,-2.747889763860371
0.967438566071744,-0.71451,-1.874260863221137
0.2730651128552994,-5.3465,-5.535147438955825
0.2684742078193654,-5.8655,-5.964554460468383
0.1708944631415017,-4.6604,-4.724725926166938
0.42856408442667243,-5.0275,-4.56499458742806
1.6145408565278005,-3.9229,-5.933085874543274
2.0739714213376663,-4.5403,-2.025346952207196
0.38848007501760706,-3.7583,-3.458751949252726
0.5919359589325812,-4.0607,-3.512083240973019
0.4305789986183545,-1.2565,-1.491081964418727
0.8924460659486053,-1.49,-2.276258467504179
0.4000368748393197,-2.4852,-2.855236582875216
0.5247436731141051,-3.3925,-4.03978813348039
0.25201179794226686,-2.47,-2.581792148562187
0.30197609820248944,-2.4333,-2.228307652279341
0.16825259732921383,-3.5132,-3.502594125116084
1.6060056587836875,-1.9,-4.028041839552445
0.20565185951655707,-3.3119,-3.389469651105689
0.21954668637260674,-1.887,-2.085421332998689
0.44879944299210706,-4.109,-3.587587579955385
0.2715763595956725,-1.5013,-1.31525983809477
0.4725310480889678,-1.011,-1.530601297818931
0.7451324067228614,-3.4929,-4.304812780187384
0.4464787664165699,-4.4506,-3.952340194344556
0.2942810962387382,-2.7305,-2.564753669554614
0.4346675892023964,-4.4665,-4.711552388000482
0.433848369258649,-4.0,-3.92032192134572
0.31349045720448,-2.4596,-2.618831728730767
0.20382300285931976,-2.12,-2.011947472389901
0.21015051316282146,-1.8145,-1.87160354376714
0.4888240248838093,-1.01,-1.408102372119256
0.12412264278384055,-4.7113,-4.916131986318552
0.5544777730272581,-6.19,-5.789929536943026
0.36428590510264536,-3.48,-3.173231025269441
0.40410121597753007,-5.265,-5.590952073124283
0.18113248106727306,-3.6964,-3.614336107792923
0.12571415328979416,-4.5961,-4.455888301867045
0.16050379077381166,-6.1725,-6.183814368063559
4.808730387203108,-8.702,-2.199423615347868
0.2218800598256775,-2.9898,-3.102823135613385
0.8986208555481725,-5.4202,-4.814444976196053
0.03728337895282327,-6.222,-6.197697742324473
0.9273350865831312,-5.7906,-6.128659282561561
0.05643267530821892,-6.276,-6.276092891044884
2.4400309702168057,-5.9491,-9.065631551318258
1.5096650745415627,-7.8357,-6.132376197110052
0.646239004529696,-5.3943,-5.657994607882847
0.2670589142010512,-2.402,-2.296048101663459
1.2054523794905683,-6.9799,-5.660430085358592
0.7796520147960895,-6.0882,-5.243354843142469
0.4233784084528435,-5.2804,-5.48581570257867
0.8961945097940874,-4.9289,-4.021856469914756
0.21147367952688523,-1.2467,-1.381969760845785
0.41578588806487843,-1.0453,-0.5843562816175081
0.47972788068333044,-3.2225,-3.638847848765792
0.30087567960864336,-4.2668,-4.053633074251187
0.71441229107397,-2.4042,-3.179126540473654
0.05206278315884055,-2.0171,-2.07622188361885
0.6470128799158408,0.30944,-0.2910936304476085
0.20184685452361373,-2.9011,-3.047065282276727
0.2397686879439818,-3.14,-3.329391858338141
0.29149526849799906,-2.17,-2.464660126445328
0.6889500661297951,-6.6623,-5.95951055734993
0.2587233974831992,-2.3668,-2.195321318681166
0.40882780620343795,-2.5738,-2.842321230004963
0.657676159534265,-4.16,-3.460877610901216
1.1852901442068104,-6.9281,-5.688666471274535
1.0419607230988595,-4.6578,-3.384767181173767
0.36197158955307285,-2.2322,-1.948713354228844
0.3618107551535125,-2.1991,-2.355596514860591
1.3242713894894351,-6.51,-8.03340609278525
0.0865290168985287,-3.8921,-3.840614094429808
0.3080095880825039,-3.5322,-3.771024884804315
0.2974203772861849,-5.12,-4.929067705614953
0.424070499837956,-3.1079,-2.601200775427866
0.668983508007299,-6.4882,-5.93250169885578
0.320173698846899,-4.2968,-4.126008311505693
0.3787961991856356,-5.934,-5.982527443550264
0.4248603921679305,-6.095,-5.625265382056412
1.351469032360336,0.5921,-1.116818252892727
0.11443687832356715,-2.6746,-2.788372373654327
1.3234045471082754,-9.472,-8.089297001373922
1.5903049420154474,-9.65,-8.047242362293836
0.0775787854738592,-2.1842,-2.209615228997174
0.5035172858530914,-2.47,-2.875533714804469
0.5601384660879462,-3.67,-3.498048989028555
0.05841192839115693,-2.591,-2.579985428829333
1.599322183716865,-6.7899,-7.672283762074171
0.2054094309303123,-3.71,-3.53821750494486
0.9876214001314433,-8.57,-7.7202471865634
0.1546346167573885,-6.8661,-6.936002798259485
0.7817978657972076,-6.7726,-7.119588333675251
0.1812448346741572,-4.64,-4.461851951527045
0.3130505443342233,-3.2565,-2.913500698941235
0.24383725528189792,-5.4262,-5.240243392233888
0.45496164799863864,-3.2047,-3.758586892641725
0.2730779875200764,-2.8374,-2.611885583216701
0.3974055851792678,-2.1,-2.437054084917162
0.8721458551404726,-1.0613,-2.150289268337177
0.2905264603968961,-6.9738,-7.011711453066441
3.5498269977651495,-1.661,-6.633711354147216
0.2907427460032782,-5.8,-6.078947569807145
0.4088638708096226,-1.465,-1.784975540868726
0.036336778709450276,-1.7528,-1.722759584253808
0.9903771167147947,0.14209,-0.9386716206963672
0.7503862010607069,-5.4548,-5.84909674945499
1.809241872865806,-4.015,-6.387389996477065
0.5317423236108739,-7.2739,-7.01879473167749
0.8552028909832603,-1.4409,-1.800621304760886
0.13829503569559268,-10.4936,-10.41572714951172
0.2160810854952134,-4.08,-3.899056198742291
0.22428580593334654,-5.9476,-5.813968816073626
0.2849364259128127,-5.3322,-5.021573726227443
0.3848245280565272,-4.8649,-4.545453542930354
0.5714645463977794,-5.6844,-5.143103761597704
0.4682911532719172,-2.1115,-1.685033886554951
1.828447790506323,0.057571,-2.310419895739851
0.6626059781406972,-2.63,-1.905031952901263
0.19078405442925894,-3.39,-3.479151643834494
0.737973405960427,-6.0707,-6.610321600672779
1.8795209070262318,0.17947,-2.311402165950158
1.1049057413617112,-5.8327,-4.702490179236385
0.16117522536560205,-2.9846,-2.934764441251727
0.9813943928262171,-4.1493,-5.169089582134213
1.9353973041400405,-5.0424,-7.161881611885963
1.3271006778701024,-0.12159,-1.067173470706719
0.9854108064734776,-6.4518,-7.418339651605251
1.2179781292691012,-6.3352,-7.571674472213946
0.6549923303759193,-7.2482,-7.398039379050223
0.42514278500745883,-6.9812,-7.344713107322207
0.3379361048093809,-3.4701,-3.251953838491479
0.1560709403998339,-5.5959,-5.602467516125019
1.0754875293612864,-4.4,-2.966317885244363
0.3220442404424429,-5.8903,-5.537626563810679
0.18127933693813827,-2.92,-2.78506954913525
1.8371480234947546,-6.7521,-4.818238999183722
0.08140145795876938,-2.7958,-2.738669647789152
0.3395395618292978,-2.4786,-2.255808392599668
1.1728851821352777,-8.1182,-6.803727302136883
0.30641306634172333,-3.1594,-2.916944641798215
0.456135081268505,-6.46,-6.026107999160714
0.761617232781297,-4.17,-3.312701148264601
0.3280662435724126,-5.4245,-5.330220849513744
0.44471018396667433,-4.2018,-3.737089738136967
0.43387018090036406,-6.475,-6.297548940999651
1.1838151131962094,-7.959,-6.268837614501393
1.2420675178378713,-5.9232,-4.525418461646476
1.2381901924238299,-4.9505,-5.934149425237788
2.0166355322559717,-0.011381,-2.352537830114592
0.28994876890335125,-6.28,-6.093990709451635
1.0142099255714998,-2.4085,-2.723034347055909
0.5989683352259115,-6.6006,-7.066270247222294
0.4657764989035289,-6.3644,-6.540570536155223
2.2368564166477167,0.28652,-2.481652716907455
0.6613665231514757,-5.0615,-4.410911619554412
0.5451595382359529,-7.5936,-7.160045714438205
0.9182239815855208,-5.7131,-4.89880945464123
1.947044215789105,-8.6471,-6.638872912224024
2.026989256123908,-7.3979,-4.651183737345141
1.9837006201808627,-2.8981,-4.963271147753263
4.076346223879423,0.062075,-5.336767421596624
1.0949648450805076,-5.7839,-6.872930108459299
1.0327256034291876,-7.83,-7.007893362678411
3.1344460796240448,-5.7201,-9.490430879699204
5.344781953813256,-2.7282,-9.577099226594957
1.2484984330911424,-7.116,-6.4470630089774
6.494063669020277,-16.2594,-6.700286163543265
2.124462025889269,0.22277,-2.308442258046377
1.0398902033436905,-5.4408,-5.320481893413769
5.430392638779104,-14.9399,-8.209517117617015
1.6155869358699695,-8.7554,-6.917393345636517
3.009425045669023,-2.3018,-7.300817492134343
0.39817068629079727,-3.6161,-3.778921902737143
2.4219961794033575,-10.2347,-7.443924346616248
1.0269227835743455,-5.5498,-6.61295296900368
1.275310311572604,-5.475,-6.84431940366531
1.8475615100362313,-7.9668,-9.62072254179824
0.9129514850911552,-4.7945,-5.721390076894252
0.889369897316572,-6.9161,-6.378333880845076
1.6747966852827656,-8.2325,-6.671968892961003
0.5301588028683797,-7.0741,-7.097224236847055
2.2093705435846243,-2.367,-4.414679696142469
0.8070703942213079,-6.35,-5.577397881971473
0.20735306970407816,-7.3271,-7.357478633977237
2.2327925959600843,-4.3499,-6.660945651758762
0.36946167782036815,-3.3759,-3.578832791163699
0.37504593692402943,-4.4261,-4.341743905343992
2.2060406041799046,-0.04073,-2.596951452999535
1.9750928165504036,-0.19771,-2.518624020113103
0.31127680643822125,-4.376,-4.47208780396347
0.4010055147943725,-4.67,-4.850202500750653
0.4875688258223117,-6.4797,-6.793594106676498
1.1042575268822892,-7.1725,-5.957100727605013
1.3011546929157733,-7.5738,-5.955304477765626
0.5028131207034238,-3.56,-3.092769499013433
0.41220178305805233,-3.8893,-4.434581847346747
0.5682322893263623,-2.64,-2.051176507473259
0.6322877900357645,-3.0958,-3.843411413348011
0.050925379437249854,-4.6341,-4.687500040076511
0.555367349859742,-3.77,-4.297157460276316
0.5715640036873701,-6.356,-6.042718720779582
0.3477454725438214,-3.39,-3.531369480098137
0.39375645088721695,-6.2718,-6.384339426465683
1.2947381989002167,-8.2877,-6.539497339741072
0.09488729452740906,-9.9746,-10.00120138552199
0.7404694673196285,-5.5138,-6.11402485762226
0.8314245716691189,-6.5588,-5.691267117392038
0.907012887755877,-6.4131,-5.352410244623774
0.40089934146064415,-2.91,-2.570059729827333
1.58530024390556,-7.4691,-9.05302050495864
0.16905208009757078,-5.6728,-5.574297123259288
0.18326673545930042,-4.81,-4.674173480202176
1.8658463288576832,-1.81,-4.094208645222507
0.2540610919599044,-7.12,-7.134508849153096
0.10306201084481828,-4.0725,-4.08039808637445
1.8383789298365665,-8.56,-6.313290754772623
0.27205635628924296,-2.62,-2.475435210467398
0.5528105300764282,-11.5341,-11.13670414852059
0.7430151896741127,-5.8548,-5.094497396762988
0.04728723102597293,-5.1531,-5.185924234594792
0.05721677125246145,-3.0784,-3.144179521385216
0.12030948659069192,-2.73,-2.613213001601541
0.8072067610285503,-2.52,-3.413490769938016
0.1462122477845701,-0.9487,-0.960628397870473
0.6666291160252424,-2.5221,-1.849261976493966
0.6129231733779138,-3.1574,-3.800678764489084
0.1901944384348627,-0.77308,-0.9684087132731928
0.4391036510931364,-3.1265,-2.64397365845171
0.49752894192366126,-6.11,-5.929513689046567
0.5769886393491332,-7.54,-6.906425200314091
0.4651855490189988,-1.14,-1.690685545897813
0.3012183715252355,-2.4884,-2.36172482656415
0.23629898538953925,-6.2339,-6.064929120697533
2.028780993850049,-9.1518,-6.615007128563901
0.7188059305659671,-2.1706,-1.211276033534982
0.20368864137617976,-1.1694,-1.227309822808218
0.04076214151427549,-4.6341,-4.672458331363624
0.01229806141115801,-4.1157,-4.121677203735373
0.06162823419494111,-3.0784,-3.134037276387568
0.5378034341069913,-2.8971,-3.529738845794709
0.4343114686653968,-3.27,-2.754150290814287
0.15512102971968564,-0.24946,-0.4065381250581954
0.3365321328904819,-2.568,-2.230032885139981
0.8026260701354437,-0.99,-1.921162030073825
1.3345670880852167,-3.49,-5.303111716880452
0.6626940866366526,-2.5936,-3.415590588274322
0.37731721416196584,-2.467,-2.949763289682034
0.19857005015900725,-1.47,-1.417813467650404
0.12632831042187137,-3.6622,-3.7206860109389
0.06584401075548553,-4.534,-4.515485427052888
0.11980044470077304,-4.1841,-4.121150799910918
0.1406094331472484,-3.8398,-3.754032837927163
0.7997761009278398,-6.3318,-5.312360139154007
0.2690687672781779,-3.8815,-3.620882236007918
0.355387393397002,-2.6326,-3.004980689394425
0.3554360042275767,-4.9202,-5.24040114590636
0.2533230249396171,-2.96,-2.693995446360485
0.15748923564761466,-6.0275,-6.029472879951387
0.10294181506304576,-1.0354,-1.099516331976934
0.8122653806430374,-7.4043,-7.700644705997223
0.14307951597914173,-2.0955,-2.104036683277143
1.9397310442057125,-8.8809,-6.677981304642842
1.0340775648100173,-4.442,-3.285820241886349
0.21811100475560782,-1.9236,-2.009651071557313
0.3745595912822346,-2.273,-2.528316650120719
0.21324241842724032,-4.1396,-4.293733914579748
0.27807401443164126,-2.7206,-2.565512457957481
0.7237594939459975,-2.4529,-3.264441300915557
0.7106198434674517,-1.936,-2.730029964880461
0.26706981652643597,-3.7568,-3.592968266390216
0.8740179425511415,-5.1408,-4.371001746981142
0.39513802016798394,-5.6808,-5.271636538592174
0.8202359352488001,-3.1275,-4.113134381989024
0.371636915933228,-4.217,-4.321011914692536
0.7714606838487893,-4.8462,-4.039941795837702
0.26767601489876375,-2.2139,-2.498910702478277
0.43569500551547885,-4.3028,-3.851887916209554
0.34265634559606695,-4.97,-4.632170152862999
0.21569676361674908,-1.8051,-1.662758038322772
1.3719896436930972,-2.32,-3.97556388178828
0.15642372386487657,-3.2779,-3.193390798055223
0.496923945115022,-4.1841,-3.70862423989833
2.7424726142095084,-5.6917,-2.896342583169465
0.2374723455189739,-2.5935,-2.422979699593826
0.2981222128672861,-0.4405,-0.7163358259006919
0.7602654802172859,-0.28412,-1.128098884843495
0.5348900243573184,-2.6758,-2.071288216595767
0.1558552080268258,-0.99,-0.884046515786203
0.7024345758628623,-4.3136,-3.027271687962711
0.44204554795744455,-3.8885,-4.269193902184625
0.28020249189630286,-3.48,-3.132842452151767
0.20982795900098097,-3.383,-3.190414505044483
0.3307938734631318,-8.2138,-8.115620339214404
0.25824780079060083,-2.2279,-2.321132540183687
0.6484085676486228,-2.75,-3.311320808798104
0.3598456968834054,-1.59,-1.88524801825072
0.11958290554520898,-3.37,-3.33879903099587
0.37911663518913663,-3.1869,-2.798401225889111
0.5718737716061711,-4.4745,-3.987741843819901
0.7154093326835445,-4.3625,-3.432572463033654
0.2549646125135096,-3.9884,-4.226027943487174
0.054865622569716714,-3.4647,-3.463848842359471
0.3027111057105047,-3.4971,-3.836342987691761
0.1288466353113006,-3.6078,-3.562872809519802
0.2607508036077546,-3.4417,-3.596263990526632
0.319936572308149,-2.0332,-1.728237979545375
0.7765435967525324,-6.7082,-5.937052128437729
0.24376233719012166,-6.5958,-6.506468732192034
0.5394252812398223,-3.46,-2.825967381530354
0.3271838982975105,-3.2373,-2.995240816730018
0.562115108316973,-2.4983,-3.180233455730041
0.17432837243396615,-1.55,-1.367522683693314
0.308014156797938,-2.2438,-2.622498758272011
0.3126667000882767,-1.862,-1.875884439840073
0.5635149515745663,0.6855,-0.0114990665489816
0.3674194204216347,-2.912,-2.649635103317059
0.8618741285778792,-2.5084,-3.308217054890586
0.8354191206748885,-1.2005,-2.092605580125042
0.2107744301156603,-2.2886,-2.41096207615767
1.2031303698621425,-5.5712,-6.942976958061346
0.577953831593495,-6.12,-5.663961553580608
0.67198135156793,-1.0956,-1.817605584614699
1.121585263798011,-6.4695,-5.20282030402594
0.09713366714025588,-3.2629,-3.237360606801922
0.5894172325289044,-1.6807,-2.16522902850463
0.5758259205973077,-4.0445,-4.707520329840158
0.2980651996921421,1.0197,0.8035524384784051
0.8651584234367966,-3.9226,-3.104022772059557
0.645183013522884,-4.59,-4.890825700169917
0.7038898939830375,-1.6107,-0.7973581562639209
0.9032545619586125,-2.1336,-0.9845451220242788
0.04418314934304141,-4.1671,-4.163523327333309
0.08351654591275297,-4.6891,-4.610387823324022
0.17356122970412183,-2.0713,-1.967028996547096
0.3661856729537262,-3.4652,-3.737275640063306
0.9859784137319503,0.02,-1.284339301294907
0.9867464301896193,-0.98109,-2.133652496104119
0.5111456047595229,-6.7679,-6.375915745854252
0.0763221371987136,-2.7573,-2.755766730147677
0.063737254922017,-3.175,-3.229012369136124
0.3447238734893119,-3.965,-3.572165432571194
0.6539868270511034,-1.166,-0.4279275121887035
0.7361604156343704,-4.3818,-3.403674464025118
0.11540021332153616,0.70053,0.621311305154301
0.5853026651713453,-3.5418,-2.884683380915165
0.42710054737528985,-0.87495,-1.217129677479957
0.29551236936034014,-1.5044,-1.187473449009237
0.21898982919107612,-0.39,-0.1990513372033479
0.9162491610020573,-1.6225,-2.804397749199933
0.10412995448639434,-4.3542,-4.281534939997418
0.31966460926070517,-3.2627,-3.492596003782465
0.18481440146269787,-1.9758,-2.126383877647116
0.6009096981864082,-2.2222,-2.924170209420474
0.3185268335013778,-3.504,-3.307187706021756
0.6131329455673334,-1.9573,-1.306806277793113
0.44821941689909595,-3.52,-3.954370345000732
0.37750332352255817,-4.3363,-3.988676644325411
0.1317560888796073,-1.34,-1.230198685761575
0.21085000936024278,-0.1302,-0.268483767717337
0.13816435995284335,-0.5463,-0.4812365434401111
0.3759636789582924,-3.7,-3.945440053296736
0.21724587817241667,-3.159,-3.278727727785419
0.05405938047289866,-4.6706,-4.652163591884014
0.3187494686425125,-2.9208,-2.595841545748821
0.15464933149330523,-3.3422,-3.161956591309284
0.29890677318763315,-6.77,-6.594809296766213
0.36827903447616955,-0.070053,-0.4448385273148306
0.945568988484315,-4.1009,-5.336436580256255
0.8566493126666075,-3.94,-2.938709085197921
0.5261596525573571,-0.9199,-1.568115685332378
0.0662421236907881,-3.0784,-3.132380067999115
0.5254868539721911,-4.2455,-4.752992913468598
0.2635777571932426,-6.0171,-5.905471085730381
0.3636853648315562,1.346,1.145048775694942
1.4015491023723698,-5.1821,-3.293426625040212
0.3538280524916587,-6.7554,-6.454726209117996
0.7314280344790525,-3.7007,-3.041846564823397
0.25287567422583007,-2.7311,-2.892086166173328
0.25448566111475307,0.5233,0.2600185501156041
1.2690425705830717,-5.188,-3.569390941417477
0.764618341705535,-3.57,-4.55717678147629
0.650124778692668,-1.6,-2.524517827987757
0.7256682898426976,-2.0886,-2.858630826738493
1.007596927455608,-1.5204,-2.785790382645468
0.3001972158982687,-3.7983,-3.879068822771262
0.39808596871491453,-1.2124,-0.8451868176959924
0.49346745253434315,-3.8138,-3.243453868479771
0.6697713701700938,-2.8656,-2.146754785896721
0.8052749210599979,-1.14,-1.896541191035789
0.29079038030100224,-2.0706,-1.911022750514312
0.34645484048390485,-1.2602,-1.277637181891885
0.7789437463443999,-5.1467,-4.172570972923735
1.292490542040863,-1.0849,-1.979969719295226
0.2108118333670587,-2.2875,-2.171810071954524
1.6250363470189386,-7.6872,-5.992769640632112
0.7376356383918035,-0.7717,-1.386309358780606
1.3296023465406808,-2.0573,-1.097733827907541
0.823548669935973,-7.3796,-6.803514748848245
1.2229479710978601,-8.1028,-6.684062532393015
0.6461369302130653,-5.9821,-5.453934506515454
1.4793189114761527,-8.0974,-6.266033558078679
0.521088315585144,-3.8192,-3.373956367971535
1.8636915733790445,-3.2358,-4.90386660969414
0.688538977109502,-7.4876,-7.077775981677118
0.2055281650280221,-3.1303,-3.017474080497013
0.3796813758536659,-2.2933,-2.197494997595672
0.20198938587046084,0.10211,0.1749430796617566
0.7510900468959304,-0.78092,-1.981532747983664
0.5810889339853508,-4.7,-5.194451692465956
0.3491018017600542,-2.2707,-2.684810310219337
0.3551309944975006,-2.2707,-2.700011823344211
1.6161331496468683,-8.1576,-6.741379191322631
3.277243928002789,-2.64,-6.885995356391975
0.5309580843738096,-4.1844,-4.72706802387987
1.2171260231917809,-2.83,-4.360231163261156
0.5960067698442013,-5.9891,-5.371844429288973
0.22604326331532942,-3.1686,-3.07305814630385
0.7636051793192057,-4.6821,-3.902089219963411
0.3041476341018301,-4.829,-4.779970251083619
0.6139276798023545,-3.4374,-4.131067723051128
0.9760424608516104,-6.4019,-5.399538527186264
0.320253978757543,0.9311,0.5442350032615453
0.5331664234983796,-5.4947,-5.454117358281527
0.5300258313359865,-6.9325,-6.578873946857273
0.2086765009959409,-2.5566,-2.677236595687362
0.3539338273888463,-5.3599,-5.019298246795694
0.2641317318319197,-2.0902,-2.029045823645785
0.6749525025026645,-1.65,-2.456789089334415
0.19474484325967142,-4.3868,-4.557342098174548
0.2896788475644026,-3.7283,-4.081835980411352
0.19782393379505303,-4.5678,-4.387329926636873
0.7190774134695651,-3.8522,-4.775401282456494
0.7256822137852926,-1.4103,-0.7001355207826144
0.5322232405311964,-3.09,-3.475823296121598
0.943980641417481,-3.0387,-2.296558926869047
1.8006307833376034,0.4918,-2.247197714559353
2.0685305341385414,-0.91839,-2.852991010842688
0.10960913778003377,-1.367,-1.369973306162938
0.1864662372463096,-3.43,-3.524702153929558
0.6608810176754341,-1.9171,-1.052835314216475
1.0603750924300896,-8.3861,-7.302884348191441
0.24107892820972382,-1.9072,-2.013273190333025
0.8540964716238117,-3.8592,-4.897093369676344
0.42923396889664195,-3.0578,-2.700641833589996
0.44466370955670537,-2.2555,-1.808906342422136
0.400749092279248,-1.8744,-2.304828436189564
0.5655850963230065,-2.6594,-3.32612928564182
0.49892353138808515,-2.6594,-3.1832990983969
0.3924558518896588,-4.87,-4.624452186708369
0.8778078511213019,-5.8718,-4.827324193469879
0.5550010418173372,-3.36,-3.72980748379724
0.40354358681743646,-4.11,-3.819506888069157
0.4288870526031428,-0.165,-0.4512651357320986
1.059145751267524,-1.7217,-2.799082204517125
1.1360319249429391,-4.6459,-3.338406961092891
0.7677376453952672,-4.9366,-4.089165738947028
0.34985728851903053,-2.71,-2.560663734739188
0.5196296047205482,-3.9964,-4.609010697520563
0.34569071503020693,-4.0719,-4.296730734326566
0.08190970117203993,-3.0848,-3.068088738702548
0.19176810303775726,-2.8016,-2.762075250343978
0.5932391614374217,-1.3316,-0.7457534936634818
0.42336199272230723,-0.64967,-1.1000558794928
1.210282187500962,-2.6028,-4.010918508440307
0.2486919246289102,-2.9426,-2.809015278668553
2.0646764996799853,-3.82,-6.038528173899286
0.5616902248233224,-1.2954,-1.902098448202718
0.26227682876170466,-0.7544,-0.9530675596565384
0.4559211106413104,-3.586,-3.149821787280612
0.34107817765626125,-1.68,-2.030420082536799
0.3521267053039861,-2.13,-1.798316896301039
0.5320945201419918,-1.83,-2.183711153845121
0.29325798450489987,-5.23,-5.211432187954973
0.2326731617496145,-2.8578,-2.908936374151168
0.13273846435092287,-3.6749,-3.740393311694546
0.33565459656662733,-1.79,-1.61016017392309
0.31019469956174694,-0.50129,-0.3339300933537007
0.11242743456738305,-1.915,-1.912255155169048
0.6086573915855,-1.8311,-2.598368835942241
0.19223818426838463,-0.4189,-0.3179577910695397
1.1094029698353443,-1.1306,-2.604088579806953
1.6854423160960539,-4.8971,-2.429118568689161
0.5347591949704089,-3.4367,-2.849564418513553
0.5165136325892624,-4.43,-3.817145134309263
0.28611605062683787,-3.9924,-3.764420012540084
0.10507533699719394,-3.495,-3.502489896666693
0.24653052894880317,-3.2379,-3.243299685488521
0.6828748478252874,-2.8699,-2.286997399843217
1.272742446710507,-5.31,-3.610478895898827
2.1295184877101514,-5.35,-2.44212474435474
0.23333147518285288,-3.5057,-3.763169997261594
0.1083015694259926,-4.024,-4.112790823569001
0.42251049973318516,-3.4078,-3.060118111639665
0.5854374807320467,-3.0204,-2.396857517389305
1.730623929184678,0.61576,-1.730774353864415
0.7173390055057144,-2.48,-2.979005529667766
0.17985455816752036,-4.19,-4.337832142784363
2.816615032604448,-3.8042,0.4229455140806365
0.3643847049914629,-3.3286,-3.110036448222434
0.47725528005898027,-2.7477,-2.252644813865414
0.17288642101549384,-3.1098,-2.947078804626598
0.22185556436504733,-3.4809,-3.369712932008002
0.5116388748446137,-1.3519,-2.046368150521145
0.5471495457977408,0.73127,0.0866526212361949
0.8220857704966963,-3.87,-4.667637959621705
0.3549566750790835,-0.4628,-0.8513849108707423
0.1258376732526309,-2.2709,-2.186685200558689
0.7747735407856848,-3.9125,-4.657484198886761
1.1779892818255442,-5.8469,-4.558485689427711
1.5985928992140412,-3.6681,-1.504237286341302
0.5133727274773736,-2.3034,-2.862037315311416
0.15076909378529404,-3.5377,-3.542669675948228
0.3873997749459042,-5.9804,-5.644853728169787
0.24065506897047675,-0.6994,-0.4686354799347965
0.2866728844506283,-5.97,-5.795839982784334
0.8065362077827949,-4.6888,-3.735368412135789
0.5126650251156948,-3.854,-3.273736956790342
0.16570623546520152,-2.08,-2.030922922042576
1.2760217485805756,-1.18,-2.948957031452552
0.2693808412601346,-4.512,-4.36033510874924
0.5680722790048687,-3.37,-2.821311459894944
0.16053110856316913,-3.0013,-2.887909854638369
0.6548445201096941,-3.3427,-2.625587254957673
0.13396583329389472,-4.9641,-4.951446786475582
0.4085789128324806,-2.6212,-2.172588459631189
0.12971266826042765,-3.8637,-3.728939655431739
0.13479509988710198,-3.8561,-3.953473213205836
0.22562714180952384,-4.8767,-4.991814251278217
0.4671103630868668,-2.9192,-3.391138645226371
0.28937367486441656,-2.5607,-2.753807473016032
0.5443953950542382,-3.3389,-2.743143701084166
0.9766481070526312,0.43792,-0.6546907826960175
0.4161479882766429,-4.05,-3.6640124981964
0.4339044648486861,-3.2232,-2.770197920413803
0.18697468676126408,-2.36,-2.176661906958199
0.3564348048468463,-2.3317,-2.711377045511089
0.2977928919290545,-3.5593,-3.723585940182093
1.1026637267994097,-4.58,-3.370669571364677
0.3350077609985733,-0.4313,-0.7771948315125151
1.1129299887320552,-4.9489,-3.516905040016612
1.0331222683678751,-6.6187,-5.435730230357359
0.6352340020263253,-4.6282,-5.210596071964916
0.26055308426873014,-2.3144,-2.450999607964359
0.24151233187496107,-1.6223,-1.571066768695109
0.5680722790048687,-3.3626,-2.821311459894944
0.948330717535523,-2.1799,-1.027594064151545
0.5970379830799325,-5.2229,-4.550638968437278
0.38290565253050707,-5.2229,-4.957622274758094
0.10291554725277846,-2.0931,-2.090609569003345
0.1355691625647654,-0.96,-0.9785620906495568
0.39312254768221466,-2.9086,-2.475426062779351
0.20590613598088947,-2.0269,-2.251965879809482
0.22598055172259154,-2.5304,-2.726035424370339
0.27928678343893054,-3.509,-3.739291695414395
0.07814386134345738,-0.8005,-0.7851888475942314
0.3789161116944365,-4.71,-5.032578337067839
0.45989276122091755,-3.1738,-2.754006446394146
0.5063366700300072,-4.2748,-3.730721377316203
1.2812112536585416,0.7566,-0.9982513663130292
0.39868384123906253,-3.762,-3.444327391301525
0.8055181693874109,-2.0024,-1.207016005373605
0.14253021807557784,-0.59,-0.6775111175308317
0.6547699014746824,-1.7111,-0.9670928495737112
0.3539680878179501,-5.8729,-6.096147876152418
0.2868099220309555,0.13027,0.2617085884567439
0.24390898928786356,-2.861,-2.799160207801389
0.6938936399575297,-3.81,-2.975853512174699
0.28890241471457284,-3.814,-3.644815270454165
0.3587751307604075,-3.0224,-2.725655835194789
0.7127931632427577,-0.67738,0.1706513263328568
0.561389993672186,-5.2606,-4.793381111063655
0.5171080169908935,-5.03,-5.464736138814558
0.9363970206867879,-2.4143,-1.421473002578898
0.9951875194743445,1.13,-0.1166239066999625
0.38671539539101757,-1.2558,-1.123294954083213
1.7245765514717548,-4.3044,-2.22471778399386
1.210326862968381,-3.6722,-5.04881024303466
0.2665316914994564,-4.575,-4.595907522947996
0.3026057568460305,-2.0608,-2.310232762534793
0.6674828720177279,-5.7267,-5.375569968264469
0.45569788682368295,-1.9983,-2.511412958842653
0.2910881598911632,-0.79821,-0.5314016646919211
3.2128744050845457,-9.2195,-4.958448351144709
0.237103776678173,-1.86,-1.74597207688368
0.3357361893915513,-3.6332,-3.317298940957262
0.43909061714406156,-1.7,-1.234644839647542
0.11643325101359235,0.74064,0.7177447628596585
0.4881591989306386,-0.61207,-1.067827221778283
0.29649790763534695,-0.2059,0.0418017958133751
0.10650860215800075,0.11288,0.1602612012928025
0.5941815307542797,-5.0,-4.321583907820536
0.1851033722979655,-3.7044,-3.56347265935021
1.0651763127030422,-4.994,-3.428205987583803
0.5067025518967528,-4.64,-4.471346072038486
0.3479301118424619,-4.4029,-4.046776538725679
1.0286246423416905,-8.8336,-7.870192314784038
0.19945118212852656,-6.0047,-6.061421960278338
0.14912810588938383,-2.252,-2.135843022565408
1.0970377481507054,-8.6113,-7.537842316934491
0.7894822994636083,-4.6073,-3.890714967251951
0.1153987852449748,-2.1913,-2.200172139502788
0.8622129250204772,-6.7243,-7.49100651135348
0.6962680816019495,-5.8331,-5.171882600137792
0.16573871591583678,-1.66,-1.546400837626425
0.22952226283802463,-1.85,-1.953997011946371
0.38803097892809824,-4.26,-3.799529570190676
0.22814590986374145,-3.8008,-3.866777267460408
0.5227710779896921,-2.1058,-1.448164291218087
0.37439300020002675,-4.0022,-3.570183944224811
0.8704997589401355,-4.2618,-5.281157091406522
0.26729494360502115,-5.19,-5.338939013635558
1.3445948735361133,-7.53,-6.054728286111696
1.2105912241629242,-7.22,-5.888287899252553
0.6882354524167944,-6.25,-5.82532153059297
2.516264152010073,-7.2361,-3.623619110240569
1.13657777989574,-5.4561,-4.037229662261684
2.168103160448762,-0.58018,-3.591922634446234
0.14371563945018068,-2.5234,-2.569832798107483
0.7426463938107962,-1.3263,-2.326579841490136
0.4102848471892925,-1.8116,-1.379759280214218
0.2778607977198815,-2.4105,-2.441754613743452
0.15706761993911184,-1.5303,-1.653775009764308
0.5826878920837602,-4.1853,-3.7276486520885
0.43343986468449414,-3.0963,-3.421713633512972
0.6214040439549973,-3.7446,-2.991390221097343
0.23342086203180876,-1.8244,-1.572514659175578
0.2576665840940165,-0.09,0.1698357255525543
0.2001337727881052,0.48138,0.612905255899693
1.0167973745249643,-4.7875,-5.768531726786473
0.9307838128116563,-4.849,-5.689811240205742
0.6246601230340372,-6.4489,-5.9773806581909
0.24099967104936215,-2.6995,-2.901920326026178
0.25621103056337835,-2.065,-1.895410282437653
0.7134120742608018,-3.1972,-3.803395759755129
0.2216198000287476,0.8723,0.7974873830508548
0.2727846910809774,-1.3316,-1.261799849106958
0.7318263519330208,-2.3696,-1.602661836167703
1.0708270956131336,-1.9688,-3.262634566642129
0.6274779652092451,0.43,-0.3106370718085036
1.5254954339455753,0.53732,-1.45311190233247
1.0649615230105989,-0.6237,-2.022941699358801
0.3290860702904959,-0.56828,-0.6547696312187172
0.5471438993197406,-2.1111,-2.629148467777059
1.2790436307368953,-3.3305,-5.10045250946594
0.8048664193022421,-5.7037,-4.790665722608573
0.6965317871387859,-4.7626,-3.988403699132271
1.138286221002523,-5.5263,-4.20726928624762
0.543920717275459,-3.7466,-4.326876254180339
0.7237396250945222,-5.2172,-4.425798517544177
0.5861552391786927,-2.3,-2.817804688310443
0.6285519979857301,-2.826,-3.492802408095972
0.21142642908342787,-5.38,-5.236168607869326
0.5500848137471979,-5.5598,-4.999740675373156
0.431785171608808,-3.634,-3.255986889751854
0.6100245533042302,-4.5171,-3.842363484075912
0.6911065180354526,-6.9332,-6.327366622787549
0.2986316872137166,-5.895,-6.137707215669806
0.7665604976446183,-5.4119,-4.71630942759159
2.0031225176089693,-7.5941,-4.9635019132272
0.16593433838876204,-2.9058,-2.857381310662847
0.48030709065115995,-0.94982,-0.5909486247917826
0.8544707308094062,-0.1653,-1.26705837981845
0.4393992405202839,-3.4933,-3.392992035456458
1.000089055445916,-4.6349,-3.520011385742827
0.22823190949854918,-1.945,-1.992133901722901
0.5651585332736914,0.04,-0.4781397518742398
0.3114313487863048,-0.9714,-1.067086978693375
0.276158943936166,-1.057,-1.253808750167006
0.8256132668672522,-5.027,-3.98339280351216
0.20271900671911947,-3.4,-3.518159356369772
0.14502681396521758,-1.6917,-1.733432581757333
0.698067609942478,-1.36,-2.153841212641206
0.3537993242321276,-1.8438,-1.708405726699473
0.2378779558208916,-1.1073,-1.211854248897153
0.7216773326174598,-5.515,-4.633321398268612
0.26598339163186124,-2.5428,-2.307750247679058
0.2952456098195217,-1.8768,-2.194053758012924
0.38650470228893746,-2.3921,-2.015537249953578
0.3812304511010607,-3.2789,-3.199891359125085
0.134954029302283,-1.7551,-1.770325402202446
0.21121751603163808,-4.0404,-4.036398542869304
0.2164476923696331,-6.8459,-7.055352110452631
1.1781662707458493,-8.1079,-6.737193439786186
0.22215498350654544,-6.8459,-7.057975278534667
0.27829211791176967,-7.1594,-6.899646986571831
1.553264814360845,-5.2946,-3.165225718133054
0.2145493174898587,-3.5626,-3.675209517984469
0.40390809791766996,0.73503,1.069353970181393
0.1910819543037832,-3.8629,-3.788988577829208
0.14163103660722293,-4.2797,-4.207661416385886
0.3655774126377102,-4.4112,-4.20678178407384
0.4517619364630631,-6.3193,-6.133644994456908
1.5508167132461588,-1.8388,-3.599281818503897
0.7682001376857709,-6.1922,-6.742166077908342
1.698405714933695,-6.0591,-7.830534846904012
0.24872488240259172,-3.7047,-3.841221317657587
1.5387900861887713,-1.2922,-2.746534150454007
0.18533647065990305,-4.3631,-4.589032494454272
0.30782985705760746,-3.148,-3.428247379935338
0.29468979279399676,-3.9646,-3.745532433921325
0.47334420639926256,-3.6607,-4.095841283747919
0.11283306045907376,-5.7089,-5.752543676362242
0.06637629195154095,-5.1888,-5.200737930383404
0.28768084048346443,-2.9027,-3.177074945868829
0.2540672226559088,-0.028221,-0.0387858519661146
0.3606168444178245,-0.20114,-0.0512827829838604
0.9646412986533273,-2.0513,-0.868394635580615
0.4426878382929717,-1.889,-1.625615302633603
0.321960053220288,-2.9423,-3.03358144108124
0.23052302010863,-6.218,-6.158946555310706
0.3241426623812869,-4.1903,-3.881495410830509
0.20302986421621363,-3.8911,-3.700954351863338
1.0952583165278371,-3.7281,-4.99973056083407
2.5505514164397325,-1.6374,-5.16088293601671
1.865399149007124,0.63127,-2.09931554935333
0.6027801354932358,-0.50862,-0.958261829311676
0.2060195745035646,-6.9876,-6.991714593486547
0.2316371368103936,-1.4428,-1.566619744560426
0.7621880302287047,-3.3984,-4.106127037461301
0.6469821148298505,-4.1418,-4.682261638169512
0.6428805196474827,0.74227,0.0968274689810816
0.38012573278749584,-4.866,-5.153094850422731
0.5852825591200286,-3.4725,-4.003345697598782
0.2620696443534627,0.84895,1.031382637995024
0.16826578688017577,-3.9313,-3.980122391948361
0.15650147162453673,-2.1037,-1.92455472825561
0.16615761194592935,-1.2436,-1.406813062065513
0.35458140893336115,-2.5546,-2.077147275920359
0.658227674178424,-3.805,-3.448536124881537
0.35330291703971267,-2.31,-2.463299906900147
0.3547446996841097,-6.9,-7.098768917387964
0.41990392906136415,-1.7468,-2.250959915466963
0.07834644838242212,-6.29,-6.240595754844687
0.638578087007857,-6.6369,-7.261107249281189
0.3542206776169926,-6.8207,-7.101090161808018
0.025249367363276765,-6.2363,-6.297870018326584
2.0783194276778705,-9.1442,-7.197609886048678
0.20691555790224675,-4.5838,-4.511503695094675
1.3595472306730076,-12.95,-11.40697457001513
0.5908001200546873,-9.703,-10.14896984900784
0.529466215674102,-7.7954,-7.254051921755289
0.32964041704298386,-9.6997,-9.35082237025446
0.36174725747008507,-9.1,-8.718393287634644
0.23688078315223504,-8.4901,-8.67226668329429
0.2063922922602471,-8.29,-8.152252953016626
0.15207926677841954,-8.68,-8.6872981054552
0.18242233537495697,-8.56,-8.475647279217968
0.3388959131906714,-4.655,-4.981915091698809
0.4241462374076343,-5.5142,-5.094169291776654
0.4523748217653844,-6.11,-5.768409832639589
0.6028857152253299,-6.58,-5.938678462306514
0.16060235197588593,-7.0,-6.885724179147427
0.2097814053365261,-8.9638,-8.780788561210326
0.31410064130766857,-8.775,-9.000771360462817
0.3964079011261446,-7.51,-7.11419925002721
0.11514426272782861,-7.92,-7.839123426579746
0.821188011786962,-8.3748,-7.5118022105893
0.45894148435222726,-4.5148,-4.077151882182106
0.2969710318101316,-10.55,-10.67630122882799
0.12736813137227482,-10.1,-10.20403727532798
0.21002360826341923,-10.1,-10.28796996985093
0.3752253244294446,-7.52,-7.053857549000735
0.27396021456378045,-7.5163,-7.331469160612952
0.6784253154768978,-7.8566,-7.009795870180055
0.701422005123855,-10.3,-9.649731376174518
0.985903293308073,-10.68,-9.611120317917742
0.5760850870252257,-9.1599,-8.66316627040617
0.419068893053956,-6.51,-6.912864233940784
2.1224131471478342,-3.54,-6.414531815305022
0.4708601531515741,-4.7891,-4.311516497499612
0.42370814924269096,-3.8775,-4.302164229175598
0.6788360818273469,-3.0544,-3.724609742800495
0.18929635459843536,-9.29,-9.416223919544697
0.41672951792377366,-7.4721,-8.014277029963084
0.3725609174564265,-7.95,-7.508358146723346
0.4760068923098442,-4.1899,-3.739639807362155
0.25766929953386364,-7.3102,-7.55835474426485
0.560883142484038,-7.7699,-7.056553649735609
0.20456897272285623,-7.82,-7.646795417129693
0.2445036487655805,-6.77,-6.960212674732324
0.07456179461244405,-6.915,-6.901305740623116
0.19564120801269047,-6.5541,-6.512798620685212
0.6765162505748391,-6.56,-6.05470227977259
0.23233274384873062,-6.063,-6.300635504379669
0.7004443941765753,-3.39,-4.288171971461827
0.6499768197104459,-7.42,-8.232234091320464
0.19756494374822375,-8.01,-8.109881652679404
0.1545971492578716,-5.2993,-5.44320574977816
0.1937190394947757,-3.6462,-3.740295321529233
0.28019902973507455,-4.9703,-5.15486492200252
0.20851148403532999,-3.2918,-3.116914237103579
1.0206212128260268,-5.3842,-6.308658817715351
0.3511845663506633,-5.7023,-5.385605781685379
0.17817333556294504,-7.76,-7.641398316890991
0.19924741418373487,-8.47,-8.277957804200684
0.23369628011335386,-7.77,-7.552879203887738
0.26385838532619804,-7.33,-7.603921477841091
0.11183587732647773,-7.61,-7.69492186614441
0.21387427203728138,-7.14,-6.914030655913042
0.17750884025196456,-7.44,-7.58161130370357
0.2426904057870527,-6.82,-7.054803593416762
0.16570032544408966,-7.0403,-6.962661486402986
0.0739036356956544,-2.4527,-2.38627319613777
0.6124851116821535,-7.83,-6.941226425754016
0.11347600788353152,-4.14,-4.12496202913835
0.8209475565616975,-7.2135,-6.334059929077082
0.28112418543543544,-7.76,-7.504538276552938
0.21806102959976792,-6.01,-6.26500803172461
0.21963298362437453,-5.8,-5.835288547358888
0.35443947631527967,-5.088,-5.450310064964774
0.1085800149977118,-3.8434,-3.880450570644724
2.2973131780405063,-1.229,-3.879213857819589
0.23292522875081798,-5.0605,-5.159295515973912
0.291249020569282,-7.27,-6.902228933009083
0.25219517864029783,-7.09,-6.789769990356025
0.3287955453401949,-5.708,-5.5158400681019
0.4309724966628593,-5.7963,-5.45340505794052
0.23736942972444042,-6.3186,-6.273823986459077
0.44397199014102073,-6.3001,-6.803992628653369
0.20968753118612338,-6.8299,-6.969032364472346
0.3280653616709122,-5.7,-5.41382634803314
0.6777605795047856,-0.87,-1.550107410216147
0.809474546870057,-0.71,-1.691873335153051
0.21868650684265295,-0.89,-1.085238708614935
0.08542050418109688,-2.3813,-2.308918198637495
0.5098633089759459,-2.8647,-2.438205730983265
2.740671876578402,-10.0989,-6.048790371296257
0.4847797428314698,-3.5129,-4.081934453389986
0.14442763621763496,-3.2069,-3.282521417662045
0.08784638140966786,-1.32,-1.338076908034058
0.6722694875236381,-1.4137,-2.358121029557617
0.9487814188680888,-4.5766,-5.575141368242511
0.43881525154457196,-5.287,-4.775720329174721
0.2618428419507517,-2.6498,-2.902166653537861
1.0467353124725403,-3.1066,-1.831744247067542
0.254324235366097,-1.9203,-1.777653977001326
0.27153333272624863,-1.12,-1.326249689455219
0.4502551577990041,-0.9955,-1.458450345523217
0.5717557722416757,-1.0513,-1.580455165362028
0.32516959362228937,-2.4282,-2.743739213632399
0.35014814159476887,-3.2906,-3.13589639985113
0.5250845603865945,-3.35,-3.820075998995767
1.1565856942813653,-8.3131,-7.011697210766963
1.2561097651808617,-7.129,-5.821019849949188
0.5907354365581179,-2.3442,-1.833384108643756
0.6511248417607887,-1.6283,-1.191869186264242
0.36839780707724634,-2.3932,-2.30297105522618
1.2965233195592822,-0.28585,-1.919885639384589
0.4316747466738476,-3.09,-2.794211129481583
0.09371307303640179,-2.49,-2.596812125833335
0.9032279910635382,-2.059,-2.856099612294749
0.2066221345400571,1.0088,0.9344145929550628
1.57259684099418,-1.7306,0.4673660718415887
0.16317698420161528,-2.48,-2.444743404113561
0.18274936318840812,-0.8711,-0.8989952709651378
0.326762095542395,0.5035,0.6485896677530447
0.2555908390147951,-3.03,-3.135049401876213
0.9095968280648953,-4.3238,-5.507340297549259
0.16326679371442265,-3.01,-2.899378657024868
0.3783583756687938,-2.913,-2.593390142695651
2.448156926070718,-5.4987,-2.67379604163081
0.4266199936439323,-2.8303,-2.618883831283745
1.7408434638073864,-5.76,-3.317174788231489
0.7599626177357292,-0.016812,0.6415925857310361
0.2639421714962273,-4.2732,-4.018702130391041
1.2873892273990684,-4.25,-5.620323354189477
0.06493065734480437,-5.525,-5.584949457113834
0.3963693380909843,-7.1713,-6.813694202163002
1.0735099319976251,-2.0086,-2.99157193879513
0.29622900507111977,-3.6984,-3.763971904276602
0.24041924488461164,-2.02,-2.009240224581487
0.8091055531037138,-6.9891,-6.192952223923657
0.5296800144618691,-5.2079,-4.669580836026647
0.7750541122904003,-6.232,-5.446944572870354
0.43018657622284145,-4.13,-3.711525798247826
0.3482829366884947,-3.86,-3.80189882384744
0.6334083360630668,-1.0991,-0.6691691825357573
0.7150644604876072,-6.6899,-5.883595646817341
0.20539768415481788,-0.97749,-1.087363256380347
1.606960340176628,-5.96,-3.736520738060835
0.49971753787825546,-2.6273,-2.756412161132165
1.1295073346952709,0.3586,-1.047111467945091
0.20818416742215085,-1.3,-1.339383174712233
0.38708329307610606,-4.6133,-4.249358251650243
0.656769360967033,-2.9435,-3.719993414869392
0.4892880603521682,-7.2265,-6.782342643337239
0.29765202127571583,-4.81,-4.613829139886764
1.0789482521261429,-3.4,-4.846259518074628
0.26056349514489996,-4.9906,-4.862317507417103
0.05365931129098635,-6.5571,-6.490093343285472
0.30669573788412074,-5.4439,-5.216074207472266
0.39467358218380555,-7.1488,-6.781758047079745
1.0707995936826478,-4.0552,-2.555811527429195
0.28163997344999187,0.43496,0.3148064056745795
0.292569252385339,-1.8494,-2.081704713442049
0.23171955599785754,-5.1781,-4.917615457080818
0.15386084974565112,-4.5702,-4.471573677562307
0.18483387269585563,-0.65751,-0.6337254305633206
0.21900884358074166,-3.2847,-3.128185244274493
0.49651792886467483,-5.5379,-5.098576321468191
0.4836341562299073,-5.4499,-6.006254850711715
0.7213280969276343,-5.1587,-4.448879312685653
0.13076451358023344,-3.784,-3.911028648459544
0.4433534002381869,-0.90248,-0.4730857276230355
0.6237638851788307,-5.6114,-5.044866356332299
0.35876060637474166,-6.5645,-6.791932896844029
0.2921922135979639,-4.4839,-4.213601409116555
0.23202821450238215,0.98647,1.204620600238762
1.777614682263554,-1.62,-4.275967821675126
0.2312761424010098,-2.8222,-2.758502627785655
0.7165522357513734,-1.7696,-2.45364763829612
0.6083242568244172,-5.8419,-6.355120573156746
0.46123028939212884,-3.583,-4.098382085298365
0.256964312596756,1.0499,1.237501218703835
0.5298164384462212,-3.2262,-2.779951455290599
1.5165046687803585,-0.71778,-2.604663696292609
0.14482795287819514,-4.02,-3.980681752492464
0.9535542759695828,-1.1623,-2.387177756142636
0.46114624094783624,1.2211,1.39304178046174
0.52234050450719,1.1303,0.5968392550127638
0.45471152689641203,-0.2,0.2010961994750092
0.6062253272793898,-2.68,-2.006566240419446
0.6175985728755847,-4.9223,-5.459817435530388
0.4872164898122528,-1.4948,-0.9540339486672365
0.792462799887413,-3.5889,-2.76197376702045
0.23142240508816417,-0.75203,-0.6135511280777419
0.6358531261326248,-2.7117,-2.40067995343235
0.6547630998016513,-1.14,-1.831403323495757
0.4572162719253642,-0.93874,-0.6138777623378304
0.2733157464457029,-4.8872,-4.97219523360639
0.9069454618992355,-2.29,-3.414405758880714
0.49172926546528267,-4.5535,-4.320460873615303
0.23814719417893548,0.83788,0.9950782632737734
0.4612584918002513,-4.3897,-4.005433740310833
0.39916819415151716,-4.3897,-4.010545909886114
0.6169497277608793,-4.05,-3.724107587671357
0.6448763643552414,0.70525,0.0430931823927904
0.7973321665848823,-2.3589,-1.342355704708772
2.000854526274866,-1.81,-4.526562375443937
0.8794308895575685,-2.1325,-1.120332436360431
0.31131882466696537,0.23389,0.0338881609138605
0.4849332092687488,-1.1449,-0.8824868465420245
1.2915081952508674,-3.5627,-5.372222339864953
1.0718048831712963,-1.15,-2.417578685571019
0.4089140850010623,-0.99161,-1.330153342930466
0.4399381174999477,-4.1586,-3.774076640266999
0.5387899943277042,-3.7835,-3.574558583462604
0.4219133000676354,-3.0076,-2.653414339486575
1.1520070483792269,-2.9804,-1.477515729780808
0.7226928157850668,-0.79782,-0.2357055323200984
2.146830246501117,-6.66,-3.830401800306049
1.641463728987396,-5.0,-3.0872362910174
0.35495286020101635,-1.5075,-1.806299340763571
0.4541353300440989,-2.2745,-1.954352492563782
0.8131735043170558,-2.167,-1.305963028023736
0.8666083775642438,-2.3662,-1.356136474427416
0.2754132316909852,-0.45003,-0.5910461028379859
0.3023547958346589,-1.5557,-1.28741690600901
0.18320261500369572,-2.1418,-2.012259262592312
0.24979041073324051,-1.4598,-1.335537581976812
0.4918867160445287,-0.53961,-0.921889639656147
0.952514670904266,-4.12,-3.065501206496524
0.47537867389191574,-2.99,-3.378585161279812
0.30362310184820535,-4.0391,-4.223787270204172
0.3015943405953977,-0.92,-1.185975171244941
0.6454179365850682,0.40144,-0.3221754759192667
0.3357717820692163,-1.4265,-1.814809296213431
0.5866506335502065,-4.6112,-4.993644961747568
0.34332902902282236,-1.1047,-1.428592102593171
0.4238473130486204,-2.1385,-2.63949660607603
2.05508313684367,-1.7439,-3.899725115183413
0.5216116909562599,-2.5108,-2.194960157753269
0.6840685116714215,-3.79,-4.525223791962911
0.3084751835625844,-2.4396,-2.163375731884784
0.15889550120189946,-0.83719,-0.7746607452917413
0.5302521174395324,-2.3431,-1.752270570192897
0.4931780238041976,0.6484,0.0107804809302144
1.6510015540986864,-3.8,-4.795778060868924
0.681961346572305,0.63404,0.087345095265609
0.33074499939670104,-0.14493,-0.4504699351982067
0.15926766280415083,-1.0751,-1.006011177316624
0.14516678177081835,-0.021305,-0.1168725889552826
0.3423793371855225,0.56937,0.3251857822951016
0.11788516158291804,-2.0868,-2.024987045474699
0.7063960405213718,-1.5675,-2.097778709035222
0.4893681998228634,-1.44,-1.958027771328419
0.19327652712890234,-2.2795,-2.319005212037182
0.1888223837255681,-2.5398,-2.387212605634462
0.17108694045097678,-4.3873,-4.534083472156805
0.09069950828869291,-3.1703,-3.1311098536369
1.7613990126381276,-6.99,-4.481461797851222
0.6997153270036516,-5.593,-4.964787157832848
1.225840124910708,-0.954,0.5018263733603051
0.750247728573277,-0.9708,-0.1364693679082088
0.42699965311625787,-4.14,-3.888968622864093
0.5405469664634139,-5.99,-5.704275781084971
0.8308365195961511,-6.43,-5.742038417084089
1.2675118339417777,-2.72,-1.193589186967778
0.22718463893529667,-1.2994,-1.415814228220977
0.18869087567446322,-2.3453,-2.513259682962482
1.6510015540986864,-2.13,-4.795778060868924
0.2258689227438899,-2.4965,-2.301217739089761
0.2170082389149268,-2.735,-2.523470924745208
0.19794567388293857,-3.5943,-3.654670089368987
0.13075246152271322,-2.5398,-2.446837769946356
0.26311119883643885,-4.62,-4.464582159365079
0.35255336988993813,-4.6178,-4.76839075016324
0.9960739470810567,-4.26,-5.085459601942338
0.2648939952992269,-4.0865,-3.875352729647557
0.31947825289028253,-4.0918,-3.799499413159879
0.1490211210777227,-3.5548,-3.604215842219466
0.23912294461638411,0.79,0.6608070486537989
0.5877207293610008,-4.74,-5.353721459780113
0.24440427298226652,-2.5386,-2.298387825322087
0.7507060928884486,-2.9383,-3.82449730482148
0.2207472510252373,-3.5538,-3.704231971515449
1.1036141135291602,-3.31,-4.479060670246076
0.383209545780536,-6.188,-5.923064128403511
0.26072427591381175,-2.3754,-2.623859058611147
0.4213621253154325,-1.8766,-2.25434253847694
0.515122512103726,-3.8746,-4.340704656904503
1.0875846892399412,-2.065,-0.7117254731595637
1.0231546712472719,-2.065,-0.6292725280048643
1.3274527156842604,0.33497,-1.137302237548959
1.487351925959672,-3.8474,-5.261418942296707
0.4920224172190345,-2.8792,-3.398426909720249
0.596142573287417,0.78905,0.1660948700226936
0.48488846185614115,-4.5509,-4.242945778146914
0.4670184740729302,-4.2326,-4.381236884198233
0.45149126651755794,-4.4334,-4.799907237849524
0.37026062115865416,-5.1114,-5.430147955907921
0.4440651023634068,-4.6599,-4.178663448817811
0.3314036738593693,-2.7981,-2.565661421128854
0.5078063956897353,-3.6755,-3.455867359605723
0.382568878411793,-5.7639,-5.468710457668588
0.48370357941119907,-5.3,-5.657400578143346
0.3378750400447471,-5.5668,-5.876019348705766
0.5963670434747509,-6.406,-6.936408303357766
0.2638118567022103,1.0856,0.9985857439056164
0.325602148494865,1.0,1.270163309248574
0.2975261893274379,-1.4345,-1.242717465009122
0.32195536990443857,-1.3593,-1.172234012239927
0.2898250463762217,-0.48097,-0.4906842241367302
0.3098903105443264,-1.5557,-1.331809046334297
0.5382678267156029,-3.3466,-3.954337881186145
0.8282193995857067,-3.2807,-2.576890530303061
0.48924569649756244,-6.61,-6.471266156451637
0.23141213849888717,-2.952,-3.140802664748841
0.5031569055153591,-4.1,-4.514467934439006
0.5390911814451114,-1.7068,-2.260416379237853
2.1599893618437123,-4.8227,-1.658415778321381
1.0586629569558423,-1.845,-3.248468978741824
0.27860232365432475,-1.0063,-0.8105144473268768
0.3859636019586409,-1.5037,-1.232802486027729
0.572643516517716,0.6712,0.3906661809796697
0.37484096842944675,-3.5741,-3.42315473810631
0.4083570892484839,-1.997,-2.395995169702646
0.45181676748892025,-2.0341,-2.404457331423638
1.0698959877776983,-3.0282,-4.173508237479254
0.39525904116588156,0.11,-0.2562923553677499
0.9840712142676884,-1.3469,-0.3109576507883687
1.5613704083297504,-1.4766,-3.640869929813651
0.185586765034923,-2.34,-2.213023824474886
0.5036636984792284,-3.3567,-2.719078897929084
0.20964329355713623,-2.6399,-2.568275614898988
0.48282251244962454,-1.57,-2.023075961503977
1.398493955955521,-0.46,-2.200155102937044
0.2069121036518664,-1.3984,-1.262129388401046
1.1411475559453188,0.32093,-0.7190696218128846
0.22502913185723702,-4.2301,-4.46966791688958
0.12969049913204977,-3.8381,-3.864784149854846
0.18949398924316482,-2.3127,-2.498257296296952
0.7709987116212207,-0.66,-1.613394387351727
0.4039855933920577,-1.6121,-1.351314346515388
0.09531570430827391,-3.9611,-3.976847683848119
0.13553650117547,0.65824,0.5670940785547143
0.36966338284631894,-1.2937,-1.666434769702672
0.8190611108949807,-5.6932,-4.791810025999464
0.4793776077603226,-3.0746,-2.695815143463079
1.59798493359103,-0.13701,-2.310666786052646
0.39153636509761564,-5.23,-5.395240373511172
0.44162740058658256,-4.57,-4.672248944227247
0.882083395615537,-2.8442,-1.602945057963423
0.6776288291937633,-0.90341,-1.564036955019769
0.2907562555650494,-2.1956,-2.356925815954614
0.4552255744379528,-0.46449,-0.6708282019246071
0.8450183620437925,0.66224,-0.377333455278468
0.8276675563067901,-1.27,-2.224648802005538
0.1175318938585022,-3.4687,-3.474184923453413
0.47792200066964335,-3.9205,-4.37753754763424
0.17587593003115576,-4.8359,-4.916468998180776
0.13979338529287547,-4.9232,-4.800662303505689
0.3919341912874459,-2.4909,-2.83153490370099
0.2892048332684631,-2.4866,-2.203340534921085
0.22744345603149715,0.76642,0.972877515044712
0.39059855207843364,-0.0798,0.3222364441068526
0.44639409955945036,-7.3915,-7.509102521923332
0.27855575813166766,-3.0801,-3.014975034435847
0.5034153309032541,-0.82957,-1.330475558041105
1.1649812137616384,-6.5287,-5.259927655067688
1.3029810767546226,-1.43,-2.841514959729035
0.7899776116402087,-0.41799,-1.369939862008027
1.3405796155035403,-2.81,-4.397995276057506
1.4919338001600062,-3.257,-1.564755755430029
0.18398090778258797,-2.1677,-2.198031665107675
0.4726277980556988,-0.80592,-0.2823568182791748
1.6543141357247857,-6.23,-7.873483133914987
0.28676251333030456,-4.3219,-4.266821717683152
0.40475390423437224,-1.2,-1.634972942208252
0.40475390423437224,-1.202,-1.634972942208153
0.19959096775358187,-2.2267,-1.989214824223579
0.15720349599571137,-2.0841,-2.205785538587567
0.33103907291230483,-4.0305,-4.243830442262304
0.4158170378892397,-1.9142,-1.581595207749411
0.9913729208010923,0.60959,-0.651828033828252
0.3971200853258187,-4.78,-4.457585436242455
0.8910763791648459,-1.484,-2.397122199388818
0.4994954686734735,-2.9187,-3.204701162222608
0.6656961239150648,-0.06,-0.8102987989092442
0.6740694637577319,-1.1805,-2.070943881582052
0.3135426718334224,-3.6703,-3.282742664806632
0.1279807047221362,-4.0104,-3.976047044745819
0.33703796044564427,-5.0289,-5.070476154489654
0.7100255236427114,-2.8026,-3.524601587924759
0.26660821800648543,-2.0853,-2.183258026406274
0.46805644972383276,-5.2002,-5.491269515543971
0.140287693232643,-3.8016,-3.930766297248655
0.07948441074426678,-3.3435,-3.361386136213572
0.12770767613023906,-4.7966,-4.858040741000385
0.2790331697228661,-3.2843,-3.101393053164459
0.7540483374840992,-4.4642,-3.762939255045331
0.4669017123940415,-2.3329,-2.75998797940349
0.4719132203815497,-3.26,-3.724873912272458
0.20124069403566555,-5.9672,-6.020452814859945
0.5809061057338906,-1.382,-1.94815188276531
0.4433838188920177,-3.035,-2.53829876251341
0.24226478357509948,-5.9652,-5.927298120938174
1.1567881989341962,-3.9032,-2.534982780244802
0.41958100933318304,-1.3872,-1.795848098818726
0.4701900169430096,-3.89,-4.095230670770343
0.6139882934921439,-2.4599,-3.078346096313128
0.25390780775334937,-1.78,-1.990516230024659
0.5362148781197338,-5.7901,-5.467013666021328
0.35534041899856733,-2.873,-2.516090943520148
0.20540913977851935,-1.889,-1.72227908347476
0.44507080260871057,-5.56,-5.568202584087524
0.4265069628385815,-4.0614,-4.417785607009126
0.7795932637814863,-4.4837,-5.056696378945805
0.25360797201263574,-3.57,-3.676367705812365
0.32906301333908194,-1.7338,-2.049022778436753
1.0608240984394148,-5.546,-6.933474581173003
0.08279703610443631,-0.7418,-0.7112258390836943
0.8671352480545526,-5.152,-4.269890376883345
0.9187330910917715,-2.2379,-3.116843899530545
0.8751887937339632,-6.0776,-5.149614550109648
0.40950168437490164,-1.745,-2.021721012834973
0.3088010113113447,-3.2831,-3.031950844095386
0.5676984493008973,0.63867,0.0654454118899871
1.1869777487088087,-5.6768,-4.229236160082332
0.8125590259167907,-4.1097,-3.417767603924118
0.715549566576718,-3.5558,-4.178936705409878
0.4533874767592225,-5.67,-5.347875548311933
0.34257746963581986,-1.71,-2.013677196681584
0.18217881590727145,0.49,0.3351995510647053
0.3995158007598627,-1.74,-1.347004119748555
0.30986494599284153,-0.68778,-0.3682269900142112
1.839694064339251,-2.3731,-0.479602207960212
0.5352722138355483,-1.8678,-2.448397082618141
0.3941995740827473,-0.69478,-1.126182689125345
0.3838873040327693,0.97,0.6519824480532398
2.356181216640469,0.50634,-2.765397223688717
2.3521180536912865,-1.5083,-4.875942164785229
0.2962597678698059,-5.7242,-5.646047373809674
1.370112062062759,-6.9248,-7.723426674169708
0.46927057429130303,-1.7684,-2.126325264821694
0.9984476813353896,-1.7269,-2.866652067705052
0.2499706359608786,-4.4119,-4.229908561581407
0.401975967993713,-3.699,-3.473757858747792
0.37669238713080333,-2.6764,-3.018907029813236
0.10755673745255181,-2.66,-2.576385604553594
0.9986703856839015,-3.8167,-2.590685368087694
0.4436466537744633,-6.1442,-5.644686878958156
1.0474348283728883,-1.5624,-2.93200059861895
0.7317473545047105,-5.5493,-4.849167871243803
0.5000918824366929,-3.9306,-3.653475888857264
0.3805934466714521,-1.4664,-1.178091398956286
1.7143611959639091,-0.9,-3.191849224820695
0.902178371761923,-2.847,-3.805171194007293
0.4025456595678254,-3.9462,-4.242064364828147
0.144688563876659,-3.7687,-3.749709536729018
0.30372420929876354,-4.2886,-4.156350713061325
0.33475294671713707,-4.0012,-3.572205514133747
0.5753277548478082,-3.6174,-4.068982045216875
0.2996952597960796,-2.8138,-2.843971873002347
0.5422183681911554,-3.2045,-2.565165861207089
0.250621103408671,-2.3,-2.403178012571503
0.3359433009986374,-4.1189,-3.985144531981111
0.6160114548833437,-2.8809,-3.490047552851014
0.4389545663354894,-2.05,-1.614698313854451
0.748581380376163,-3.3272,-3.769310036625291
0.2260924644244753,-1.5216,-1.333357122969956
0.1910300422762918,-2.4497,-2.463882288005976
0.29734630783056654,-1.1409,-1.331616047291485
0.9072368345670832,-6.7763,-5.873356205603281
0.22330780140473178,-1.7247,-1.61735170268149
0.3598999903967317,-3.3899,-3.13064038330125
0.39503853094232677,-2.7943,-2.384302252983501
0.5254810035430628,-2.3444,-2.964434206709324
0.21694759465479277,-2.7021,-2.600960049241321
0.2728703987960008,-0.46916,-0.7432578650064238
0.507112904809729,-3.66,-3.117892842586385
0.2507025115204965,-1.5013,-1.664425951523537
0.3463067000662889,-6.25,-6.099128821398352
0.47795204609781095,-4.9832,-4.564843660166296
0.8966685267370609,-2.4834,-1.846087472116446
0.8944038816360951,-2.6903,-1.809353860384942
1.198549495663245,-0.71488,-2.234488402334272
0.507167025302392,-2.114,-1.787999392105502
0.6048118922770165,-5.0623,-5.761977749329935
1.034663456641664,-8.13,-6.902776479405992
0.22935364034156927,-2.7545,-2.810797409775644
1.621310364107556,-0.091048,-2.299522132197692
0.6236323835499155,-0.38206,-1.023320817713816
0.18334287576788286,-5.7663,-5.63524150492998
0.8652108545916423,-5.7663,-4.854381893504986
1.2157267164023664,-2.34,-3.971948846792499
0.6843184317400711,-4.7864,-4.130663682748199
0.1484918487382621,-3.157,-3.210052324036292
0.6063626038302463,-2.9071,-3.591122499342527
0.427223701304948,-0.44059,-0.7433251218469497
0.5185804058249283,-2.0627,-2.518621426123421
0.4423458582180224,-0.089843,-0.459255293859593
0.3560742324365166,-4.0577,-3.937821492964112
0.2161815883273268,-0.1176,0.0444345766365822
0.5650660824696399,-4.2486,-4.728945602205879
0.4877527488662231,-1.7373,-1.955218797662721
1.12643700841393,-5.6513,-4.514165988492663
0.4399786217027004,-3.1099,-3.356588879715498
0.68859178517534,-3.8418,-3.150277819872247
0.2322597615600857,-5.8478,-5.611202406667948
0.6122407520036712,-5.12,-4.475858326247856
0.27767613040435096,-5.4164,-5.119882169737619
0.3117557719999809,-4.152,-3.912508887606234
0.3328495283188474,-3.65,-3.323431415563819
0.559639209593447,-6.5082,-5.9131753363837
0.3360817002241992,-6.8041,-6.518557596658376
0.2791705710729083,-4.9122,-5.227678302035749
0.10637471658415347,-5.4769,-5.472331654485561
0.9845007853485847,0.6167,-0.6482400183148729
1.0582465529910896,-1.21,-2.373916114956107
0.7111399240307099,-5.7197,-5.183523655086828
0.8340524892528801,-5.0,-3.98808271203516
0.6443984653123773,-4.98,-5.550036773502631
0.3475406018323828,-2.3047,-2.105558948098733
0.4120402997839143,-5.6695,-6.102646897048917
0.43913634679199975,-6.3983,-5.965147585047366
0.2277995810235508,-4.6292,-4.750207962719561
0.6225922127254776,-5.0118,-5.721721846365936
0.489083701740088,-3.5795,-3.289030030860958
0.7322793544255336,-6.06,-6.642323880177116
1.4995087002154375,-6.95,-5.066183914182237
0.973684113118155,-5.63,-4.566680225037516
0.22397841222848375,-1.9575,-2.269034464553108
1.0693541839965728,-5.0402,-3.907134810143094
0.9026817386361823,-4.5643,-3.601304260727715
0.5655651114190492,-1.51,-0.8444254897529886
2.520366915100604,-7.2739,-3.292266065974315
0.5126463767937439,-1.0632,-1.633896948959784
0.8414434992428416,-5.6929,-4.700900728921549
0.617323256004067,-3.9689,-4.581273129255173
0.40976444895948694,-4.6536,-4.427560256147302
0.7028331789438138,-5.4155,-6.234980981603409
0.43461823787235077,-3.8658,-3.410731227955031
0.5200180017956344,-7.7521,-8.145865313641066
0.39060260850503925,-3.385,-3.62352567199756
0.28909240261985664,-4.0831,-3.870732856471991
0.1702138966037972,-6.7787,-6.694371371924635
0.4453968750997949,-1.8262,-1.309425623383165
3.021564295422487,-7.5055,-3.239541548147157
1.0410439420382547,-4.6315,-3.492271724043863
0.1229924893357899,-3.3986,-3.397143397188184
0.14595077826282743,-3.4526,-3.398313551272334
0.32769698883041665,-1.2314,-1.566775704861651
0.3100369681409521,-2.231,-2.48137352706096
0.1178576257595735,-1.6204,-1.594927284850547
0.27920054448863124,-0.78809,-0.989992728628863
0.24426779601557747,-2.9363,-3.005913928735904
1.2149899996683249,-0.86,-2.432482199000111
0.9841053120810372,-0.89,-2.109895629952685
0.16261600305993093,-2.4896,-2.361974343052383
0.49562619148211307,-3.0093,-2.66920863714576
0.10200961329535016,-2.0302,-1.932800963851349
0.17729418298946828,-0.25148,-0.354539211744394
0.15374009281186157,-5.0704,-5.188656745158026
0.13938708395242572,-5.1758,-5.165913462223727
0.4974299397242804,-3.72,-4.297219631624937
0.24756185592347676,-4.5375,-4.505089287521978
0.6937520598,-0.77925,-1.593815949015639
0.5720715070415436,-5.19,-4.848239528473204
0.20263198693644466,-4.64,-4.603550478712348
0.3553104635687449,-2.98,-2.621864269650914
0.23724140015747333,-2.7937,-2.666323936028591
0.5184804951835558,-3.0672,-2.489054569060638
0.3451630926749995,-0.30073,-0.1723392569632866
0.33949734086841715,-0.12679,-0.4733179812101059
0.580426034217806,0.55945,-0.0793150044349361
0.5415424621516188,0.32771,-0.3046200281117606
0.04788303775019839,-1.1608,-1.158657796774786
0.09539953004905465,-0.4146,-0.4132992710778165
0.4675659609225866,-3.3918,-3.741888485887557
0.2348681060881731,-4.2486,-4.376459083702528
0.7076232437267959,-1.6448,-2.493132662512063
0.04275430529344436,-6.0548,-6.040949387097619
1.280624529911688,-4.9056,-3.202412960813239
0.16234579622077125,-5.54,-5.485550039319659
0.2585170326868358,-5.3877,-5.352029738644887
0.2578033671504865,-5.0698,-5.187017639210071
0.21625689786268304,-4.4656,-4.309059196831527
0.755898047109136,-4.958,-4.327306590157954
0.7872574848033032,-5.7798,-5.100023629271702
0.49656072188090633,-5.8498,-6.231081278257813
0.0973491474309867,-1.87,-1.938668109839449
0.8362186671948115,-3.1413,-4.060572883405421
0.340651086963905,-4.1113,-4.012134251451248
0.22499370554718115,-4.9122,-5.095309966781499
0.8731397054513568,-2.8993,-2.131694789805026
0.6399036917761888,-2.8283,-3.364753765157848
1.1971617177696467,-2.8993,-1.495961214468598
0.09779891686632972,-1.55,-1.535044263241567
1.0640196027836992,-0.10783,-1.47374693239131
0.7628644448440152,-0.86252,-1.720947466748753
0.6734979163665524,-1.6523,-1.762622167681033
0.6859998771105653,-2.8283,-2.240064530183478
1.2678833516364423,-6.3151,-4.881671437958438
0.43796459085064415,-3.98,-3.588942713263642
0.6280969692543313,-3.78,-3.06183197622137
0.6132296184479635,-4.65,-4.055734958705024
0.36800219255992367,-3.33,-3.659272178141308
1.0653108796438437,-1.98,-3.354314764931655
0.19570312637586496,-3.23,-3.093010286459673
0.9232594268443155,-4.24,-2.895874759854474
1.083891660810683,-5.43,-3.923792113141928
0.18983921703675175,-4.4656,-4.384702307366606
0.14134104434813474,-2.684,-2.692789805779197
0.25311866350840756,-2.0307,-2.134159632262681
0.23763969936220397,-2.2889,-2.418602299100144
0.11747140563302041,-1.68,-1.676509101452561
0.31926172614249504,-2.3651,-2.039190881868502
0.4035436964850345,-0.5921,-1.046596139247958
0.28281450758539717,-3.6118,-3.306929058208897
1.1614464428734306,-3.0,-4.300359809568007
0.2678311696105429,-2.78,-2.473694977970154
0.49358323081483735,-6.014,-5.590576494231075
1.0406171179802077,-0.12753,-1.371423183966408
0.20588427242887403,-0.9525,-1.094159030118176
0.1289688975035601,-1.5977,-1.55117843322127
0.3853360795920922,-1.4502,-1.039592639018251
0.41375614752933393,-4.1293,-4.14925535535941
0.32302415763619313,-1.85,-1.489719333743388
0.8999180984769448,-3.3266,-2.196272582592689
0.551620846145517,-2.6891,-1.943479389971776
1.8035195102574355,-2.0,-4.365299874638488
0.8119060262028391,-4.1532,-3.526624965258614
0.483581130372647,-8.2039,-8.654763858668275
0.403035774729418,-8.4236,-8.646967116061912
0.5235998475596861,-1.7022,-1.066944012189657
0.7125479023811551,-0.97224,-1.791996871859442
0.18905540758531633,-1.1566,-1.39574652419576
0.2554855746542314,-1.3975,-1.389697323626375
0.6013444921655025,-1.5218,-2.153997233216335
0.8701765958084708,-1.546,-2.599707643668038
0.5709980920643488,-3.31,-3.94516185371603
0.8907136360276624,-2.52,-3.613379044317692
0.10234415684529204,-1.48,-1.479837292355783
0.16598128662969494,-1.11,-1.278026195365698
0.8494348347541494,-1.8424,-2.954712013538772
0.19538036192580577,-1.11,-1.220191402364511
0.24720771360335825,0.74521,0.5823328942717783
1.337739659482802,-4.1564,-2.440272311912421
0.7127014899221433,-1.913,-2.791430820915465
1.0714139883289102,-4.5226,-3.493086832720122
1.1770395614039788,-3.1422,-4.257208914689828
0.20069121364524836,1.0454,0.9237935886005998
0.3063056296496145,-0.2836,-0.2096383197287669
1.2042802549621134,-3.3985,-1.460956417929362
0.15047816946916412,0.9742,0.992129277970316
0.8511216726121124,-0.771,-1.538013960625577
0.5057857462832868,0.11914,-0.2994935756349852
0.6607446909392743,-1.8934,-1.109900669144573
0.31920988757451435,-4.29,-4.144418951876914
1.3736493872135744,-3.222,-4.771596836536071
0.29704616803762696,-0.0725,-0.3946790048063471
2.7386782840435773,-7.3238,-4.395680362353723
0.5811958682879076,-2.09,-2.842940516392803
1.1918635055290268,-4.26,-5.432889914154122
0.08800193241845396,1.1186,1.166509162364262
0.3254591580883804,-1.2665,-1.004019625134694
0.25036362872396245,-2.1,-2.206904574540975
3.5863816792129835,-8.265,-3.971690071745932
0.5817172482779038,-2.3,-1.666294809757329
0.6818933060566816,-1.9489,-2.761176201710811
0.47001240503149005,-3.89,-3.600419809655887
0.5165591315634958,0.167,-0.3694956602054605
0.49324348248355976,-3.28,-3.702948233302813
0.23832646962168827,0.595,0.3553980900674292
0.4619882442084734,-0.27965,-0.7007124823027938
0.05780664599934702,-4.52,-4.483275850973872
0.34022163129920097,-2.28,-2.607994999132463
0.5318455187623863,-2.0566,-2.660062676045687
0.31364226539905543,-0.3762,-0.1901721411282351
0.7607158580238915,-2.47,-3.026603293159257
0.8144308485068563,-2.1209,-3.025872503543103
0.32938295862353084,-5.4374,-5.580071332259487
0.2384315317810289,-4.0949,-4.098895498975406
1.3742612478969338,-4.8983,-3.175246972675638
0.3450295457894746,-4.57,-4.80900396925294
0.40703326171834453,-4.8255,-4.47078164816046
0.5533878331343256,-4.43,-5.028067844719928
0.36913711700518803,-4.1,-3.835221238955716
0.6350979589938789,0.39267,0.9692424704940432
0.31708754175542514,0.45809,0.2313796353998747
1.4449954103829825,-0.6813,1.037098775934841
0.6331217555434506,-1.7237,-2.035897129842799
0.0878653200158647,-2.15,-2.220053095541332
0.30968846468272665,-1.38,-1.585311210620152
1.0882152849080913,-2.1541,-3.325240025135484
0.5878494462482411,-4.3709,-4.887985683887621
0.5495996075048283,-1.1074,-1.738343535611158
0.2746216606028315,-1.68,-1.722625332505692
1.4435735882193126,-4.8195,-3.113548252327584
0.8411056207648281,-1.4115,-0.7075613027973695
0.3150764458325577,-0.43314,-0.3135494084588906
1.19673179790507,-4.4363,-2.888552170689591
1.1045657085150882,-2.89,-1.590094915698337
0.2485665344194679,-2.9856,-3.04521600007847
0.6103367516692765,-1.7957,-1.205667898453877
0.4074317588793913,-2.8569,-2.683612995591422
0.8119184725472871,-4.68,-3.606730137085886
0.2900571037392442,-5.9445,-5.861670355960164
0.3530686098699109,-4.08,-3.662902344111592
0.508009613386904,-2.3347,-1.789551984714019
0.3652200172153182,-0.5157,-0.8358848716653207
0.347204286743583,-0.42,-0.157580582086584
0.3559759526384715,0.20554,-0.162469613014247
3.247601706869777,-6.182,-1.664794507029375
0.3855073596295145,-1.4685,-1.189611197611778
0.32989162798434407,-1.2849,-1.577736703398646
2.383831162766724,-0.30381,-3.098600369570121
0.8755651816578411,-3.04,-1.940980088736019
0.5590158662546478,-2.0965,-2.603345421738263
0.43921444298277784,-2.819,-2.503344076958609
0.6353546978394696,-0.7383,-1.502323745722636
0.841439614453322,-3.04,-3.798659299826225
0.6577129276583393,-2.93,-3.560727888004718
0.943554854502807,-1.71,-2.733876606967751
0.943554854502807,-1.6985,-2.733876606967751
0.6672002282369992,-1.8623,-2.571848699532674
0.5938385345450917,-6.3011,-5.966413126519859
1.2313416626251168,-7.1886,-5.737033546826804
0.5610476740723178,-7.6021,-7.76751387391748
0.3070601157052272,-3.761,-3.465913896058693
0.3088623685144979,-3.7189,-3.8775351763154
0.1781625822129865,-2.1494,-2.276859087851971
1.684654461201886,-3.3145,-5.18797196321752
0.283865415964451,-2.3237,-2.155001938736356
0.42613725465544483,-2.8,-2.4758583811199
0.8696169391275745,-4.4924,-3.626137960811925
1.4691995697403635,-1.6157,-3.030788219430006
0.48273628180115014,-2.4854,-1.978315859787293
0.2271741018839565,-2.9555,-2.674433630209291
0.29741017912466994,-1.97,-2.269296828582265
0.09951655326879853,-2.4157,-2.383019096434356
0.4760278098114427,-2.7804,-2.54415172804138
0.8119873308841989,-3.7002,-2.82619140714336
0.6834274549816364,-2.0087,-1.295198976933661
0.4250300675206952,-3.5877,-3.134876977150731
0.2956441368344136,-2.1443,-1.864533066765376
0.1461621947297319,-0.8202,-0.7994336693884911
0.8801554276201697,-3.6732,-2.993013370335321
0.7218433747191827,-2.9095,-2.1196967266215
0.7013172704793837,-3.2196,-2.288882012843866
0.22876874203867742,-2.0547,-2.04335086392734
0.12710147527582444,-0.77,-0.8652704758077226
0.5563895137658992,-3.9744,-3.348991714017149
0.9457045964848302,-6.2264,-5.208076885542939
3.602517117412857,-5.9608,-0.9355564348119544
0.934070164230331,-3.702,-3.058897818050158
0.7339315330647257,-5.1747,-4.290450619926049
0.28280275239612584,-1.9537,-1.780811241649079
0.21979043854542646,-0.3567,-0.4178952509057474
0.3483533709030116,0.1128,-0.1900166701713344
0.16681443007839916,0.277,0.2872418707329366
1.0784838978626432,-3.0687,-1.600768248739388
0.3812400205678497,-1.4512,-1.705818155523522
0.47041721952560794,-0.13091,-0.5195047300269626
0.20769834033201792,-1.2889,-1.067223651432816
1.0273423123250671,-1.5337,-0.2621061214628813
1.410379414327569,-7.1153,-5.853867010325098
0.14508888701311837,0.3237,0.3226760333044715
0.16885261461645168,0.27805,0.2886470551133644
0.4321192675679741,-0.0049,-0.4082394666394696
1.9319256664718032,-2.5257,-0.2572331950646736
0.6992758425367903,-0.7224,-0.3377716347820401
1.1938635112711469,-0.98266,0.3407029317827722
1.3122694118443474,-4.0348,-2.258944738027618
0.16168708930313622,-2.1819,-2.285670040667934
0.14425722441174754,-2.7029,-2.66968601288517
0.3224184168478325,-2.6181,-2.38846217119337
1.756641802902475,-1.2437,-3.711115831439972
0.46634413926354784,-3.1404,-2.911719310758568
0.06758738277928483,-2.5605,-2.494860622986957
0.25420805658213086,-4.4064,-4.523706801417786
0.49408631140620607,-0.7773,-1.051848117263681
0.6370636629927521,0.924,0.2033129084213128
0.5424111211603756,-0.43785,-1.092934527404359
0.28468597004201784,0.34071,0.1595980082987507
0.32780312342721246,-2.86,-2.605759336503312
0.6518247789906633,-1.23,-1.900076862448493
0.28468597004201784,0.51606,0.1595980082987507
0.5877918993221304,-2.7811,-3.451159102332464
0.5041100020488275,0.76904,0.2164182974528069
0.7941142537665415,0.010251,-0.6515942854099379
1.3307014102627934,0.64742,-1.104203673249716
0.7911588001596327,-2.0,-2.758597777337668
0.5261686455896281,-2.265,-1.609899435663257
0.8481423992892861,-0.038392,-0.8296123466519518
0.9781729707255243,-1.6074,-2.653587032786235
1.2085821198673872,-2.8556,-4.328031934606193
1.1219453936155837,-7.7294,-6.5001071276587
0.29873408166333154,-2.3851,-2.439070036009502
0.24084241340575693,-1.8428,-1.824530426463647
0.4457717603304417,-2.3,-2.709580171669559
0.7029510562996879,-1.6827,-0.9189729167324296
0.30790216272921894,-2.1634,-1.902014315461672
1.0814312480978396,0.2893,-1.07627655678817
0.3889225056585835,-2.5669,-2.342567093256945
0.2221940582502181,-1.9938,-2.139041391182902
1.0132328049829142,-2.6786,-1.565752535392176
0.5183560272641988,-0.88318,-1.626369817823039
0.354824938031795,-0.72066,-0.9825106057801424
0.546800091094703,-1.7966,-2.448607328022012
0.27526131712993973,0.1685,-0.0277815916590607
1.0956913172377531,-4.87,-3.636079387384253
1.1150897995377769,-3.555,-2.074483650654023
0.5101911521980661,0.0643,-0.3508185509345869
1.0171123964953095,-2.386,-0.7512909302089686
0.5518939694457065,-0.90301,-1.537197321900939
0.409052457564403,-2.35,-2.003619054013659
0.4022193432157258,-1.88,-1.50174129309072
0.8883032350061544,0.1935,-0.8096658794239855
0.060007408241203326,-1.478,-1.562144414612021
1.4426212967665797,-0.7814,-2.361812641016528
0.4868312879798363,-4.1518,-3.784083500209455
0.5473124974830688,-1.7,-1.167023396536275
1.2936252672580495,-0.29028,-1.853669979154202
0.36304455608796,-0.95,-1.223180809326638
0.4593744076519212,0.47,0.2318689594377247
0.6650853194015661,0.28284,-0.3865045494384721
0.2739160088748194,-3.13,-3.189545087957577
0.3684255283657803,-2.241,-1.880779863136695
0.49273426004904236,-3.2715,-2.806773645172172
0.23011891003789434,-1.5213,-1.702893893627092
0.3661940280694706,-1.3228,-1.649348865017133
0.3445961225226137,-0.26097,-0.4911391300489408
1.1685892869953376,-3.5027,-2.214655843280465
1.3870102353613984,-0.37114,-2.256300756193619
0.8967813312760117,-1.4499,-2.498966379178954
0.4088841486272537,-1.7799,-1.437454184311715
0.5484920272705495,-1.7965,-1.411959859198705
0.6648306855219493,-1.6043,-1.142648989763838
0.415427264777911,-1.7227,-2.182608533932164
0.6935991095079485,-1.1847,-0.2748326158557778
0.6896725045536806,-1.6013,-0.9462008911862956
1.3292347600707688,-3.0,-4.638994548914235
0.5492584211397807,-3.12,-2.60142852417771
0.1587782162344631,-0.5847,-0.4256567508034897
0.5379080059794831,-0.17,0.3719317326766761
0.3739814473060988,-2.85,-3.045527985329547
0.6336991675449879,0.010524,-0.6698007767803131
1.029276258979231,0.58801,-0.7052910199661879
0.8585338431218555,-2.5497,-1.803129174584598
2.156539329111898,0.3322,-2.468808463028625
0.6515418134829001,0.96,0.4993501187474082
0.329087677064851,0.21137,0.1308139527252754
0.15016113674970133,0.34249,0.2621699349850599
0.3694935740874137,-0.2688,0.1339353483345827
0.46054949413657376,0.85562,0.3316133490477089
0.37435495365708715,-4.5296,-4.20044984107046
0.651901344835144,-1.6978,-1.070380826400431
1.1779908396109984,-2.7598,-4.056894361982383
1.2958753258289653,-2.2255,-3.777526662076457
2.530143977691349,-0.4888,-3.923547463600766
0.6668816688381193,-4.4709,-3.668449103328128
0.45409578325947114,-1.277,-0.9853686741420982
0.8781022570393843,-1.2964,-2.172846197293806
2.8951870151152006,0.1956,-3.751938520707242
0.6679762693432639,-2.9061,-3.445527250607911
0.3710600556075049,-2.9061,-2.773395007937758
1.3929445228890327,-2.17,-3.725663299188044
0.609077035964399,-2.9061,-3.52516970096669
0.37435495365708715,-4.53,-4.20044984107046
0.9605986652404174,0.29692,-0.8330715823518249
0.3356419044160001,-2.3196,-2.591932614605768
0.5057503550116063,-1.3075,-1.678204109527202
0.5290977890688169,-1.3781,-1.833536831924814
0.5497662556408119,-0.94,-1.483249364936737
0.73565546063597,-2.1052,-2.819477122394039
0.861057304480786,-5.0453,-5.975801684505938
1.2104556754539506,-2.784,-1.333046332500358
0.5572769710136071,-1.3271,-1.883807553728214
0.43371226898710113,-1.1232,-1.555664768498218
1.5079190147849149,-4.0635,-2.169513754535401
0.39926222587211496,-2.1851,-1.928373171379821
0.2401249025800978,-2.3241,-2.105175024003723
0.6020488061923484,-4.31,-4.777424316934346
0.8818551181882636,-4.5152,-3.409931809361869
0.594265602097161,-6.8724,-7.076435778793438
0.5714408096452378,-4.6383,-3.987893745608694
0.9579328995575591,-6.2937,-7.07697873866341
0.34816515883523125,-4.2869,-4.127706508274015
0.1056975726880757,-1.6011,-1.599623417362482
0.25944907000941086,-4.2553,-4.166587880979543
0.2175034047607313,-2.4172,-2.526238449936796
0.1946737735503562,-1.6726,-1.661971310068188
0.7909770513062686,-0.52568,-1.427696334561566
0.7304000754311698,-4.1972,-4.662653025755738
0.25714047642689053,-3.0802,-3.169258598060265
0.3428949989861435,-0.2337,-0.4075430707239847
0.30910547578028547,-2.3068,-2.435167706478988
0.3409769841372688,-3.4857,-3.274104798433604
0.37052941488620805,-1.69,-2.008522694721881
0.6091067177218425,-1.4,-0.892258670687438
0.3468467720194592,-4.94,-4.594163017351247
1.4724700986260144,-1.81,-3.86480836469974
0.317696556481577,-4.74,-4.50353003310272
1.3858697379371996,-3.8913,-2.329794479066124
0.6439350411154675,-5.61,-5.302765998189906
0.558598967169105,-2.8684,-2.277174113853937
0.5665685724748721,-1.643,-1.238272756159517
0.3366546242034863,-2.91,-2.669713596387123
0.6499977345590219,-2.4835,-2.902279996020994
0.5676063735260497,-6.1366,-5.712758578680067
0.8010932336690216,-4.315,-3.337340338827909
0.4160926031441204,-1.2565,-0.8680351957550816
0.2844076273960153,-2.6799,-2.423571009780428
0.39333244752494606,-2.8833,-2.459940542543121
0.25746059551973577,-4.5804,-4.399931449330749
0.5683237726486561,-2.8795,-2.369426480961681
0.7781376228651884,-3.4,-2.705634227310894
0.9845326881851111,-3.1058,-2.587515798045376
0.1530631596123494,-2.1437,-2.088422549062116
0.7362170231844574,-1.4891,-2.116866883391817
0.5264615819247098,-4.09,-3.587760496882183
0.3166586916880954,-0.62296,-0.3756915116883055
0.734692261434881,-1.6048,-1.120531475314873
0.34769392730893833,-1.54,-1.763529975047687
0.18009385087053068,-1.2051,-1.283995190960423
0.44526729524266223,-2.2944,-2.676195589022117
0.6859122403060371,-1.6823,-2.596079896109623
0.6466095151699005,-1.6757,-2.210886112984277
0.18595602178287823,-1.3572,-1.548711161972026
0.2767681305445962,-0.4298,-0.5213119523738381
0.29568494465126915,1.0263,0.8339963578919385
0.536802566283421,-1.18,-0.6856506173244803
0.7376605761873316,-0.45532,0.0692143225107066
0.4527946218537951,-2.31,-1.906322416525944
0.46933086783523587,-2.34,-1.893917638570733
0.6413829195134622,0.15382,-0.5857828125021671
1.2312886432363308,1.0039,-0.4723605041864399
0.7763441044351431,-2.57,-3.112651919819413
0.8079604342545843,-2.52,-1.496375502454017
1.0922741483414788,0.39021,-0.6348961494289567
0.797902975946775,-0.34392,-1.349403587018086
0.3512639453123911,-1.9759,-2.29121430881905
0.9637463681066055,-2.7879,-1.723789811459142
1.4145318471757435,-2.1619,-3.557643788326213
0.7865656017085637,-2.7508,-3.601983260581107
0.6376905838691467,-1.5592,-2.137557918439477
1.0018218791980726,-2.909,-2.239937443110073
0.591051054307786,-1.1445,-1.659825787283792
0.12186464843360735,-2.2997,-2.285852335661518
1.4082447930468973,-3.115,-1.92717448878166
0.5178523191307608,-1.9196,-2.357113196793091
0.39048858776430356,-1.9543,-2.311590684573073
0.277415935591346,-2.5321,-2.22049777614182
0.1725821441894337,-3.3044,-3.381516005818204
0.28671180374308597,-2.5322,-2.234445104288545
0.5536873762522503,-0.95059,-1.526601124617839
0.45135474709669343,-2.2979,-1.947748500526659
0.6637964975350207,-1.43,-2.025393905192657
0.7036599850929881,-1.7632,-1.033670689542998
0.30603064055033014,-2.9854,-2.891089710627103
0.7398999196026474,-0.8779,-1.622571951103231
0.7424948199849745,-0.76,-1.505903750816699
0.27575365596572365,-1.3539,-1.533422960892446
0.6898138639265112,-3.2008,-2.92755711148875
0.4896168943103808,-0.71591,-1.23907691679745
0.32742499628743565,1.013,0.7686648921721391
1.0071599969621772,0.77686,-0.4529923991287134
0.4574039399226346,-1.851,-1.444032582033553
0.6366981121039212,-1.6956,-1.096419880427679
0.2940510292444974,-0.48657,-0.3929743752749238
0.6625971551044073,-1.7196,-2.367811221965074
0.28267917641024354,0.52253,0.5088350668613937
0.47991092436217847,-0.47643,0.1048462500251896
0.37111634055953374,0.34689,0.026471945340326
0.5461719807781804,0.69636,0.0884585593822361
0.38637968891661323,-0.44032,-0.6452764663456317
1.0950731686908073,0.16387,-0.8955318076931906
0.9284910829608299,-0.79619,-2.007784992069311
0.4714443216046859,1.0703,0.5796708604918526
0.30693236610142305,0.15218,0.3961545926764273
0.5404457740427752,0.6677,-0.0017471847849393
1.992111635769164,1.5277,-1.373317378940385
0.7586056715286275,-1.6543,-0.7552834196285954
0.0771179626505615,0.63407,0.6217478154390238
0.30808377632958617,0.53391,0.2922878858046519
0.6382524299231881,0.63355,0.1247368679856829
0.8992795848462782,-0.11129,0.8088509524796801
0.5132635462283639,-0.14716,-0.6946951156739206
0.5827724374923374,0.33278,0.9715585832068931
0.3331398955784844,0.98233,1.27304444749222
0.22125109865704742,0.81473,0.7709546236928544
1.3881733411872528,-1.7235,0.08119074461644
0.36857897058892386,1.0753,0.9060183379468818
0.4412548654201954,-1.9393,-1.509362512805065
0.4674140774842236,-0.82348,-1.249754421571758
0.5715362669943033,-0.84576,-0.27424501568159
1.4404093879880588,0.054617,-1.752894819901288
0.9945608482815053,-2.6,-1.387729969471262
0.9583319698145364,0.91303,-0.4066953923848455
0.35985614175029534,1.1186,0.8410465534525844
0.9843682522346989,-3.7585,-2.828184591552541
0.4548533677861827,-4.64,-4.319594639543526
0.5989040996704798,-1.6847,-2.204138593203119
0.15128890746806184,-2.916,-2.829115075091469
0.6457802531606966,-3.59,-3.28589315869206
1.2801061989753066,-2.68,-3.691471497848265
0.3864759444547336,-2.985,-3.272576695977386
0.46124861948719487,-3.8728,-4.114598882968123
0.16829238533315824,-3.494,-3.442453632833102
0.26391960467541353,-1.032,-1.202705367299267
0.7704018143725446,-1.29,-2.134691094608299
0.29111903356274044,-3.9082,-3.792238892680434
0.8131419398576454,-2.777,-3.651161346888038
0.28214904104358246,-2.3001,-2.028224016267635
0.21349403842948395,-1.604,-1.559528730812945
0.15585344295086132,-2.6618,-2.607171464359788
0.22594971750402093,-2.4461,-2.578478696961824
0.27538745588915864,-3.48,-3.238671675032042
0.6812143519816641,-3.15,-2.424219135139463
0.2907334599387178,-2.46,-2.606615714638969
0.7806687929933241,-1.33,-2.235833054786535
0.4121924024082073,-1.99,-2.320018406007555
2.010520256871224,0.36523,-1.821490930861126
1.3260500920008056,-0.88464,-2.332585908679738
5.210107127940956,-7.4986,-0.932546174612738
1.6794559332381944,-1.1507,-2.395185687122957
0.9341969319597833,-1.575,-1.88710370924748
0.8020657648088385,-0.36346,-1.268902509387676
0.20280852090064294,-1.93,-2.013163579437895
0.902465148400132,-2.6131,-1.486800777249525
0.8350551848818851,0.86612,0.2606641485114708
0.4836113071958962,-2.0,-1.597884587113109
1.1765030153965894,-5.134,-3.618310821933549
0.700066887529492,-4.91,-5.455984075182375
0.7701853305817404,-2.8084,-2.618849625110364
0.47041881464049246,-2.89,-2.625835177554741
0.7759242971791744,-2.5337,-3.514085950426625
0.4226946409414561,-4.4101,-3.874220121240556
0.571276323233261,-1.1556,-1.671710565332071
1.8030985130586503,-5.8808,-3.626664685865999
0.07499036853190505,-2.19,-2.146033493336721
0.6487186895605258,-3.435,-2.772640480371106
0.8634170374657374,-2.0524,-3.126227328179749
0.2670977202949491,-4.82,-4.75321647444979
0.304064171629532,-3.89,-4.145487553044977
0.3304905201486802,-4.1605,-3.927185458955406
0.6282792619504003,-3.9491,-3.371413194702446
1.2896994964918511,-7.7299,-6.284360892388809
1.3553523201082915,0.08,-1.722897095505914
0.7022297677370003,-1.6172,-2.417662891268121
0.209168814131828,-3.63,-3.722099201477535
0.4610105994742274,-5.3566,-5.018945391383654
0.23007713730128315,-2.7743,-2.665981008494789
0.38361266049337805,-1.28,-1.644162142580442
1.9510602814859155,0.68354,-1.756588425897426
0.6956539735001525,-3.1,-2.36850078836557
0.1707953531660648,-4.9372,-4.982857117083989
0.6417021173987031,-1.2855,-0.6160522396189745
0.42274287112650866,-4.64,-4.761010511066203
0.5674456825727404,-1.6761,-1.982544710563109
0.49899287914903717,-0.52691,-0.9178648713490508
0.8129576567893799,-1.247,-1.4642670538953
0.48635171304666536,-1.561,-1.163320004636281
2.5660664819482326,-5.2531,-2.171642610875482
1.6419438232276786,0.58468,-1.034996889518951
2.8835790623302433,-3.7156,-0.6276649011585864
0.46304984419524103,-4.4057,-4.668500257663672
0.5142296100849193,-3.0469,-3.479879035844523
0.6490727529095521,-3.5,-2.786757384425982
0.32601761953492875,-3.6339,-3.664696523341837
0.30673652877173235,-4.39,-4.497426392551773
0.5349456429427419,-4.8208,-4.375797862282344
0.8995675222820416,-5.4019,-4.338752070043238
0.16818823217617423,-3.46,-3.700880516719447
0.1547983427684105,0.63033,0.5064422788787017
1.1982261437144641,-1.1114,0.4579874480090117
0.7838269116256881,-0.75463,0.0587053216710542
1.7379010780485837,-4.5006,-2.768633488368814
0.7305541244290817,0.58112,0.0675092801748997
0.7219967002236624,-5.3959,-4.549512237950895
0.7320705935110814,0.81774,0.0323141758125943
1.0344002781039139,-5.311,-4.405100828572323
0.8973126070109468,-4.2837,-3.430252899133005
1.0328820487716532,-4.7827,-3.575618422171979
0.7447470100476775,0.66107,0.0762380326340204
0.6618775157947954,-1.2116,-1.060443182098099
0.2736995559487282,-0.505,-0.3790585825537587
0.314044007870777,-0.5382,-0.4580099981719182
1.457847009988713,-0.98076,-2.562825487872677
1.8828352027359427,-3.9435,-1.513519514272512
1.0892955645139757,0.7956,-0.5688284497757652
1.283522967018309,-0.9522,-2.032504851646143
0.3510992336479825,0.48727,0.5673273192368934
0.8609767026400457,0.34073,-0.6165002869170567
1.314132748885537,-0.84002,-1.932478017907957
1.6626311757775347,-4.5937,-2.568246077038678
0.1452229997863088,0.29619,0.2439751543210215
1.658460167620103,-1.6461,-3.563669865352939
0.7562249471982212,-0.047348,-0.8072624693182917
0.18036793278014204,-0.092013,-0.0612015319366849
0.8341485051044111,0.2013,-0.4771835470417188
0.4693270230935769,1.7009,1.229404664251527
0.4840256784717441,-3.5214,-3.79881547783395
0.5415604394512387,-2.403,-1.857862004645274
0.3047787645943516,-2.6208,-2.941676283070002
0.1908045492070151,-2.0579,-1.998534984077494
0.7949791228172955,-3.2845,-2.550106003211028
0.46022329111448335,-2.85,-2.41196375763873
0.46022329111448335,-2.8513,-2.41196375763873
0.7923841006357883,-1.8708,-2.794133276646129
0.8473568049907508,-5.4,-4.386145089194835
0.5140964695127849,-4.0147,-3.397633661642625
0.3339940882447497,-2.02,-2.279235312358087
0.9284266664025772,-0.5542,-1.637626530148463
0.30823727068764406,-3.788,-4.056660688130536
0.8989869507864029,-0.7147,-1.514369989248761
1.0797042293800423,-4.4618,-3.056098652168948
1.0094215166258276,-5.01,-3.790045682473942
0.5367652264009226,-3.5881,-3.20367183549773
1.4253568577033606,-5.4081,-3.588894756896088
0.553169158208143,-4.13,-4.706406785844999
0.34155348275162134,-2.1678,-2.281995968308328
1.199555568480595,-2.6399,-1.825642854188614
0.3811323748952225,-3.98,-4.257183906692291
1.1610956041794935,-5.3254,-3.933894443576789
0.6637883899033276,-6.47,-5.970834611743188
0.6521108681118514,-1.1003,-1.75052707958881
0.25340376886242616,-5.0672,-5.115387372141903
0.2625142780205048,-4.6034,-4.751890238042757
1.0687090783627637,-4.0288,-2.867926085220518
1.512819509656332,-1.0071,-2.911399608562374
0.41298447790211257,-2.2366,-1.811510738733991
0.26471125111758764,-3.1242,-3.447962018631501
0.2297986523790125,-2.81,-2.897659403836345
0.2150757632884154,0.78735,0.8498009476650363
0.9742724460324257,-3.048,-4.012750443166237
1.1902829978453366,-3.71,-2.773801203784959
0.41851589300330566,-0.03,-0.4119237623401413
0.4206838399232407,-1.7149,-2.105613934545064
0.3293757600013447,-8.1509,-8.232285001315724
0.5711558378193948,-0.89009,-1.365025763395467
1.1302249842618346,-0.38931,-1.78027558835629
1.314255135182627,-4.5222,-6.014817501834144
0.365823040635874,-5.4738,-5.355234623617453
0.8246990266836304,-6.897,-6.027636818579444
1.108703326859526,-6.6439,-5.406373488408708
0.731370968756299,-5.715,-5.956025348596494
1.279338759377156,-9.2277,-7.674374931506115
0.33785303778957987,-7.9074,-7.898140834936028
0.4929788709564486,-2.319,-1.895728130056437
0.2811840917563672,-5.91,-5.779597126120382
0.5507310919009631,-5.12,-5.452214230467243
1.140604666674646,-4.7384,-3.283391582648552
1.2117539833639004,-2.0863,-3.664436872169285
0.9758061365499276,-4.07,-4.928103203268391
0.31470109529518386,-0.5436,-0.7708278971082168
1.2309704487659014,-1.5883,-3.073381864011401
0.6333955281696625,-2.96,-2.2237319949735
0.3110082540402648,-2.77,-2.510680218436332
0.44521071421218233,-1.3984,-1.769007328458418
0.6652833016358707,-3.64,-3.028406532761894
0.34517015386393785,-2.4155,-2.58502198552282
0.14548482378923425,-3.2574,-3.335552753963626
0.6065611830894381,-2.3207,-1.900999386412302
0.5005305834611393,-2.099,-1.660861774307258
0.6865930325024615,-1.14,-2.11996849145832
0.23427838992547678,-4.18,-3.960715318424707
0.2172545615302651,0.20708,0.1053155434721798
0.3998950545742515,-1.5241,-1.197949053040395
0.15052042995705325,-4.9408,-4.786034804465226
0.7330817344098481,-0.17135,-0.9168608823902732
0.6600774992988195,-1.3593,-1.980999892449108
0.7394803644068744,-3.7609,-4.397075528525757
0.3688736130026243,-3.6806,-3.322648018230315
0.3879511245339202,-1.9613,-1.485036912187103
1.8892004414531685,-1.0174,-3.144148036892004
0.5943833697810684,-2.815,-2.303523055135208
1.4440103707756304,-1.9264,-3.610048285588833
1.1288604739520967,-1.4666,-2.93350391264504
1.0301349177527706,-2.3152,-3.74222233491125
0.8407099571748057,-3.0,-4.087525782649005
0.21527835323238356,-0.95891,-1.11475114981839
0.3746027966542131,-0.2713,-0.5452092316102672
1.1299756927662337,-3.4174,-4.833458676406774
0.6195079586592561,-2.2736,-1.601197506001173
0.6066134559603664,-1.7481,-2.365635546336704
0.5165932317719731,-2.62,-2.10144383369721
0.25769565125753763,-3.6817,-3.493937171719239
0.5334843525285105,-0.11,-0.3669469749854279
0.7556775003792753,-4.6059,-3.894500516491092
0.7392941062638164,-1.237,-2.100784273332209
0.6006283668327822,-4.2022,-3.492220650087414
1.5032112227581944,-7.1413,-5.508439816383812
0.5681469063347199,-3.05,-3.686589098542741
0.3599481064236294,-1.145,-0.9342609697472308
0.44486021618721944,-2.832,-3.16414605634387
0.28578405569516846,-2.1585,-2.296981875869273
0.487970622359474,-1.5005,-1.941329275900969
0.49688957721659227,-1.3391,-1.780781026679521
1.6705882090465445,-4.2481,-2.045713120381961
0.5082228466761498,-1.69,-1.121843162298273
0.5847552766443759,-4.38,-3.758107039896981
0.5902762487396904,-4.481,-4.766065241873815
0.2443481536701955,-3.0832,-3.04293763420356
1.1448427688770249,-4.07,-2.639554831834825
1.1780797125505564,-0.8962,-2.336538049257389
0.6433536525387349,-2.6663,-2.00698426867921
0.6311747588060208,-1.0146,-1.693552169360956
0.47703842871657615,-1.5241,-1.967180536093825
0.6123203437322983,-2.63,-2.133883692662835
0.37303495226649935,-2.11,-1.782613467060476
0.23171691189993937,-3.4007,-3.312093087582738
0.34452998085884845,-3.74,-3.687460148740642
0.2214767726207799,-1.5833,-1.493803432112621
0.5203471895748778,-2.1212,-2.714127398353462
0.8133881611443825,-2.7171,-3.591324941157617
0.2862895388193945,-2.73,-2.790694105647147
0.37932070581395494,-3.4472,-3.134324033821771
0.3494180142268821,-2.83,-2.853485620849216
0.2770356546278445,-2.4998,-2.490960462760479
0.4243250144745103,-2.791,-3.085023865603972
0.4670132768885473,-1.3396,-1.715863167751482
0.3438440824760093,-2.73,-3.056408346117813
0.5476244905312577,-5.3,-4.695169031055999
0.22291100998306082,-3.6967,-3.632206600198262
0.2179608862107213,-4.1501,-4.088140958878309
0.1710412093013667,-1.245,-1.19696350060684
1.0921364771077045,-2.4944,-0.985591136836279
1.3151691311033522,-2.45,-4.019216916685107
0.42102361820541345,-2.2193,-2.676037365151509
0.497041869869144,0.87919,0.3950143703879378
0.2310158197814625,-0.215,-0.1081513790946617
0.28576439799708486,-2.4318,-2.356582382146529
0.5062685004753471,-1.0632,-1.553245895122352
0.7844246688774951,-0.4,-1.265250913644837
0.4270926057123866,-0.4908,-0.6855441278331241
0.46142965703530964,-2.2681,-1.804257782369852
0.20315135005666496,-1.4722,-1.552577846345266
0.23204108190494374,-1.6287,-1.567410190148149
0.482120723573335,-0.94661,-1.40125441443731
0.19723413741566517,-0.67165,-0.678409760450359
0.7514463279460689,-2.7723,-3.585459106718861
0.4115066007916861,-2.7723,-2.68003373816786
0.6650751061323388,-2.6388,-3.366998958032588
0.25795956553608407,-1.6935,-1.900113472643443
0.340825654067549,-2.7637,-3.064116017225739
0.22803674879305305,-4.2413,-4.099426150231912
0.34013513324263445,-1.1517,-0.8381329214151514
0.6831487079443103,-5.5374,-4.674004071235667
0.5370967560768259,-3.1276,-2.816019554107389
0.7478127495294001,0.043604,-0.891946474204833
0.41319201055172106,-4.4806,-4.078374832534129
0.26982055230637575,-1.41,-1.61981954503008
0.3317229057279965,-2.6026,-2.961512789215036
0.6770434727012273,-2.0729,-1.256754840350269
0.38082886091469376,-1.5025,-1.180625846191832
0.6350607920076011,-3.7602,-2.991587545398905
0.8850714788832912,-3.1112,-4.107278869748468
0.42786051404939984,-1.2025,-1.619777937257768
0.3373146449154663,-3.8294,-4.141356860456137
0.29369579040260896,-0.43,-0.2260883274962888
1.318996533943445,-1.8077,-3.287810697944307
0.5876107315104355,-1.4691,-1.664080766289449
0.2953071982999573,-2.15,-2.463760412621105
0.2386869369622706,-4.2855,-4.082951219498945
0.14987593796223034,-2.1954,-2.130113880564591
0.8804297271641996,-0.46433,0.7172812232245631
0.23737607201726987,-2.68,-2.778573926980846
0.3570284659077587,-1.23,-1.487522767909772
0.4533155439632786,-1.398,-1.698489904946294
0.48021087769033904,-5.32,-5.743508455113217
0.33698726876199814,-4.3546,-4.274624494299383
0.7223663389424284,-7.5202,-6.904663663888044
0.47194862932381204,-7.0529,-6.701606412098215
0.40736339463318855,-7.8082,-7.594976053149519
0.942088074673034,-8.5526,-7.701725582935398
0.49447105714441014,-7.0529,-6.631669782942961
0.4688564537463202,-4.85,-4.502034199276926
0.7112585893387005,-5.6009,-6.210340666537748
0.3265675465749074,-3.64,-3.539070326640214
1.4360130363478683,-4.4603,-6.053024813649565
0.5253623629633214,-5.06,-5.387602421044646
0.5541518958231356,-2.14,-1.617022715821674
0.2188857099089157,-4.596,-4.517987041194917
0.4221633339886617,-2.82,-2.471473876113837
0.12385281795034585,-2.3231,-2.336967993285553
0.40471266378952386,-4.55,-4.680491412044798
0.36518930349782713,-4.0192,-3.741706886215104
0.9410731128188712,-4.4891,-3.357080028384727
0.8968050349299199,-5.0108,-3.983689090716429
0.7687314026117764,-5.982,-5.149712191233028
0.5653459805965215,-3.465,-2.997233970709076
0.48248962667945927,0.785,0.2145179404019303
0.7868545950107425,0.12121,-0.4705420691905641
1.101393047416491,-0.2746,-1.385707462122379
1.160891598308136,-6.7198,-5.454385971289373
0.453750131661658,-2.9515,-2.962367841498954
0.9546888681604099,-1.9054,-3.05444853860813
0.31706042420399344,-3.6175,-3.704428877127872
0.28626395614912264,-0.88333,-0.683585156071477
0.4269640316893,-3.94,-3.597000887485688
0.2711946768090361,-2.65,-2.502465694681718
0.4352376042735466,-4.04,-3.710355873348365
0.42920366061906334,-1.54,-1.884882419819927
0.3684188591431242,-2.9594,-3.318706410313567
0.050036263111149254,-2.3305,-2.323060700955387
0.5852561972002601,-3.2242,-3.806180520795474
1.2177115820939817,-3.1129,-1.557210259231209
0.7250430542550061,-2.4245,-3.187870062985994
0.41480676595780397,-5.35,-5.061578979920831
0.42116413364295174,-1.05,-1.45018300971119
0.42718213166270225,-1.77,-1.780235050221699
0.47673286626626443,-2.7823,-3.10192747695965
0.9107304580103963,-1.6495,-2.780064499327064
0.6655697990480348,-3.3056,-3.92219469961513
0.9751789490741184,-3.58,-4.615929743624736
0.9376676323835774,-3.5838,-2.696410441157773
0.4711579141202066,-3.5026,-3.071588155645352
0.6769094573567083,-4.6252,-5.327585240389777
1.393161751373848,-5.2328,-6.334412896844623
1.165801273074957,-5.444,-4.042136243745119
0.7742126014578308,-5.03,-4.236753373213534
0.770034137527733,-1.4275,-2.132575397773078
0.19321088044899637,-3.6621,-3.546472056608208
0.33933045502178705,-1.9422,-1.744666085116812
1.6773335070122186,0.51097,-1.799680492400674
0.2320536978737644,0.277,0.1706233629209019
0.14101243320810838,-3.32,-3.168805974595013
0.4045772830868829,-3.7311,-3.47912597348587
0.4777067120537532,-3.6718,-3.324348560894358
3.0199505003808236,-1.4076,-4.954294716961666
1.3559782570107044,-0.32258,-1.927294642395873
0.26078331090561097,-2.5113,-2.311296004086495
1.5459479630964232,-6.0092,-7.826243025062881
0.45768839509457493,-3.3429,-2.889479946419439
0.8035761611289594,-5.998,-5.253223490870948
1.0039066146334672,0.61812,-0.6110548564165086
1.6415813496989924,-3.6835,-1.686888844267222
0.9408793927656908,-1.0156,-2.132780017869695
1.0945972205684642,-3.18,-2.176772595954921
0.7124584533061737,-2.0101,-2.800375607727131
0.49701582899427615,-2.3681,-1.913639482441562
1.2519910529458371,-7.6332,-6.825618165670969
0.37759194249204503,-7.4198,-7.240343599360639
0.6971523305584264,-5.2752,-4.569939641004053
1.3664953870128782,-6.6955,-5.511171380450649
1.7746497888403587,-7.758,-5.509856809501755
0.3730494046936647,-4.5451,-4.634953480807492
0.4349866360194352,-0.37784,-0.4645254802743525
1.0617732773197244,-5.455,-4.424198779613947
0.5365390586714497,-4.8671,-4.984326129051178
0.8724134152777839,-6.045,-6.853719945251617
3.808906432380435,0.057189,-4.856763137365721
0.6198302599514078,-4.6262,-4.33608982946515
2.419418870912236,-2.4221,-5.472374042227106
0.6347455289914492,-7.3599,-6.930156667890453
2.2278627630295156,-5.2754,-7.779625740176879
0.6498368830722322,-7.9828,-7.658834036215758
0.305453544711498,-4.6534,-4.670592785837451
0.3477658280452868,-2.1,-1.782571341291482
0.983888473973386,-1.6533,-2.916195457087638
0.2805162660998914,-3.03,-2.96658385296512
0.2233521701318436,-3.1255,-3.202010091349862
0.5511550043053627,-2.3211,-3.08180749365106
0.2562374329072725,-2.68,-3.06344664098009
0.8727994634026003,-1.2498,-0.1944642046041598
0.48332806591049704,-1.481,-1.89359167484078
0.29581961678620283,-5.2669,-5.145015396617948
1.0006080523508851,-4.7776,-3.512413067759585
0.592191812949655,-2.969,-2.337322615587441
0.41460275068042207,-0.85876,-1.31352262751982
0.14101243320810838,-3.3213,-3.168805974595013
0.43663347499849164,-0.38425,-0.6116734512334941
0.5697820872901511,-1.3278,-1.85016251890503
0.343769477535706,-5.3385,-5.571447656495353
0.32620088736810404,-1.9706,-1.721067876633472
0.5511550043053627,-2.83,-3.08180749365106
0.7964362012627704,-3.5796,-2.791421791071359
0.6723582483165554,-2.3318,-2.971372100764531
0.7018551754702479,-4.085,-3.431332491249733
0.3736400692800991,-1.6365,-1.881395675295779
0.4825081789272697,-2.195,-1.756805946435346
0.5106281776913937,1.0218,0.5391481152405846
0.2604554098777427,-3.5338,-3.716150648781232
1.2051990910983517,-2.874,-4.086228434936627
0.5903633528066206,0.86012,0.168987231752205
0.5667820284110674,-2.167,-2.737924218835219
0.20204785791148008,0.46708,0.5680612277812142
0.6311326377514951,-0.65314,-1.318249310930137
1.0342641330771163,-2.82,-1.486949651866914
0.2831162652986029,0.71049,0.9139532134795976
0.8083659602569742,-2.2753,-1.470932936781637
1.6605257979317956,-2.2,-4.274082683187777
1.1733434682813562,-5.38,-3.869792362005841
0.23455566130851335,-3.34,-3.452864766510112
0.2513228980622849,-2.82,-2.939542413786706
0.628616156905848,-1.7723,-1.237060081626372
0.5183469084009306,-1.127,-1.457813840973633
0.5020073378379193,-2.1731,-1.721782829318722
0.1513773474287944,-3.075,-3.031240287885091
0.2924933534204275,-5.0246,-5.29966554429353
0.5096956449485526,-5.4167,-4.886254261860335
0.5818383382827399,-7.5915,-7.921380963701798
0.363116834634879,-2.8648,-3.117902402557012
1.0398169810029771,-2.4531,-3.660041390247492
0.8505370320683103,-4.61,-3.655262445084106
0.6899731254375652,-3.3871,-2.569955322167533
0.5295128498163268,-3.3988,-2.809871288551443
0.2791697787403221,-2.3305,-2.529725940695934
1.1696481062906348,-3.6667,-5.55432055190648
1.1696481062906348,-4.8,-5.55432055190648
0.7580221728728482,-3.6,-4.282562975946937
0.46013672360654956,-3.2242,-3.63563097238765
0.8263917078226573,-3.0703,-4.028605493452853
0.605665025408577,-3.8276,-4.334065046622938
0.4443352420074078,-5.8102,-5.748751805469821
0.8077527008160739,-2.09,-1.21950316109877
0.4672436445790983,0.6749,0.2215070369435485
0.7728863221380804,-2.3788,-1.440037687241841
0.453740986328549,-0.22008,-0.4723068095593609
0.531908002481916,-2.332,-1.806816345344967
0.6328116260234755,-1.7883,-1.133262181478087
0.1836521942743709,-1.6757,-1.637400216892855
1.2157891895510433,-3.1736,-4.595753019522296
1.9661981667671526,-1.7659,-4.160091513327821
2.039283268206148,-1.7659,-4.315156767345176
0.06482184713252481,0.3348,0.3248301397418074
0.4344023083595699,-3.05,-3.456776157998423
2.0967893866465768,-4.6687,-2.030557510605698
0.8554222437592833,-4.61,-3.699136332627952
0.9045215085474974,-3.6363,-4.61123428046542
0.4194077703989744,-3.3062,-2.989369023784881
0.613134972190789,-3.4757,-2.77284057915688
0.8209279947629797,-2.1707,-1.194619672164129
0.2861090611207092,-0.3226,-0.0731701884492443
1.2148403610564902,-0.489,1.119142468030421
0.7241645324873178,-1.6954,-2.48130806572774
0.9459698049840509,-3.2502,-2.09098300946273
0.2550645208255659,-0.97755,-1.209093285887691
1.2253591815216984,-2.8265,-1.135457371245823
0.18684333518749216,-2.1771,-1.966163607924704
0.2985557104024598,-1.2575,-0.9438310771699462
0.5023656615553336,-1.34,-1.158701740065952
0.10102523056141549,-1.1985,-1.231704483538587
0.2044716093708052,-4.1757,-4.013266453551298
1.0582344787797788,-2.1758,-3.452312990136543
0.5004085177580658,1.075,0.6255250307989997
0.5908735380126666,0.85972,0.2154190646273389
1.6473732564453525,-0.50792,-2.608902356383748
0.5143671066738381,-1.7668,-2.100506672170257
1.0174562013487922,-1.4321,-2.656935715457557
1.1644498141339972,-6.3346,-5.130820728782437
0.519661028260956,-3.0491,-2.46781146836284
2.329123830480283,-3.2615,-0.9067821145462298
1.666554953780444,-2.5909,-0.4814532729765617
2.92366062362052,-7.3382,-4.151845813938002
0.9693571414066272,0.60511,0.0393328245325465
1.7390145308109553,0.29642,-1.779216888521708
0.2969270014176008,-4.3977,-4.382665801771754
0.39433251960669774,-2.1317,-1.782276194760046
0.5182070344118599,0.8401,0.2840661475090762
1.7114614193947417,0.1804,-1.683566595048525
1.6729308922564192,0.3925,-1.714549102621641
0.5767333867884028,-5.4474,-5.0241108128623
1.847085787563937,-7.254,-5.317406283368387
0.6746152141714498,-0.9624,-1.757777593232782
1.086150359387859,0.45339,-0.7264293300842236
0.5090982710436915,0.018292,-0.4324855252735588
1.7103475300866688,0.78234,-0.4471244276377931
1.9968394307669906,-0.057824,-2.266947429887494
1.3181875608521003,0.90304,-0.3733002396338291
1.0742993747592267,-0.63487,-1.639699630397829
0.3757699410765859,-1.2997,-1.439406817261661
0.9384032246385514,-2.9369,-2.082456196526216
0.6497190897988816,-1.381,-2.034037611848587
0.8620788800692546,-0.87955,-1.565359564262382
0.3308602617766842,-0.46429,-0.5097520866423997
0.758013960359618,-0.53254,-1.334060681694223
1.279307604765909,-1.2047,-2.677891359631525
0.6088849771172518,-1.5047,-1.869314245680807
0.6542551411516746,0.77027,0.0690707959228142
0.5361941916206011,-1.5784,-1.203516818140281
0.8215840601465269,-0.65373,0.1079012312152008
0.5563725599721454,0.5711,0.2053217386582866
0.8737552712611155,-6.6594,-5.817599267516953
0.35013709551993216,-2.357,-2.603013250552697
0.6848801302261494,-3.9183,-3.170583838812887
0.2909034989157348,-2.5365,-2.331376930379647
1.1838656243792935,-3.25,-4.778151458553126
0.4028619274183661,-4.69,-4.441166808220467
0.43361708973103846,-3.76,-3.352858264550857
0.14868762404833374,0.1304,0.0420022587614098
0.8813061316757299,-1.9763,-3.20877839721289
1.42261475138082,0.75901,-0.6189961172077545
0.9091213244293376,0.84891,-0.244728719777937
0.8665659223427957,0.72521,-0.3402904202695012
0.6419223891876237,0.11808,-0.5560600747202682
0.6648373749880531,-1.53,-0.7939559212213274
0.3913418823416683,0.754,1.0521534739114
1.741011696279837,-0.0601,-2.526573235654218
0.36723472445282396,-1.6425,-1.949831000122753
0.5695931988729523,-0.17843,-0.7695800094148395
0.551779265169885,-4.7104,-5.00374945503968
0.7623680234130416,-5.3925,-4.606378249764171
0.19994741217842726,-3.6709,-3.894068655585365
0.14843651627318574,-2.8698,-2.856649446368312
0.12390680339006536,-4.0313,-3.969060644834909
0.8229680393643196,-2.5471,-1.565737781248853
0.19476262837092764,-1.1198,-1.26866546305809
0.2307771486839127,-1.1198,-1.356914654946401
0.10107004516879575,-1.133,-1.179619025879467
0.8796205481897711,-4.57,-3.666101879251791
0.6680423102649828,0.42021,-0.2218687132480946
0.433710594133041,-0.086876,0.1690754092500319
0.27737306429080794,-2.8665,-2.995091458728144
0.3741116478272866,-3.5,-3.54158783685862
0.21663067790782553,-6.115,-5.896882070837622
0.5555342876302488,0.2214,0.367609468064039
0.7618599204197674,-1.3801,-0.4593817973469074
0.4589956484691707,-2.39,-2.860033079931396
0.140416573550452,-4.3757,-4.399636167386037
0.25754689020570243,-2.6245,-2.814580834898923
0.4519506869542886,-4.1226,-4.426321456391991
0.8014121071710086,-8.5872,-7.856639906855946
0.6893583416462633,-7.7292,-7.23354721152104
0.10096155401451128,-2.5213,-2.580834479061839
0.6203054670969237,-3.2578,-2.607919642515586
0.1976845123621271,-3.3713,-3.431214983285001
0.6730505817691413,-0.085056,0.4192146806105077
0.5994680815806384,1.12,0.2386421051807438
0.17485140122761458,0.62526,0.4722684372828693
0.5994680815806384,1.09,0.2386421051807438
0.22750139898347535,-0.7545,-0.8399187553778918
0.0997270642441165,0.3487,0.4524010823488093
0.8414000765762016,-8.3853,-7.747710272091149
0.5440662633190394,-3.3681,-3.837527491366449
0.6148724891840764,-2.9658,-2.371383487518207
0.2806004749788003,-3.72,-3.58376029189474
0.2365505767617622,-3.37,-3.533306060514809
0.42476933821139895,-3.1,-3.585752162052905
0.18263888344662876,-3.2728,-3.303786589476573
0.3322285050208501,-2.2643,-2.680447516635362
0.47795935225572483,-3.3015,-3.014386035569638
0.15924407074970273,-2.502,-2.653995706547664
0.3808483017375752,-3.95,-3.781744476732984
0.3824431654235002,-0.21,-0.7037033524675576
0.16150138395574243,-2.67,-2.624503077268575
0.622710924053607,-2.624,-3.098184044837681
0.5938335952682522,-4.4481,-3.929809939204031
1.3190908101950445,-1.2185,-3.044990583806815
1.5204967960895415,-5.02,-2.871208927002506
0.5038867115352769,-1.3174,-1.984801616618243
0.15150953122587427,-2.28,-2.308114443419362
1.1664785973868022,-7.129,-5.718330946764322
0.26685184012938,-2.16,-2.096511075061171
0.5944523606741484,-2.368,-2.971262425079241
0.6029646485280783,-2.4089,-1.801477255924497
0.4201834460645539,-1.3468,-1.755745851072331
0.45292244026226247,-2.4484,-2.827037809000268
0.3538511173227326,-3.9891,-3.829760056555135
0.5485734231158803,-2.26,-1.722618493521765
0.1547970146744699,1.055,1.118763802597542
0.32287254900318174,-1.6576,-1.473944311851056
0.5950170436289162,-1.9616,-1.307975427772753
0.8132184441032053,-1.469,-0.382196712829818
0.9664342288518506,1.5363,0.3153824292625758
0.987791683307365,-1.9582,-1.689880177166331
0.05223430562308615,-1.8413,-1.868366994640971
0.2466079980378209,-3.233,-3.008409140329772
0.1413248654403594,-2.5314,-2.470315963387998
0.5207007829789482,0.95373,0.4376852037281663
0.021530667348051286,0.6387,0.629152175643025
0.8660792494495113,-0.2072,-1.288795886901531
0.34274214512426804,-1.9295,-1.652958816424318
0.30658185895755014,-4.63,-4.386334412641979
0.3462373471555417,-1.7561,-1.346307167954952
0.578924266266235,0.8789,0.2211380248407854
0.26076156515228915,-0.2678,-0.1997577770653746
0.4426701148087957,-2.158,-1.708243395060328
0.27309413382050335,-2.6995,-2.786443886724745
0.49945378196914403,0.9349,0.2878669070180807
0.4710764410774959,1.0083,0.5669506123612793
0.5107955200540678,-3.505,-4.089989554182302
0.46697756812597213,-3.3,-3.779733063397726
0.44391071862993087,-4.51,-4.307112436804421
0.24794940953766292,-3.76,-3.861981455132293
0.4691918520428176,-0.82831,-1.281375635917961
0.5581813716983839,-1.52,-0.952372697128176
0.6064066196040101,0.05685,-0.0225376500505144
0.22728977503316827,-0.91,-1.006456835129552
0.5963103314180588,-0.62,-0.1381611929508045
0.5553642372274209,-2.435,-2.853463631570087
1.012618457103533,0.053341,-0.5802704753274379
0.3586153892562875,1.1934,0.9957399101744472
1.0382050281995538,-2.0331,-2.893414877852803
1.7848944930504012,-4.245,-6.405370388488471
0.3231572357725235,-0.021775,0.0149157828972358
0.5795002352868281,-5.98,-6.316194221738674
0.1570744417957908,-0.70526,-0.8062732439111799
0.7531228845644435,-2.9781,-3.794308483033232
0.10875196083947344,0.9742,0.9765633527961745
0.18978171768540014,-0.71653,-0.8141212568851205
0.16419954505413348,0.71169,0.8393693436635529
1.9748095017551972,0.51388,-1.881729724647815
0.3011303845551556,-3.3727,-3.61588533558518
0.8444183007078939,-4.8403,-4.017798209728273
0.6366325180190014,-4.8403,-4.127588748225619
0.35691548183004573,-0.824,-1.18713201997446
0.5379329145770633,-1.5074,-1.018632478778726
2.3604882249034027,-5.5325,-2.069582830665455
1.1005997286016367,-4.1599,-3.398698957225019
4.968061537534519,-8.406,-1.419853730806006
0.9238327933988069,0.73228,-0.3044504485225229
0.5332177272844905,-0.1078,0.0423397046286714
1.2767729933475347,-2.2688,-4.021936513524546
0.49073228432956234,-4.7,-4.991994540371895
0.34825553719645336,-4.6,-4.232114399242919
0.34128474188941765,-1.7618,-1.694559794226613
0.35799274852319063,-2.7113,-2.393624870370663
2.0463632069960624,-7.5447,-4.44082012093966
0.7962847433543482,0.11898,-0.7706532209441677
0.8796034234561239,-3.1648,-2.134535932964309
0.5185306358545981,-4.0736,-4.617273615467964
0.4079982323430644,-2.5803,-2.255839725504067
0.2985166166026803,-2.52,-2.336700977426054
0.972155325142604,-5.1764,-3.981492962528992
1.4430410234967714,-4.5143,-3.599515552948982
1.8505352180051204,-6.61,-4.297373584851168
0.36516990451459397,-2.12,-1.708882157607571
0.7257321853385535,-3.3672,-2.36446796328096
0.3615512968441502,-2.1795,-2.574604303446695
0.29095868586043777,-1.4178,-1.288670519232557
0.9979599252591713,-2.6988,-1.756127350536234
4.270428993555775,-6.9334,-0.8569436610461169
2.0103318753408557,-5.0252,-2.616088462402498
2.7974826927300906,-9.0983,-5.721662723865048
1.9583467787408295,1.2977,-0.9414378269546386
0.3108710270307631,0.75568,0.7159885600415171
1.0323365668193178,1.9083,0.7458863808211378
0.6427568268196896,1.0436,0.5035134440109117
2.6123175337799274,-0.68434,-3.583819610582176
1.4433851046541633,-5.6166,-4.025756178544198
0.8754749446229455,-4.8731,-4.363850904813058
0.7333702795085002,-3.5434,-3.322639583003425
1.298213313779903,-3.1996,-2.883135286425845
2.9821975627725554,0.60285,-2.933298194648764
1.7539817423388575,0.65442,-1.47852425116966
0.08201033524253258,-0.028221,-0.006311187627186
0.3989470666662197,-3.8489,-3.642200133182916
0.8957187232250581,-2.2022,-3.101109890092442
2.894670240149086,0.39909,-3.068669115204034
0.44301436926179494,0.41123,0.2889787275799485
0.7540538724823607,0.82416,0.0473053560541725
1.3705064854038103,-1.2901,0.1266359479997567
0.7908043941138247,-0.0021873,0.4812863200334404
1.6623389927564036,-5.1036,-3.341523176124394
1.638240280538312,-7.244,-5.566500076722855
1.1488395193260732,1.0778,-0.1885197995712024
2.2354777620683883,-5.5836,-2.551888242115405
0.8746921378231209,-4.9186,-5.874204561461106
0.37049422177270946,-4.9215,-4.889120625519338
1.2430884037572185,-3.7396,-4.972473795308034
2.5395535607649,-6.8209,-3.965242674894094
1.5537576008944176,-1.5644,0.5664114328254787
1.5229769403528965,-1.7665,-0.1115178155717481
0.8898178436045447,-1.5902,-2.719099551594792
0.455103646548117,-2.2845,-1.870749511688567
0.3554022287107445,-3.2799,-3.071816536308381
2.9979317883988084,-7.3257,-3.550698830765884
1.0320414864058995,-2.1858,-2.973586294188396
0.1982149844033858,-4.5779,-4.415559588296699
0.15226876407302806,-4.005,-3.99837624966762
1.653336327667836,0.28585,-1.806337173142966
0.17256013338303727,-1.383,-1.53873317174186
0.1592660844915272,-2.3951,-2.508968722206916
0.28451263592929926,-3.0337,-3.267097848857992
0.7321594190271586,-5.8661,-5.019545959035107
0.20173610468923006,-5.5421,-5.461945904094319
0.30136483593495705,-2.2414,-2.452286768078539
0.12140907226996965,-3.5096,-3.495633744200965
0.326623265006251,-3.1485,-3.275608413618449
1.049037791456225,-9.13,-9.474901475643804
0.775203008158231,-6.9693,-6.10094630113554
0.9346073092036776,-8.1979,-8.739102302877043
1.5291837360439349,-6.9904,-8.662358045219726
1.1357327386974843,-7.8728,-8.669047195982868
0.3059264955238992,-5.5526,-5.246483311576768
0.1477486028984697,-7.8997,-7.886072338663611
0.17125355676670204,-6.1348,-6.116316342630363
0.17855150015548144,-5.0954,-5.283043648063474
0.2526580988582556,-6.7282,-6.556047196755147
0.20200276575958118,-5.1716,-5.381185055979509
0.31617099702553875,-4.9636,-4.792874383884513
0.3531323124224127,-5.0474,-4.826754530179691
0.08373622795448227,-4.35,-4.36074845548668
0.06922017027016819,-3.5361,-3.497624774798135
0.49515317727484404,-1.0845,-0.6356853341525213
0.9002599067908562,-3.5744,-2.413644340466803
0.40905713219119805,-3.6757,-3.146497539269026
1.184249431558766,-1.8814,-1.444692804892304
0.2537871816350918,-4.5229,-4.480065626190109
0.7225482548962063,1.0317,0.1856074524995416
0.2133922704865088,-3.9013,-3.691479944531021
0.3139571515845228,0.90082,0.5621220696432883
1.1829582542708361,0.76913,-0.7607323309362878
0.32572612277179963,-2.6172,-2.868877657393652
0.1075821457997736,-0.73329,-0.7307690514702712
0.5571418250076655,-0.46205,-1.181554287281783
0.14626558109398613,0.2776,0.2066253062376256
0.13263180182585058,-0.4121,-0.3517502017604055
1.1472701864325494,-7.0884,-5.709832126032431
1.2133405152072632,-5.5717,-4.178204932184285
0.4146551672260718,-1.4648,-0.939290624362584
0.8438905853014211,-3.8022,-2.923173325139937
0.5614010136107258,-0.7049,-1.368120356400788
1.1927075201504929,-6.84,-8.075796989411415
0.44610720024657624,-1.8287,-2.355330939712686
0.08762588038159967,-3.66,-3.591251867924865
0.13562920613093138,-2.5524,-2.495297883145388
0.24394558392313914,0.61316,0.5089690499321569
0.43744173354795246,-1.9435,-2.281085529832882
0.28715157268172614,-0.60201,-0.7758987039854051
0.19115228522671907,-1.9644,-2.106819342172598
0.47264286142213713,1.2513,0.7146097207122337
0.2959575408807194,-3.0374,-3.099043058097474
0.9900635187264633,-5.9648,-4.783666504664948
0.2668782236724796,-1.762,-1.936169168603981
1.3024262341270614,-4.26,-2.606138702402633
1.3981534562745912,-3.7915,-5.227089379690533
0.7600855521014754,-3.8937,-4.520612868901298
0.3874007703162154,-6.2763,-6.180751890165277
1.3927899548896812,-7.15,-5.699856656089236
0.3317726406182488,0.52181,0.4662449192397327
0.4505716579333564,-4.93,-4.661547415701993
0.6498907823844946,-4.08,-3.453326391526165
0.537841669295895,-4.64,-5.034139722223603
1.0172576097325743,0.26099,-0.9233983402825636
0.4224063022780256,-0.56081,-0.1730660400109939
2.8191609735743652,-3.3331,0.3385436666695419
2.0585021633897647,-7.4667,-5.072827417350661
0.16765346021993643,-2.9339,-2.915805016486537
1.5320587776279795,-3.71,-5.319853416717444
1.100581843558391,-4.3831,-2.982513660878036
0.8459969296815413,-3.6938,-2.8847124533506
0.48637272525574865,-2.8982,-2.34535190981079
0.37834213457621013,-3.5967,-3.199524580401635
0.2587991069888012,-2.1663,-2.187058750522106
0.29106797374813964,-1.6138,-1.892220322371305
1.3158147503099036,-2.2868,-0.6204674987570796
0.4972802423451204,-1.4828,-1.939912075426124
0.18714578464120435,-3.0232,-3.087450903290696
0.4488337216312204,-1.6382,-2.09871286954659
0.42367562576329876,-5.7918,-5.374498568009052
0.07040311388477119,-2.5648,-2.533708278660443
0.3131823761591725,-3.1379,-3.424961482570092
0.10054896673790019,0.0152,-0.0137062847350805
0.5237508853038356,-5.0681,-4.637827727655205
0.07548042495561584,0.32,0.2835769345337128
0.19169948645606144,-3.2262,-2.998720080774664
0.4389961348455692,-4.0287,-4.433178384815891
0.16969542101043597,0.49582,0.4401674094935639
0.16969542101043597,0.49582,0.4401674094935639
2.0322781905718994,0.34902,-2.399427526369317
0.5957022194062759,0.3711,0.6540259255482499
0.6981668362109801,-4.8,-4.079040607732254
0.1986164545890257,-5.41,-5.383690961230702
0.9574185849544925,-5.94,-4.871405313627525
0.3312717382569824,-5.15,-4.826016520751279
0.6480277813296554,-3.95,-4.612435331272716
0.11760337271917068,-1.1887,-1.204095444876004
0.3149384728295912,-2.3541,-2.201484004559808
0.12305981702024998,-5.1452,-5.10335117536914
0.5856419305429356,-5.3961,-4.852568570882979
1.4425785041883665,-5.7156,-4.780116971386319
0.4587114283162878,-5.83,-5.626932353277073
0.8078507753215552,0.16811,-0.7904991667004578
0.25770165396295575,-1.9319,-1.711044470275293
0.7780277791634057,-3.1585,-4.066658072530385
2.9974690896507967,-9.2476,-6.641870466965882
0.10231779503673151,-4.2719,-4.363605984421829
0.13977203178047146,0.49,0.601022360158763
0.8337585089846157,-1.7387,-1.033040112282259
0.5910915142117228,-4.08,-4.57923070547464
0.846339238905612,-5.55,-4.540678362254758
0.2385954402739072,-3.24,-3.385103044088468
2.194106851088121,-9.4682,-6.582893680001112
0.13289916817020633,-3.2451,-3.227688733634641
0.0918691663206655,-3.59,-3.569017306974628
0.833545768215539,-4.947,-3.848065906174324
0.29941409311743467,-4.055,-3.883591058864296
0.5081685759758947,-2.9864,-3.532040689970343
0.2867070984966218,-4.185,-4.359530738889966
0.6845273706769727,-4.66,-5.349376967855832
0.49740911822526374,-6.07,-5.573175519160665
0.1417181164621377,-2.97,-3.076788395082194
0.0780401526607664,-3.85,-3.829330726366786
0.5904369195755281,-6.7,-6.069857146275368
0.4862993751377005,-4.49,-4.01989019030167
0.3341324077340139,-0.4564,-0.5755041269925332
0.7930198408857536,-4.9285,-4.493131660876283
0.43781366447020575,-2.78,-3.823368344971728
0.4680551024633964,-4.6715,-4.468405109013389
0.4680551024633964,-4.1051,-4.468405109013389
0.5699704813521135,-4.74,-5.199595277299212
0.28858748332071527,-4.22,-3.984668580141185
0.09968166742060026,-2.69,-2.617652070500924
0.47527041790680163,0.77674,0.249643424025768
0.1976116951787357,0.72661,0.5304593242918473
0.20073064670566473,-0.46019,-0.6382751674418172
1.0218373929823028,0.4904,-0.6007446272100492
0.3599405619193149,-1.465,-1.325005778831333
1.4425785041883665,-7.0203,-4.780116971386319
0.2814483753217868,-1.0434,-1.220253370350475
0.6574321417649368,-5.4467,-4.801454285342296
0.8912206663463829,-1.8199,-1.002577669739887
0.629046080440191,-5.799,-5.962571684536432
0.5936528241706164,-3.6122,-3.003926466222681
1.9528867273250534,-1.27,-3.559374198221921
0.5774894825652968,-0.25171,-0.9899793503606468
1.5397929930053758,-0.0821,-1.740751031822342
1.404617840077101,-1.5942,-0.0158207813825985
0.31346203607249745,0.24675,0.4415680214141607
0.6164056163613003,-0.46,-1.203203243469043
0.23368545925420342,0.60534,0.6568955490573037
0.2245589898144664,0.63429,0.7398965686506191
0.24210080444864626,0.47352,0.4605894462748719
0.37517861594851587,0.63799,0.2910598363740752
0.4841824548638469,0.32877,-0.0578909095824999
0.36733250066874557,0.36734,0.2293652853087811
0.6086965831422503,0.46839,1.20739617792349
0.8668876175456127,0.2939,-0.7682828277226297
0.12081504118012018,0.44106,0.3882285163323939
0.27010235704443303,0.27385,-0.0287891542594568
0.17095145023254293,0.1411,0.1291180299897962
0.1963060194071787,0.26423,0.1456370066593707
0.05273764335115277,0.73839,0.7104543299627942
0.18186705167711337,0.32774,0.2353932205598698
0.1796764146259501,0.31321,0.4402830336241704
1.3115843110571621,0.31129,-1.166431723277554
0.2756314925618708,0.26423,0.1074435882148697
0.4740044965035735,0.69456,0.5864750918966395
0.530427535237773,-4.7413,-5.158307394725108
1.2068338524944389,0.28871,-1.171602087672094
0.6647087300693532,0.45631,1.143827729211933
0.3587367601207711,0.098328,0.1119798329231739
0.6323769891332112,-0.10316,-0.7583427873272202
1.2401236018241435,-3.4576,-1.968831443516
3.144162764676356,-4.9348,-0.8314753434063602
1.0259346496800514,-5.8911,-4.994889365404346
0.8118916054907953,-3.6486,-2.894473722888123
0.38874481510309566,-4.9361,-4.535923473505051
0.34829748408831734,-5.975,-5.766794731404975
1.3441511536142463,-7.515,-5.985485507771818
1.6902243999796736,-7.515,-5.534888515204418
1.0166722856332064,-6.6525,-5.53361760592521
0.6979893063106711,-3.8267,-2.979960740111776
0.46402216649378775,-2.7382,-3.228435272628605
1.1988798987648805,-2.17,-0.7438163654200503
0.34760421470964387,-2.2238,-2.493411672873133
1.2570355834651523,-4.4708,-3.347400520419545
0.42380474587218375,-1.7108,-2.101918892606546
0.6339652393317055,-4.5406,-3.912433586448584
0.8665910670462275,-2.3506,-1.648803206841724
0.3621634519830317,-0.01778,-0.2987776510860691
0.23309956234819826,-3.7905,-3.898323029258043
0.6494420510392106,-3.8395,-3.054504299619916
0.8137467490046312,-4.1637,-3.186898336407056
0.3334719188389616,-3.438,-3.292664861345288
0.4575116630019094,-5.9207,-5.433361680898663
0.4140839241711864,-5.9372,-5.573144061064566
0.6085246240981327,-3.8034,-3.313911745580317
0.3772161732730679,-4.8821,-4.566420325223064
0.23064151612978498,-4.9856,-5.045358081428585
1.4786119135564297,-7.885,-6.48768313938694
0.4018578596960638,-4.1256,-4.505963742296791
1.5714655324965425,-6.1713,-4.139887214783148
0.3300636434790423,0.1462,-0.1018317082518808
0.12478540730594584,-0.16865,-0.2046358405856322
0.6770456771929413,-3.5593,-2.757475376864302
0.3667649542050584,-2.8105,-2.532075816166196
1.76414841970265,-1.796,0.3913907141498729
1.2639550403194757,-0.018923,-1.44437165682605
1.7616848440449844,-1.8457,0.408930497073791
0.48011982091765804,1.1072,0.6657825967737794
1.608041473763484,-3.7472,-1.647667944447383
0.20492896190577947,-3.0874,-3.066384831428853
2.077105106052516,-2.2507,-4.503515282859544
1.4950026413570578,-1.0407,-2.232881223490047
0.798128363619815,-1.0618,-1.906236519110793
0.3730193427278055,-5.1313,-4.767910204985892
0.2093775091782454,-2.7646,-2.836820052700336
0.9377825062568621,-8.75,-8.977633549481762
0.09496651505734567,-1.72,-1.795905909434523
0.09085421580110298,-2.18,-2.092150314813729
0.13361911606209684,-4.1734,-4.12334825971449
2.2500237946008093,-4.224,-0.7082886887191809
0.3924608592027335,-1.1892,-1.061724841705974
0.19675355313683557,-0.81221,-0.6331630310088873
1.3969067291,-0.19676,-1.746963817143607
0.36992109173406507,-4.5986,-4.264335469233651
0.17534210656570423,-2.4949,-2.619888701874046
0.17550365320849198,-4.806,-4.690439141704626
0.15755523810132072,-2.9682,-2.852854067698839
0.2602605777535974,-2.0648,-1.762924784981178
0.42377238080371,-6.0582,-6.24845692758555
0.8647769950922181,-7.4565,-6.766525347709684
1.061472644061144,0.70285,-0.7237668439372197
0.2205187907799437,-1.3582,-1.306532302445496
0.3030285301948776,-0.11442,0.0519105013463763
0.3691417343491157,-2.2613,-1.909459849797662
0.3967053339724274,-1.0637,-1.183629776239948
0.16656452955301154,-0.96747,-0.869300541037765
0.09496651505734567,-1.72,-1.795905909434523
0.18951290264302276,-3.0081,-3.203005279452651
0.10347012633528722,-3.03,-2.962722173833674
0.1217091141562352,-3.6136,-3.454518888811243
0.3115438710613913,0.51942,0.7585930670046596
2.7978176684604255,-0.19964,-2.745216699162554
0.6571589919400749,-5.38,-4.711651053119172
0.220711826196725,-6.0118,-6.137609564722591
0.36198595675884115,-2.1136,-2.427787146657074
0.40803602856666993,-3.6433,-4.060433878859769
1.2914611811510017,-7.32,-5.87101535848887
1.066262253884167,-7.2422,-6.022314442538408
0.4202171855819257,-4.95,-4.593263531403146
1.3011431741525135,-1.8521,-3.403140348512057
2.037255307574195,-0.37209,-2.811511467831049
0.24099818150962612,0.98647,0.8869335650811305
3.4932337201345898,0.64522,-3.966794705709221
2.0639065321033927,-5.4384,-7.718945392970879
0.30653770609361536,-5.57,-5.643327175675337
3.319847598773096,-11.7933,-8.045166145953534
0.17267184695819401,-0.1971,-0.2771489253655082
0.22751537745738135,-2.5104,-2.396088574892561
0.41979063661646554,-1.7015,-1.203350512321205
0.19731253193817522,-4.4592,-4.419639215869255
0.4963344559321229,-2.2588,-2.663138686031425
0.44882227921550777,0.57414,0.4258468418538378
0.54837981357654,-4.5831,-3.886242769891679
0.29851412004405725,-4.0304,-3.795882873298151
0.30083094194353505,-2.6532,-2.381953978222506
0.7247734135366699,0.8856,0.0337470036919931
0.2879241688772554,-3.7743,-4.024938115817205
0.11969086571375366,-1.842,-1.911726820786883
0.3841182963094695,-3.4348,-2.969618151326257
0.764964999885248,0.88558,-0.0051442228143981
0.4087629868793503,-2.4514,-2.476614256650934
0.27839032279080983,0.043942,-0.1298748836262228
0.2802469455590928,-1.6348,-1.827196920326762
0.4414865955191853,0.70795,0.2160398806959181
0.18367754999813818,-4.8106,-4.772268788943451
0.2871814618254795,-4.3824,-4.231206208446643
0.4792043932793639,-3.9764,-4.23297232201504
0.5647926949460015,-3.9854,-4.472324447472369
0.05005311427785537,-0.81768,-0.8025243016355577
0.07717803857536207,-1.8219,-1.91015728277447
0.7676667857214114,-5.0,-5.685443393505602
0.06065155311444969,-4.93,-4.874941098414023
0.892127958268403,-6.9636,-6.013396624847287
0.3668391616524096,0.60716,0.4115243519773593
0.37563290159429435,-3.36,-2.973476515190633
0.1296807033021044,-2.79,-2.905102493441523
0.3164344496415379,-1.61,-1.758788281647662
0.22455041539920445,-2.1457,-2.015931818329904
0.1564320271842587,-4.8179,-4.838045073336935
0.7124673560746386,-3.5116,-2.715460210105612
1.0993946668824486,-3.5116,-2.013306107737101
0.21354332600178744,-2.7016,-2.890813265562532
0.5007086758460907,-5.1022,-4.521470736083169
0.11124220456350653,-2.68,-2.813301104139363
0.2256467362700861,-2.391,-2.342094980108266
0.13048611959067813,-2.5626,-2.571470719191084
1.101897715703695,-8.411,-7.136451860172986
0.5576636305994073,-1.5493,-2.037012690681244
0.2587217509833984,-1.6953,-1.855140430416596
0.3041951665064722,-1.0799,-1.038970682335292
0.4902003005424905,-3.4475,-2.967560990456717
0.2287553738162654,-1.7102,-1.573393948830927
0.26202926269054105,-4.6913,-4.500134735282075
0.47141653596807337,-2.3589,-2.82814183476803
0.0838662906439498,-3.0429,-3.009135678750164
0.10994829081704827,-2.9808,-2.832269523366953
0.45935459741717055,-7.3244,-7.062285220309107
1.1763603584556896,-5.5411,-4.455142848607883
0.23292470643534385,-1.7585,-1.615705883282734
0.17272043694446831,-0.6826,-0.6258263018360161
1.6352934046436771,-3.2497,-0.7734192331384373
0.24783062279254395,-4.0624,-3.85678737118098
0.4844457807149014,-3.1727,-2.767826145782858
0.23755094294746473,-2.4882,-2.603573391896242
0.25314050181472697,-2.8,-2.997213687586537
0.23108628793160133,-4.5393,-4.265711186599011
0.2027996586551271,-1.8033,-1.885828701588211
0.38426831670419376,-2.2273,-1.85157018106811
0.3705244901321583,-1.9773,-1.780350448324078
0.6731629472564102,-2.8742,-3.113250806656858
0.3390039427099382,-0.19976,-0.5112973755383803
0.6025402911784549,-1.5489,-0.8945414223702705
0.5657612542785461,0.070878,-0.536387462137297
0.2619918732032398,0.63511,0.3883303312052346
0.19062113353671584,-1.8407,-1.875031229573336
0.43785770423573467,-4.1519,-3.713815408615372
0.2905358801533524,-1.1104,-0.8941123384708429
0.4301318392901877,-0.85,-0.5934488233572718
0.31453321430090686,-1.478,-1.34300471946093
0.8247296455676382,-2.3951,-1.24259625349518
0.5249451398284103,-1.4996,-2.021803267242572
1.0092153802451183,-2.0041,-1.070323489290947
0.48522942947577447,-7.0154,-6.546636168180048
0.6361240530853306,-5.54,-6.051821884481935
0.8977283911028603,-6.3456,-7.155700775106979
0.8097638683459231,-3.9678,-4.930633035885583
0.15061861180830471,-5.139,-5.177978706741671
0.08453722292519199,-2.5867,-2.561753409991304
0.10784186817540344,-3.1717,-3.114197712784796
0.5506810158709705,-1.0831,-1.734056277966568
0.38991428617921875,-2.0432,-1.588505504911271
0.5829096818657318,-5.2379,-5.866954073500906
0.5885544649473264,-5.96,-5.6613863154985
0.3231812656529318,-6.1352,-5.939239000910018
0.9535717294846761,-4.4641,-3.622281080194575
0.4143138663942787,-4.5374,-4.310047788001016
1.0436705763451983,-5.183,-6.254505249883579
0.42260802851797696,-4.3415,-4.808635620377053
0.1669468289222007,-1.7539,-1.59017325411018
0.9868301762533668,-3.1776,-4.085806367529522
0.4741409692470986,-4.9784,-4.639532233675387
0.5718862063408132,-3.385,-3.874269946972524
1.0856865156879625,-3.2632,-4.513253698425
0.27104180800628647,-4.62,-4.810537438409319
0.43598141243045624,-8.1782,-7.811858198116998
0.4484149280277034,-1.1485,-1.429998727791975
0.8792393787566702,-6.4777,-5.429857246672089
0.16311560013472548,-3.9679,-3.985783510564696
0.3483932952855037,-4.3606,-4.708265458733004
1.0953402688671392,-9.1627,-8.2084956184915
0.7111779030246475,-7.7117,-8.443589024643504
0.45607572265493546,-6.68,-6.858043798737948
0.5447265477777407,-5.2529,-4.566962553305931
0.6200039674029789,-1.6561,-2.294094814008015
0.7959033629027611,-7.415,-6.845880041365346
0.42789775798080515,-8.354,-8.07998805318709
0.383395074271733,-2.68,-3.047313146227704
0.36209740766286386,-6.5727,-6.345302497367003
0.33304373121977027,-4.6157,-4.404208042275297
0.5267671548945076,-2.4606,-1.894329838690733
0.5215043048108867,-4.6935,-4.468798968193992
0.19368199878801173,-3.7036,-3.617763293833192
0.5861489363338025,-6.7825,-6.35000459838416
1.0794009785658316,-0.4155,-1.713262032004751
0.25293332525807893,-3.61,-3.589149860515667
0.147736191725582,-1.3125,-1.392269585625181
0.6532896030179934,-5.9171,-5.345467237259894
0.46628335806367,-1.5775,-1.923171405611954
0.2462209019523124,1.15,0.9354600891795428
0.5620292067803262,1.1,0.4769360543178374
0.2736841443747335,-1.1819,-1.411749707952428
0.27572530777258186,-3.2308,-3.422135083804517
0.8637130611115412,-3.02,-2.09102491671887
0.15875029313574282,-3.89,-3.893980161472448
0.6739441730050919,0.30105,-0.5554265243157105
0.6119982387975965,-1.2392,-1.785468680894019
0.19878940743156487,-0.62329,-0.5942167120549546
0.5398505225957776,-0.10779,-0.6019022977186552
0.39435135941936816,0.58112,0.1905057447257841
0.355455445607698,-0.54753,-0.7408809603101032
0.18381371824781187,1.1303,0.9962096512923648
0.29517070628428455,-1.2593,-1.528641150633792
0.6238149259692156,-0.2319,-0.5732527842580102
0.2980990903960307,0.33006,0.3915202785753777
0.6005041720098725,-2.0257,-1.272169564532053
0.31117585310722595,-0.18965,-0.2630046204641731
1.03636162298416,-2.16,-1.09276015137051
1.4399290038038581,-2.2085,-3.724527368896253
1.598130300488497,-0.4747,-2.123370579723318
0.20442140790686977,-3.9302,-4.07920291011827
1.1536976388441678,-1.7748,-0.2682021416897332
0.3414210105519466,-3.068,-3.434234230986314
0.26203578429819335,-3.2587,-3.567491007168352
0.11502760504654391,-4.1,-4.18876908384661
0.5337540513675251,-4.1451,-4.31532143416233
0.9619383164678212,-4.5149,-3.567500203861089
0.7826292018818927,-4.1451,-3.223881191593752
0.10901004674034506,-4.0665,-4.04339683088581
0.3184183556962351,-3.9154,-4.06847306795326
0.4582222088726561,-3.4188,-3.82836802513552
2.758497071903958,-1.2665,-3.890375813749631
2.3841520331509023,-2.0701,-3.572652928659792
0.2857133423214288,-0.37554,-0.2851512645450158
0.6466675695706671,-0.42494,-0.3255154647052965
3.9956271642098056,-0.064795,-5.66688832101581
2.2770130725763345,-0.96042,-3.826239499670014
1.9310843493858152,-0.22627,-2.517480936170367
1.101793006604703,-7.6917,-6.907253534307767
0.7672106407347011,-7.9718,-7.228481335410648
0.39080613762207966,-8.4627,-8.276003608891827
0.6901248557353233,-7.6053,-6.929987204690876
0.9633514877727657,-9.292,-8.246126513984137
1.9959468953868322,-9.0523,-7.045202301122501
1.2139483315884112,-7.4555,-6.006545715739151
1.6161879647510076,-7.6345,-5.812513067994825
0.5892783668963254,-1.6975,-2.052122892861277
0.17486305660781615,-0.56083,-0.6204842721680324
0.18718210963468399,-4.2642,-4.084573512256727
1.8077691551006176,-2.1729,-4.228376194012988
0.4344550499313208,-2.5369,-2.082349004180581
0.671181224831983,-4.9504,-5.160361180174259
0.6486495151648044,-1.4711,-0.9642353114699408
0.2578291592835677,-5.3154,-5.430918046260317
0.43511326534668954,-1.2471,-1.665538300741834
0.8704252104586486,-2.0216,-0.909111993060962
0.25441243215784154,-1.1384,-0.9688975206467718
0.48484453327237825,-4.7331,-5.09093724543459
0.1664126631480167,-2.4821,-2.461685896686132
0.21115760516712734,-1.28,-1.451269940499785
0.44616495285038854,-4.6991,-4.372300338316609
0.36430681468463066,-1.5339,-1.107985874123519
0.1844696535582503,-2.2803,-2.210501735192105
0.07155298030857488,-2.5881,-2.617671994461422
0.23904652512294025,-3.0864,-2.92604812849255
0.12073530994685307,-1.2861,-1.230563858627777
2.1169054884718816,-1.7593,-4.503560208487622
0.25493275808607085,-2.2803,-2.04079397872004
0.13692996634154295,-3.3884,-3.27536159447361
0.23649959314083702,-1.63,-1.53596413200605
0.24325441780705462,0.88888,0.7769959570835446
0.3541481730353393,0.42175,0.2440744159445783
0.17680483002669053,-1.8502,-1.79630678285232
0.25422867425079515,-2.4065,-2.199469290534775
1.6946397802613355,-1.89,-4.013404749819346
0.40601641263562277,-3.8572,-4.157847573111721
1.0480133996589798,-3.8572,-5.11276051998364
0.41922548515275954,0.58987,1.084987222874325
1.9246717729520153,0.56816,-1.594932248077827
0.8331584764711606,1.65,0.5816466676723986
0.9207510329483332,-0.36,-1.372863025791597
0.20294532513246247,1.1303,1.256844121009808
0.3941836610802843,-0.81158,-0.6593805221462679
0.26345551323871036,1.0849,0.9396925127580932
0.20528857245142773,-0.95,-1.071953954432502
0.475128139653361,-2.36,-1.888140229364615
1.6049098608962475,-4.4663,-2.93983033000002
1.57869800309396,-4.1352,-2.602428270013921
0.34579484741624644,-2.0938,-1.728829097881267
0.5180499481597071,-6.97,-6.623240261090559
0.23528162574166234,-3.3551,-3.242811386687458
0.27385543403683377,-2.2533,-2.474250200866988
0.2700259594333519,-1.4,-1.271766981127731
0.3945880234735996,-0.97843,-1.240840438844371
0.41357370909035474,-2.401,-1.93789687650286
0.22136244219777956,-1.41,-1.286291000983262
0.8964428272611557,-3.8425,-3.534046008468238
2.16111355934125,-2.6385,-5.229098118471451
0.9871327928004466,-1.756,-3.008201150146843
0.2520071318451159,-2.0946,-1.843478747767909
0.34393461955491395,-3.25,-3.085899520084359
0.7554133907849709,-7.3044,-6.545309619003557
0.20600844982566252,-1.7749,-1.631199679884171
0.2395203913361282,-0.81483,-0.9741158612262631
0.576616126191283,-3.7162,-3.078213210292484
0.7686219940187883,-2.445,-3.365294607272109
0.3332559266216423,-3.0391,-3.117490630950306
0.2810837881596053,-0.67941,-0.5053057638348123
0.35083444431183197,-1.775,-2.100201651862995
0.5329249082840456,-2.0845,-1.533541765041992
0.2593817992360176,-2.1297,-2.29815260944748
0.19879893091251677,-1.92,-2.070266994937141
0.14194673169955424,-2.0668,-2.106362489066013
0.2888106517257102,-1.5678,-1.313004043439655
0.9354817543944434,-0.649,0.5390727600130911
0.19899138210187037,0.9867,0.9267997956581158
0.6859536545960766,-2.6865,-1.931663393190564
0.26685524665786864,1.1109,0.9744396924717552
1.238688783100038,-7.1381,-6.295472450355719
0.4996535940661881,-3.7357,-3.802499329910301
0.579238441382332,-2.7108,-2.936478915168644
0.597231089631516,-2.0274,-2.476820961705676
0.22594897239322406,0.67935,0.6974778316477299
0.195812000373393,-4.9,-4.82315656768847
0.8906741906893112,-6.2997,-4.959075222140884
0.17704170708568615,-1.2313,-1.40616706231295
0.6732520411115934,-8.181,-8.235623497410405
0.10192118417355454,-2.976,-3.035914495790191
0.4979597103846558,-7.5385,-7.450770883048017
0.24925279109575754,-4.46,-4.71079363841446
0.5265110448274892,-3.4166,-3.052199389314552
0.35244613443709943,-1.1778,-0.8960195061554093
0.5024726636919907,-3.5976,-2.927518951966113
0.7702074475253461,-2.1,-1.282569797373888
0.0902231031019571,-3.755,-3.752636296750716
0.15279652487295922,-0.46079,-0.4770508961198062
0.20874688779265835,-2.7927,-2.691056005852975
0.7656690522608361,-2.8726,-3.582737868439516
0.988774512767436,-2.4981,-3.558675441599228
0.07728198227394949,-5.3513,-5.358595200247137
0.4806723500997071,-1.3159,-1.655366730764683
0.22258786109828446,-4.47,-4.442917358204922
0.24795775489969657,-2.9371,-3.20571049754942
0.5752484885465179,-3.338,-3.669738696920761
0.2901073783036322,-2.4166,-2.691388247174599
0.5042671373838415,-4.4,-3.844370881720715
0.2432256820918103,-5.18,-4.998001343674847
0.6991547294853023,-3.6591,-3.285992280237318
0.1720517818014368,-2.3004,-2.29441293285475
0.3918136061577635,-4.1077,-3.700479149346261
0.4342860494856675,-3.25,-2.883880064229379
0.14482272908151217,-0.42843,-0.4677879703949028
0.6600989274088239,-5.0287,-4.400038142421169
0.3478229354833533,-4.16,-4.81750538767867
0.2172883720366368,-4.13,-4.207291519127776
0.12031022534862473,-4.24,-4.254596496185098
0.18816483420007263,-4.49,-4.321383688750892
0.12739486143797418,-4.1057,-4.204795874680735
0.1343814276868757,-4.8007,-4.777985057040151
0.1705878362323561,-0.35098,-0.3604894264850387
0.150930238206777,0.74074,0.8578334702309219
1.2066084822357788,-2.7395,-1.27759504765237
0.509136351310716,-1.513,-1.773178313333676
0.3443098777322391,-3.9892,-3.927450249211354
0.2659787585710711,-2.2318,-1.970774466697333
0.5861823417088521,-2.5513,-2.000284447618636
1.3499026803744192,-4.2803,-5.812027712725108
0.9638649878158919,-5.072,-5.873690007747781
1.8782955309362126,-7.5473,-5.409027807630478
0.8391376542890118,-1.5,-0.3497755556701539
0.334141050490364,-1.2,-0.9357170556324136
0.18935580327878687,-1.83,-1.795571107859767
0.6597258002718135,1.1189,0.4016676477886381
0.7191657069737868,-4.27,-3.78334558178338
1.5403531761664488,-4.964,-3.186107654787718
0.5443642232357965,-0.87,-1.417361599919774
0.3273659024503004,-2.649,-2.452093776047423
0.4902539527939749,-1.5265,-1.06732425833143
0.46753965313994983,-2.835,-3.279104243755441
0.5962387250328013,-2.5477,-3.211992017109071
0.989097748546721,-5.6777,-4.656356040842683
0.08000714194813303,-5.2064,-5.215478052392712
0.6085688067443833,-4.1662,-4.690744700461977
0.36774897997873507,-4.1662,-3.970960207383425
0.4932680933935889,-5.6423,-5.0624341494975
0.08438673195141085,-5.2064,-5.224172349085187
0.5545785884406635,-3.976,-3.525798880926554
0.09466694297089866,-3.905,-4.003520843964138
0.2987297258707345,-4.104,-4.280250285203737
0.18711144722221942,-3.1739,-3.213664515011661
0.5374791377975626,-0.29,-0.7472895147712433
0.5392781091809108,-0.167,0.1961149085047727
0.5374791377975626,-0.2913,-0.7472895147712433
0.7518999422859648,-1.5704,-2.293652817407714
0.51536204657897,-5.6938,-5.118405526546972
0.25737177787900695,-3.7031,-3.852596852619236
0.6376806565751008,-4.11,-3.448472230234338
0.37605548738856226,-2.2851,-2.525579389691836
0.3256562452408863,-2.17,-2.495166103349981
0.19173155468607164,-2.68,-2.596786196781287
0.6837495733043828,-2.92,-3.100357787692389
0.12646263206557265,-4.5619,-4.487692805286809
1.0446589712648136,-4.7274,-3.342655592670994
1.8223655102693348,-8.6671,-6.51400325338657
0.47770284144879405,-3.578,-3.10744494766325
0.7708169401253645,-6.1439,-5.266616831897056
1.7171754076031096,-6.7549,-4.453954287152311
0.6555622624222046,-6.8131,-7.290175907280387
0.7652176533336911,-7.3411,-7.855760816346747
0.8135242599190622,-5.0774,-5.991534872236099
0.6555622624222046,-6.8131,-7.290175907280387
0.3426968319822133,-1.8614,-2.272233655808747
0.05520455414908107,-3.66,-3.661548663820351
0.22364429754048473,-1.5,-1.597849833742208
0.6740959158854324,-7.0931,-7.434799272479816
1.2284801176342746,-6.7359,-7.564124738409812
0.6406777755502476,-5.5098,-5.816869841635437
0.3186823849372669,-4.4695,-4.205958631380415
1.5227217854380715,-2.9033,-4.793783354241966
1.4218933656649348,-1.6988,-3.226075611903811
1.360386002723811,-2.1114,-4.192184900289872
0.5037026917817989,1.1359,0.9466432065505216
0.33207009844191804,-1.22,-0.9836698159015118
0.6337587884798568,-0.024766,-0.8244302296109601
0.8448808608552661,0.88465,-0.1517690577119814
0.21921402880299928,-2.068,-2.069658088545751
0.5664248601534134,-2.932,-2.439222482636145
0.5236556899218752,-2.9933,-3.47889151676905
0.5708712896098411,-4.7996,-5.027587283662022
0.3899070739012604,-0.32,0.0642079823290217
0.2965107143475319,-0.79626,-0.9680141230961068
0.36348316049196705,0.083041,-0.0874225748632461
1.0286856578247252,1.4681,0.142255226149859
0.7131342672821118,0.6591,-0.204729279159161
0.19395563843933694,0.56269,0.385065640395117
3.3765059444291405,-6.6709,-1.843551986232243
0.6881717112886026,0.62284,-0.2591011998798284
0.32407924977226577,0.60921,0.4017259237398871
0.7384697714193603,-2.42,-1.667598317923757
0.43263817516198244,1.07,0.6841658530685245
0.21361875982200337,-1.6196,-1.748717820742805
0.4746902155372571,-7.45,-7.499872463448667
0.1911031395410222,-3.2419,-3.253087869103271
0.799696718964989,-4.5,-5.114736420599749
1.3093064783783572,-3.206,-1.812626286689441
0.11535698238090206,-1.9981,-1.917678148492891
0.17987298929553247,-0.13,0.0223983609663259
0.17987298929553247,-0.13,0.0223983609663259
0.17987298929553247,-0.1313,0.0223983609663259
0.9867050117051527,-0.28809,-1.316955591180559
0.1051063191716162,0.3048,0.2709897462296392
0.04946141940742518,-2.4213,-2.424681837265789
0.4099342957427258,-2.5722,-2.150922186355958
0.23038759378539564,-6.88,-7.072425134184344
0.20783047855493345,-4.4022,-4.528865308007701
0.42178138401754084,-3.4602,-3.943643077916345
0.5787064620557768,-8.532,-7.955400130414024
0.3559789148004851,-3.537,-3.870862184525941
0.7109291060312559,-7.5746,-6.933119055618641
0.8555209486729622,-5.2413,-6.012902728365717
0.11452066014377302,-6.0524,-6.033317456955718
0.3577481564167386,-5.26,-4.746556964341419
0.44982862796093614,-5.107,-5.604521573701394
0.1843997968992836,-5.064,-4.92112718952126
1.6616799316674977,-6.1447,-4.246082331356684
0.2196337112321299,-3.1042,-3.281080610010826
0.03839012756432631,-2.7067,-2.686654747431191
0.31137263946579957,-4.056,-3.871798278264388
1.6033299526087494,-7.9858,-5.878889688751897
0.40893873441345213,-7.0394,-6.74078241554975
0.28035917294318907,-4.3351,-4.363725098696757
0.09664635638068601,-0.12899,-0.069503433259739
0.5600888683107912,-0.2674,-0.7983277343086199
0.17030290416970006,-2.8678,-2.790741580233258
0.5222632613403542,-3.9588,-3.450261390477369
0.5679329404595382,-5.2585,-4.585605886994149
0.4301782191472052,-4.8001,-4.446766664315595
0.08503561519764333,-3.6166,-3.552969036064833
0.35276433353209385,-2.2756,-2.037372783515627
0.14273197818116576,-2.739,-2.658100760550453
0.38321170862574566,-6.1202,-5.884051518141005
0.19242335946328076,-6.1202,-6.055123972600789
0.22117007483718454,-8.0025,-7.931283714377019
0.32721235000797344,-0.7765,-0.9931554675020712
1.363444884314923,-4.13,-4.990743443031054
0.9711701571919547,-3.91,-3.160167465861601
0.5190109031070006,-1.5687,-1.188144576735657
0.9265373609921906,0.2124,-0.721147594235308
0.3074422452246126,-1.7317,-1.862303054847429
1.2985615971085271,-0.6,-2.259725884563252
0.4779195655215374,-1.364,-1.849763833513418
1.0394680274659702,-3.8,-5.026526068963944
0.4823169838226701,-3.2671,-2.841547684903907
0.5981788721849421,-3.4929,-2.915901698616816
0.2579853325736232,-4.3079,-4.469702573390924
0.11764609487904387,-4.3088,-4.375479415396184
0.6973890775905283,-5.3889,-4.643395098727806
0.2646400257641567,-4.6828,-4.505160095940512
0.5933321356482293,-3.5076,-2.804600727015517
1.0558036636734969,-6.1371,-6.997015118560744
0.30133722475750685,-2.1362,-1.866795148485765
1.0118393698006398,-4.16,-5.320454046045985
0.35341490381446283,-1.6027,-1.274565987330381
2.182689238917392,-4.1075,-0.5838853213136855
0.32741540058116086,-1.2501,-0.9693836921260394
0.3788041374680177,-4.0,-4.241567734032195
0.10597294922573237,-1.601,-1.552500594113746
0.9265373609921906,0.31,-0.721147594235308
0.17079453930160432,-3.36,-3.318714697723957
0.16012050837530314,-2.3349,-2.165305181608537
0.47391243532745586,-1.7712,-1.242389409242017
1.7945776917897762,-7.5649,-4.798996767090587
0.15034624677840921,-2.7038,-2.589547056310711
0.10426324598146863,-3.66,-3.707654956451686
0.36361453268845834,-1.25,-0.9094889075809998
2.5010417840898653,-10.0505,-6.824444038296699
0.18123328841113648,-3.5878,-3.701065004092186
1.104458841317254,-3.1157,-4.775690247564423
0.4571529751317724,-6.2561,-6.220154174229253
0.40102351580116347,-5.0008,-4.661521556732252
1.2248366386555951,-5.7066,-7.106396475454041
0.2688359193777414,-2.2735,-2.390952704113988
0.7549011147139453,-6.64,-7.197994922651034
0.1074901918561197,-2.0,-2.089866834052268
0.15608062150121008,-0.49405,-0.3384164201016137
0.27140014049411865,-3.16,-3.308731639800325
0.809335336044578,0.23789,-0.488127270413194
0.14513501626007513,-3.7771,-3.682601407715263
0.12422870732014067,-1.41,-1.333299049092303
0.7606432874713254,1.1359,0.3155087537614147
0.5988592695146675,-1.8333,-1.703799840830473
0.33794270800305887,-3.561,-3.822483421369588
0.7818241029938531,-2.15,-1.319153234635241
0.2520401384974058,-4.4208,-4.193601488604132
0.14714756018946734,0.066495,0.2045133766515257
0.10607723172833403,-0.7276,-0.7179556587976086
0.5304213982363399,-1.1786,-1.787667307995661
0.5398306588090983,-5.2115,-4.679126739055049
0.4860038780232868,-1.6177,-2.126598700701164
0.20828697017906847,-1.6961,-1.613098904296643
0.8431421312549662,-2.5621,-3.337483297775531
0.7204671871308054,0.6629,0.1331357611497597
0.2719170827184656,-4.0562,-3.804425426904154
0.5798797367435644,-0.81441,-0.2079355642382105
0.6177841404792737,-2.7321,-2.036182442996306
0.521469094169021,-2.9268,-3.550453340410267
0.9395407513594216,-5.76,-4.787894911857923
0.15553793829185047,-3.5185,-3.52951978419207
0.20139456166548,-2.8378,-2.795205776202452
1.018815616640162,0.27206,-0.8345724769820857
0.25200160576332087,-2.4275,-2.391843115186028
0.8549152663612783,0.37025,-0.6823504739545247
0.38694655976320236,-2.8339,-2.545767646944444
0.7938494790423322,-4.5441,-3.592142745455242
0.15252043398839366,-2.6959,-2.714964719651715
0.4654891192863577,-1.4593,-0.884144208633488
0.37782567653146193,-4.4817,-4.793639693051473
0.6876017192007872,-4.5059,-3.8115925291985
0.21141892217634006,0.011174,-0.0706219654364932
0.5485005290520181,-5.7929,-5.340016239062889
0.28615948020149334,-4.93,-5.214571408595186
0.38909621694210317,-3.7599,-4.175662993556914
0.9275649153270193,-4.2642,-3.331052542857329
0.36662973611676203,-2.6099,-2.233273926509614
0.15456528882792786,-2.296,-2.272718586864105
1.1246652057206312,-3.94,-5.113835502211647
0.5172595317170766,-3.0005,-2.519744006772056
0.39833569131675084,-4.1714,-3.917565923801742
0.9206075195107134,0.85358,-0.3399213734649115
0.2464604007887811,-1.5345,-1.288012195706584
0.4502693620664164,-3.3189,-3.811284014551033
0.7317779600103355,-4.8223,-4.049171865804787
0.6692625928880619,-2.95,-3.564307906040795
1.4745253805352376,0.39,-1.860579732714725
0.5261937496055914,-3.4311,-3.745901138087398
0.24019820729829544,-3.7412,-3.664020401270863
1.0775894146154428,-0.69214,-1.986013966897327
1.6388241285092815,-2.4821,-4.743027295964883
0.3982032922026925,-2.9659,-2.555124594762333
0.1570179613661147,-2.2878,-2.24643539308916
0.16637548464795585,-6.826,-6.746029211547144
1.455203108251185,-3.8189,-5.668095258185653
0.7192858611470393,-1.5032,-2.428437719481026
0.15536366403200252,-1.1153,-1.173764863998183
0.4572114693171704,-1.9248,-1.466711582065601
0.47069688516290187,-2.0571,-2.514631414262923
0.5655938443507474,-1.59,-2.185340999257128
0.6480277813296554,-3.9513,-4.612435331272716
0.18985930541322563,-4.2385,-4.005270077383268
1.1870281667062315,-1.4293,-2.959064364683599
0.5421579285577064,-6.956,-6.4382477457037
0.10147994536269817,-4.5819,-4.599873019855488
0.28315127778509575,-4.5819,-4.682914816918734
0.28028963464990153,-3.1038,-3.299193268913638
0.772573093688226,-0.76269,-1.589191948595294
0.4408128619893066,-1.7603,-1.398256231875656
0.29106797374813964,-1.614,-1.892220322371305
0.3149384728295912,-2.5277,-2.201484004559808
0.22100079937411754,-1.29,-1.108594286837839
0.7846309717822041,-5.6167,-4.76415866474705
1.383465917597299,-1.3272,0.5652646572880535
0.6529533646449112,-5.1862,-5.307637697035451
1.017053158912839,-2.6607,-3.60287694344099
1.3642711215177896,-7.1512,-5.602274035286322
0.239614909814559,-0.19354,-0.1671638916449403
0.9177376339768233,-5.5785,-4.449150529373858
0.5510963281156269,-5.2274,-4.708645386496336
0.35462845966917017,-1.3189,-1.4760223327686
0.3076116602592187,0.33634,0.2558454647511893
0.47852429160255944,-1.2529,-1.516671362714046
1.4989147094369075,0.98609,-0.7073335572201513
0.6679672080428921,-0.3535,0.3468179482069977
0.1976116951787357,0.72661,0.5304593242918473
0.27367633066742797,-2.948,-2.888531916365499
0.9040606696118654,-0.086703,-1.055650518455237
0.25863141246413074,-0.028885,-0.0903591153475588
0.6784677754156989,-1.3371,-1.972077919342571
0.1988188872021902,-1.8,-1.675260692022789
0.4151426953968973,-3.19,-3.511584055822058
0.17270450652697883,-0.8949,-0.8660516197081829
0.13615768047026106,-4.4413,-4.450677939708538
0.7295357064743679,-0.015116,-0.9525796581420954
0.5929337561101236,1.6302,0.9585440375433047
2.943969019666615,-0.79422,-4.060991851064569
0.23554959017150637,-0.7574,-0.5492440659178941
0.526125265204578,-2.5301,-2.119178160398403
0.21239890194223984,-4.16,-4.150328243271096
0.34294207201162563,-1.3591,-0.9228725863937676
0.27672884883289456,-1.3679,-1.054457407345578
0.299630324216396,0.79305,1.070557771554615
0.5243548365357613,-0.1609,-0.3921113685801291
0.22577116586289356,-3.5673,-3.503467738673603
0.45025919863659497,-3.3606,-2.980007513349161
0.2923981884280529,-3.55,-3.230594681914884
0.49907259034907575,-5.0303,-5.480655190863272
0.5342295558417999,-3.9209,-4.306364951344253
0.2627859281320752,-4.5922,-4.619199821778866
0.2962958086125168,-1.2455,-1.190896724128698
0.6580229983610677,-0.49,-1.187569732385716
0.2676446249550727,-0.62,-1.000137790146115
0.45008095358396505,-4.07,-4.569286333969134
0.40299958875676667,-2.1307,-2.495169804183623
0.13980588576324396,-1.1621,-1.082809075681644
0.2407544817388868,-3.4319,-3.27507321974056
0.1536520840335127,-1.0574,-0.9440440007803326
0.5699949919517623,-5.1884,-5.80465781660704
0.8809210575536878,-4.644,-3.554424002234666
1.4734525343871017,-8.3341,-6.750758870685961
0.23080993996014493,-3.7049,-3.87641080348616
1.2401566834763675,-8.3495,-7.068262156227116
0.9498576024591197,-5.83,-4.80459608255568
1.1478579871213224,-3.2261,-4.531346000656882
0.6570473123267228,-2.39,-2.525399868935008
0.18212903522940593,-2.52,-2.657422282513439
0.2764527474610317,-0.6665,-0.4876772942656429
0.42142762910194853,-7.2599,-7.126632772623489
0.9246348215180116,-5.5606,-6.509961902071648
0.5529374370537942,-4.7025,-5.248017007747404
0.748128234362748,-4.8757,-5.284632688977752
0.41336048638616063,-1.244,-0.8865813415737339
4.517200807282485,-13.1457,-7.078635909004066
1.8763384846167395,-7.17,-5.109690070599067
1.4997699942576188,-6.0872,-4.735280447183329
1.7172834427710482,0.091718,-1.948826532727338
1.178348818417862,-1.6282,-0.3357389851581878
0.27558422027734414,-0.20711,-0.0635197643991427
0.1087103434715828,0.6088,0.5863874466949264
0.06339829177950533,0.38695,0.400013020189181
0.345755600115158,-1.2026,-1.500638783624445
0.14688188699116755,0.2485,0.2592461207933658
0.09361257204711045,0.40647,0.5179624840475645
0.44660397062005996,0.37856,-0.1130785956209701
0.19231859851723526,0.40866,0.6095734542612092
0.17388966185124385,0.26255,0.0499479297597292
0.2719924655781789,0.25154,-0.0558463826189909
0.11898351013024015,0.27712,0.3889144847582482
0.9732452543371822,-3.4425,-4.258428073396962
0.19485883248711752,-1.2026,-1.406768988879039
0.4393493568811005,-2.5809,-3.01442778419582
0.37204418482401563,-3.6322,-3.381583381307451
0.19408235024935439,0.31135,0.5223171810516835
0.2760706557785737,0.78066,0.6103430145021546
0.7241205490515276,0.36427,-0.4663481674199502
0.40311946987573305,0.23033,-0.1922165191863903
0.47547637608455806,0.35032,-0.0180320217377194
0.4586022787918466,0.17337,-0.3400264756175639
1.0054102695207603,-4.4431,-3.405103119725283
1.1701637287634483,0.35036,-1.088712372407016
0.293248684165646,0.34644,0.1933106734220928
0.4470034066215059,-1.7823,-2.289471033107236
1.7728721058901256,-8.471,-6.405187838003041
1.1338353643604053,-5.4822,-4.200880267171272
0.5383513594451509,-3.723,-4.217792046270871
0.6131637802700827,-3.8344,-4.552756720131848
0.6450585552575682,-6.2718,-5.49068302445067
0.6701082526539409,-6.2978,-5.711562128753405
0.23410521395211903,-4.3527,-4.216765654692612
0.21883765756148915,-5.4478,-5.475192505368816
0.8159279971386139,-3.0341,-2.029992266428285
0.5996460650535245,-4.0109,-4.63441477686183
0.6292399217337589,-4.2048,-3.734962549675863
0.3197228603147404,-2.3257,-2.632178648027617
0.1809961673735905,-2.9792,-2.901512772438621
0.8933637206861275,-4.0093,-2.883414692304263
0.5191868184352005,0.8123,0.3402911300376442
0.6426688007504431,-1.7271,-1.409898084051935
1.1228579118218402,-5.4129,-4.672648823125618
0.7343168072656348,-2.2679,-3.180869883470625
0.18839006040824058,-2.3966,-2.530963200874418
0.14687624728282994,-4.6176,-4.637639417391104
0.3608875141446266,-2.5686,-2.457819996346885
0.5418473005963896,-2.6464,-2.090347327776302
0.07548042495561584,0.3187,0.2835769345337128
1.029325159891882,-3.29,-1.967299104780972
0.28075807362796645,-1.3505,-1.51869467304737
0.30978691392788366,-2.2,-2.47900310439066
1.607204184966645,-7.1913,-5.831926830777565
0.03167988492026081,-2.59,-2.6053702794731
0.08775409658856892,-2.319,-2.246551199806338
0.8723498369228188,-5.253,-5.42610712522715
0.8154037641656301,-8.18,-7.260576447604973
0.774984207181215,-7.4325,-6.800049074831801
0.4751220215419357,-8.4,-8.188301175603222
0.5043837758906345,-1.99,-2.27897876064307
0.32157205732027677,-2.696,-2.418239669130865
0.8154037641656301,-7.9541,-7.260576447604973
0.24349483614858985,-1.85,-2.075847164395146
0.43347321803342254,-1.52,-1.947881916611119
0.8154037641656301,-8.18,-7.260576447604973
0.5178353131141367,-4.6023,-4.119557837361885
0.9025069611834644,-1.9118,-2.689634765197632
0.03167988492026081,-2.5937,-2.6053702794731
0.25580522867932604,-3.8513,-3.61778731939348
0.4023665938662053,-4.6182,-4.472391163956466
0.5775987315562411,-1.5961,-2.240585640840431
0.08775409658856892,-2.3213,-2.246551199806338
0.7474518495056088,-5.47,-4.61084177457827
0.4627997095415776,-2.1033,-1.919641846719354
0.549419808966735,-1.9236,-2.483686222437536
1.2267612571361297,-8.36,-7.315148555457457
0.5652766934379327,-4.4814,-3.893198352137394
0.4382449490374983,0.65153,0.2137688913598613
0.8354419629248127,-1.9156,-2.876258952212629
0.7003657349927128,-4.2782,-3.641979904972859
3.0074957632237953,-2.6595,-7.091258547626618
0.057156300179453,-4.3879,-4.34592485561502
0.057156300179453,-4.32,-4.34592485561502
0.34079839161640263,-3.0516,-2.795073980666824
0.29844843357526984,-3.1498,-2.993067442609629
0.816073266825869,-1.54,-2.32876629967311
0.3649712704409866,-4.4984,-4.224434887838488
0.752922867861609,-4.4112,-3.788287701884137
0.6635698729728228,-4.9447,-4.813859766620434
0.5451871257650063,-2.75,-3.180712238340038
0.28517454510294893,-0.5504,-0.7692362513195623
0.35194107589911255,-4.9641,-5.166899409392403
0.9139384397578937,-5.616,-4.608866830055224
0.5193481779130862,0.57144,0.0936210762013646
1.125675446907875,-0.57031,-2.117385728765519
0.2733583684259975,-4.84,-4.857082035519408
0.17476247803181877,0.26833,0.3319584482579935
0.5343255289997717,-2.56,-3.126275678641953
0.22713342003425477,-2.465,-2.300152029487265
0.3967295014969466,0.31033,0.0018771312822346
0.6938544239846541,-1.5988,-2.377282561393827
0.6574910594111582,-1.7676,-1.492532285817379
0.7690122901554837,-1.2885,-2.190925920754279
0.10605926310353908,-3.8509,-3.854036840272464
0.3545076344557828,-1.2883,-1.033743818493469
0.5712930356419471,-1.1185,-0.5037391201913302
0.1737990500097442,-1.7142,-1.622546581901896
0.6038199233785214,-1.8441,-2.619489333350501
0.18898659558197192,-0.293,-0.1865795284551122
0.21955184602154823,-5.0103,-4.852857655303366
0.25454227131432355,-1.8853,-1.727330019518047
0.15831216440480567,-3.27,-3.168480356005943
0.8947066423541062,-3.4758,-2.22510803885633
1.1933886871425161,-3.7562,-2.664120411864761
0.18560994319692375,-4.4791,-4.463368063573718
1.3877056537401862,-5.21,-6.73827763511139
0.4606108671031076,-0.39284,-0.132936296140522
0.4070239823374559,-1.6926,-2.068721028815334
0.37594243138729183,-1.7718,-2.030804617520434
1.7956304501907818,-7.5414,-5.282176002534396
0.5320786638400443,-3.4973,-4.031659731071858
1.0598415797195784,-3.7372,-2.514034551938829
0.6156630148303085,-0.42623,-0.9501998146045678
0.7828562976046634,-3.82,-3.054109992669773
0.18644619738308876,-3.4813,-3.429335116394317
0.5011616189423341,-3.9548,-4.517632000015385
0.6981668362109801,-4.8,-4.079040607732254
0.06912707243908957,-3.1097,-3.171446949433915
0.3363982610109708,-4.045,-3.746697428857236
0.7690759840579702,-5.27,-5.945109844272462
0.7688911786542206,-1.4341,-2.095751862173267
0.5904369195755281,-6.7013,-6.069857146275375
0.7461571237030517,-3.02,-3.078314688636247
0.7119193363859564,0.079871,-0.6401156105297952
1.3089422360327614,-5.783,-4.118762035891832
0.35956164645910316,-2.9754,-2.656719354901134
0.5663137217366986,-4.8806,-4.39058226831694
0.3522235201347042,-3.0783,-2.88050496455494
0.599225301561301,-3.558,-2.919188410796621
1.068360424773188,-2.9549,-3.672895239048194
1.0515182973566979,-5.5375,-4.12972295258434
1.6553583921617447,-5.3066,-3.52666873873106
0.13107466156151013,-3.7919,-3.814938243514654
0.8413947503644046,-6.6262,-7.355742382227088
0.060891943891702,-7.3209,-7.251727892953263
0.5623600570350213,-1.4854,-0.8704812090232554
0.2194869291493494,-2.6777,-2.614681014674891
0.2654709637799265,-3.171,-2.885046842377619
0.8113094748966259,-2.5738,-1.713723169108311
0.781371421255973,-4.245,-3.565698511366082
1.0943006411487068,-4.245,-3.079790988774146
0.24262889496010642,-3.98,-4.094023270121125
0.5205094143113712,-4.48,-4.891125823073605
0.31355240595133455,-2.9309,-2.678169874828309
1.2949596716243983,-2.3,-3.918298079561842
0.6551933332825086,-2.0511,-2.784250803420272
0.5975852525199093,-2.96,-3.609934200526476
1.6959124673519161,-2.3001,-0.2072719286662345
0.5968032078744815,-0.95847,-0.280016845302386
0.2820814080171341,-0.38876,-0.3914197776712784
0.5061433253540555,-2.4461,-1.944187692753794
0.5255404218391515,-0.73627,-1.252889144050945
0.3519196848267169,-2.5587,-2.200703063123923
1.0415130555832954,-2.3471,-1.420328524908915
0.2880916773568304,-0.74335,-0.6272373367404867
0.402810972786902,-1.7689,-2.119481688038889
0.09738765837266936,-2.8713,-2.816767056882048
0.6938972628789384,-6.8078,-7.401237593167211
0.21445625197508814,-6.57,-6.623577225741462
0.2117075212142817,-7.31,-7.414940775615641
0.4306117857602558,-7.343,-6.924264837927096
0.18030003631783145,-5.8786,-6.009283417291197
0.29901316888731244,-2.09,-2.282342046342817
0.5163411660845456,-4.0,-3.618356082776875
0.49552967513052765,-2.9564,-2.426224854083141
0.9870425240233169,-7.9811,-6.71236076060885
0.31004054560057115,-1.26,-1.368792137294241
1.030188758214652,0.134,-1.156432379045141
0.5079644701657153,-1.1833,-0.778112786518389
1.0932539685601532,-1.1833,0.1575829764725933
0.5171277981541827,-1.2019,-1.7501724854511
0.6164842309532557,-0.28108,-0.89981288848655
0.2574165147471835,-1.6471,-1.861602922207784
1.5072206805998654,0.64592,-1.104475334668616
1.4954816993873643,-1.3827,-3.0489168497733
0.5057918194906087,-4.0,-3.600017728143386
0.2795165506971321,-0.65268,-0.4227000153590403
1.5914540755085478,-4.79,-2.865427559945172
0.6374322884862542,-5.09,-5.652068709519699
0.6491780837678566,-4.4011,-4.005580713717582
0.29841817684584354,-2.6559,-2.52067614658853
1.449912821464284,-5.04,-6.577459622100419
0.7707676149907785,-1.98,-2.854436210263386
0.18629443952064545,-2.8032,-2.908943320091787
0.6292653963331937,-7.8012,-7.516537194365109
0.32866245963817803,-4.7018,-4.454426670342951
1.5605885448090304,-6.1905,-4.326806621131111
0.9624955806680464,-3.6696,-3.463658948661686
0.6484415029258119,-2.7848,-2.128097935106093
0.6456486061689652,-2.3565,-3.136075473651922
0.2554280894891613,-3.1082,-3.213206608291283
0.9144386590094445,-6.6217,-5.800067927420681
0.4567764874489444,-5.0106,-5.349240279926822
0.14402283974865587,-4.4198,-4.526647678600705
0.13444055695270443,-0.7824,-0.6943766781160847
0.3724942733891834,-2.469,-2.097636538108083
0.23741999942977215,-2.1085,-2.243657667946202
0.24170422569425995,-1.9549,-2.118159394724473
0.4964488812302879,-2.6939,-2.154857262454173
0.837390306734914,-1.4396,-2.194235328735161
0.627684065801951,-6.1673,-5.463927950355193
1.2588289885650064,-2.8206,-3.848113586607695
0.1497127036975164,-2.3527,-2.229920973290265
0.6544552511262581,-6.4881,-6.181295843658257
0.7297324344818291,-2.0813,-2.670959918563083
0.23409517460328297,-0.5394,-0.8106489234806731
0.6722485510885449,-5.18,-5.298961515010875
0.09269210336502005,-2.1004,-2.065598809016728
0.6063859442696351,-4.1444,-3.541759574727452
0.4262665587064539,-2.1019,-2.06688010987704
1.9251081004693724,-3.9055,-1.388731369091708
0.39664564652860707,-8.06,-7.634826696100699
0.6142772374760831,-8.18,-7.439589105932059
1.177570221722688,-5.7685,-6.923730964772465
1.0807731401778322,-4.1476,-2.729996545023629
0.3864003633164215,-2.0788,-2.215885849603089
0.17241846730731875,-3.6604,-3.759574006030167
0.23926559547174783,-4.35,-4.464971798675307
0.5023930399546875,-5.9592,-6.284541573937428
0.6625699950985278,-6.57,-5.889825713413812
0.27453748842717574,-2.3457,-2.186368645217992
0.26632688617393147,-0.29707,-0.5514858047315652
0.21751182838895805,-1.0569,-1.210334958121367
0.4756187986128537,-0.93757,-1.378984662498479
1.266359350096862,-7.6229,-6.056445058975261
0.4082331215283962,-5.3889,-5.077772872005193
1.1558929758810157,-7.24,-5.76019962052329
2.4901314953201243,-9.88,-6.384157055332562
1.0829205881536041,-4.3901,-2.981999528549162
0.5886559224084812,-2.0496,-1.508192203047005
0.8535107734366543,-7.1342,-7.794650754568517
0.8799709672829661,-3.6276,-4.249608493106773
0.9253556569288621,0.37637,-0.6474950402542
0.09695271077089776,-3.023,-3.042708569516169
0.21526283008342187,-0.07,-0.0171546764415134
0.94175776197659,-5.8168,-4.654620429571334
0.11461516697755209,-4.8401,-4.816376631814993
0.07846388038525277,-3.4388,-3.368397822731933
0.18449668548509776,-3.8043,-3.633535831030313
0.18024764780853123,-3.2861,-3.094286138285468
1.464649330308672,-1.7295,0.222325185174165
0.8963901986151981,-3.8,-4.440702930018303
2.4147777702105104,-6.9397,-4.304640612888681
0.4142355307243657,-3.2113,-2.937672192000997
0.6766931892190571,-4.2,-4.793997764272405
0.7358566495850316,-6.3768,-5.608377489302208
0.7361394682196127,-4.7862,-4.004437495488967
0.21758200678694575,-2.3773,-2.303784418615459
0.344885327983192,-5.613,-5.265997117295402
2.22548595790637,-7.59,-5.526942854845037
0.4915965929309548,-5.39,-5.091505993150525
0.40045664818061283,-1.8698,-2.387930057740187
0.23215230570909917,-2.19,-2.005242625678942
0.2553781107054737,-2.3948,-2.262204980491392
1.2800548403811243,-4.1953,-2.491150731381221
0.26218564115550574,-3.6646,-3.51849915081043
1.7684834444015294,-3.6478,-1.415652841456007
0.9240914494559002,-0.9034,-1.819985275685831
0.33592064569932994,-4.4129,-4.292031693350642
0.05842812313060405,-2.5282,-2.488407955032918
0.4821310396796267,-1.9763,-1.924357235539539
0.28965248149458833,-4.205,-4.280839236353661
0.44291020994719704,-4.4601,-4.275848835576046
1.3837313190091312,-7.21,-5.613885828410024
0.34082082857877505,-2.9864,-2.650874366356968
0.492932262514722,-3.9409,-3.729006768928744
0.2473438887991728,-2.97,-2.743610353798056
0.49030937027133603,-1.1823,-1.835528905111616
0.6484792884200321,-0.8243,-1.517409761714306
0.07355904460127552,-7.0603,-7.136260269934128
0.19340816971664257,-4.8444,-4.719445991150062
0.36265255039596384,-6.076,-6.127558218747001
0.2036755868267975,-5.3255,-5.290125801882267
0.5847462368443941,-2.5888,-3.282576932030516
0.18683579644599316,-1.428,-1.502512676751095
0.15288404659552574,-1.1957,-1.235557508602587
0.2651304638528443,-3.7295,-3.960698304919394
0.24681241089280634,-0.13738,0.0640877490650788
0.15011719786363623,-3.3332,-3.471449593656784
0.1914614976808436,-2.92,-2.752124645284263
0.35380305732505624,-4.6407,-4.34114323092192
0.13567593216325657,-1.54,-1.385734147618602
0.2754124760544009,-4.24,-4.049160375900465
0.2500145258118305,-2.2199,-2.426823289411466
0.1993278918157075,-2.277,-2.087128114865483
0.6219720679475861,-6.0177,-5.339290409007091
0.22401735815970233,-4.62,-4.821461147276802
0.3231553191377982,-0.70307,-1.022752899393026
0.22695818560778985,-4.1684,-4.286990070018201
1.0141281150520185,-3.77,-4.869156088418199
0.24325550533398174,-3.937,-4.232635723804097
1.5174464399150054,0.30429,-1.647304971922333
0.24838320879553374,-0.74361,-1.014967620911056
0.15840560757912406,-2.0719,-2.126988130071978
0.46176298470168353,-3.98,-4.526335278125348
0.3830832616138656,-2.92,-2.593659920395783
0.13232004823925247,-1.5785,-1.514223500194328
0.33038693177369793,-2.3181,-2.055634371927989
0.3072240802806498,-0.91,-1.211130724599804
0.18580568370505138,-1.3353,-1.537760524025807
0.17778458551945422,-1.62,-1.540681761639158
1.471701494251018,-5.5486,-4.193335926940215
1.0945025984897283,-6.5356,-5.212717894017358
0.5022361545332462,-3.163,-3.600517930495531
0.7788525277905077,-3.22,-2.217994102077428
0.9958323218048755,-5.3495,-4.169113620796007
0.9279994997163279,-3.3976,-4.422027816565977
0.5007678983291168,-0.7894,-1.392667930060694
0.21001013616993952,-1.8009,-1.829374656504173
0.1864283954300184,-1.19,-1.408663633224718
1.755418042795144,-4.3488,-1.875637409387013
0.05396528016945202,-1.395,-1.375320800438893
0.21089934993494527,-3.15,-3.252559121947053
0.07706258404584171,-2.4495,-2.500094111606364
0.264571788368242,-2.1216,-1.91923481133258
0.06965681491020857,-3.3468,-3.358301651214635
0.4128733215920921,-6.0892,-6.431555541580751
0.29873234618241573,-4.62,-4.526033218795305
0.5873528612774822,-3.503,-3.00115625575139
0.57201170956603,-4.16,-3.57485232025777
0.759731118953717,-1.9428,-2.507343713889152
0.44425165045421794,-3.4875,-3.252830420878023
1.1231713014470368,-2.567,-1.511280372838584
0.5495442602788329,-2.9543,-2.366232478142002
0.45917354280431544,-1.9169,-1.480907007160353
0.4459995889401117,-4.4503,-4.158888194168094
0.57137779227137,-7.3213,-6.839022489965792
0.7393152610624675,-3.9598,-3.0860158101042
0.40450733636706276,-5.47,-5.190721102123858
0.2214634696026902,-3.93,-3.885633428322942
0.32391111707247894,-2.438,-2.132505745182129
0.8632683681168397,-4.1154,-5.001686655562843
0.6272227915607915,-6.825,-6.009353713199188
0.5702232011386915,-4.5,-4.829350337999115
0.09185966320545574,-1.2309,-1.207804667430596
0.6280113550279653,-1.2223,-1.63271338274141
0.15599376173818094,-5.4466,-5.371477745393355
0.20083544930356947,-2.2614,-2.355044523560331
0.49462003296513857,-2.4172,-1.897262165045369
0.05422643933330317,-3.0034,-3.023516710488741
0.1971035805883295,-2.6606,-2.733954790519881
0.6342328061713345,-1.8713,-1.13861715999038
0.16525414780332578,-2.5401,-2.661975192828972
0.28879817429000665,-1.5789,-1.840677820535262
0.06805709650750658,-7.0603,-7.102925066092936
1.093685250404235,-1.7362,-0.6519021842537773
0.14962229707346217,-2.7278,-2.636047904606055
0.30871627348282493,-3.4994,-3.897751922654886
0.18201641308624747,-0.13738,-0.081551445679068
0.15407183240708344,-7.6288,-7.507377684773961
0.2563433556087284,-2.4859,-2.375032445925061
0.6068772010984944,-3.2855,-2.603513344268665
0.4740208377651459,-4.9113,-4.449868720850823
0.2393710721941796,-3.6822,-3.782000991238198
0.2724431351068446,-1.2664,-1.4170523133989
0.5453895226158328,-3.2621,-2.711203442993003
0.16648475801926196,-1.3462,-1.355777661785281
0.37136226026108843,-4.8836,-4.646621335693935
0.27023478505774107,-3.4146,-3.098926349247616
0.3483422628707251,-4.91,-4.75236786099164
0.8159326833131634,-5.15,-4.337807506726655
0.2297421669199026,-4.82,-4.943670403899995
0.19423218044455295,-4.88,-4.940087413491043
0.45011375396110687,-4.88,-4.52293808577568
0.27749211186401473,-1.3371,-1.528171116747
0.15333122916378195,-0.77221,-0.7328879866301665
0.054128424620728886,-4.1727,-4.154618006334045
0.4176640321199539,-3.8448,-3.331890013675993
0.08418818088589138,-4.6262,-4.695147377716821
0.41830616131967074,-6.1248,-6.359131188079681
0.5659935335625852,-0.388,-1.160855373365018
0.389474098386015,-7.1774,-7.018822577168094
0.39951810510799574,-3.85,-4.095199506379094
0.2540099489785812,-2.6606,-2.720586805663895
0.3351351795389905,-0.98173,-1.223702039287249
0.21186202327772755,-1.2802,-1.065192400882269
0.21051715848957472,-3.3,-3.053040009809087
0.48521930764380256,-4.9172,-4.48495907525548
0.4797344692472636,-4.3487,-3.965207910406958
0.17176303798524054,-5.85,-5.772907186090635
0.6077211763449873,-5.0213,-4.42950700204038
0.29854979984933366,-1.6059,-1.805923318873835
0.7994848427649411,-2.07,-2.825917990093312
0.7311091324991241,-5.95,-6.65732039356563
0.21767158523567964,-2.73,-2.612966305920609
0.07643631276065191,-3.4324,-3.395234221176253
0.04028335499127275,-4.1727,-4.168434768684817
0.6001013355300648,-3.9417,-3.268457285708141
0.9764704711241207,-3.6391,-4.86560015545446
0.8045512501069564,-2.53,-3.544141695010117
0.649083947415929,-1.8422,-1.170463397628609
0.8355002313647993,-3.5339,-2.647555804396774
0.5710536355970557,-7.2186,-7.504660315704251
0.3062661565057757,-7.5632,-7.5764448186408
0.5925036688460389,-2.6263,-2.018257904130519
0.3461505707599731,-4.7499,-4.53280296134331
1.1567601806504424,-5.06,-3.520442669640605
0.23450534117591315,-3.1392,-2.984891789381028
0.3811356351339942,-5.2569,-5.445459264429363
0.25073206709567036,-1.4606,-1.66632488954164
2.166059197658075,-2.0031,0.7626948064733687
0.19337758347231393,-2.6579,-2.457166234897582
0.4341576189135331,-5.7439,-5.645843056392978
0.224692873178541,-5.2535,-5.050745936428171
0.2602542110904545,-6.1035,-5.983026812188419
0.6371256982276353,-2.2486,-3.17329404008951
0.31125151162501874,-3.6575,-3.333205976332733
0.2989451260647058,-4.6006,-4.370866281246578
0.11899206203671805,-3.3746,-3.443374115696183
0.4208810450300669,1.0309,0.6024834739495466
0.36124765393818314,0.1578,-0.1870511993323075
0.25525806582225363,0.41667,0.2053449678030365
0.3504683530679398,0.44705,0.0198051796985135
1.268732554855099,-1.73,-3.331403360284595
0.11557538240592603,-1.9322,-1.862217876653822
0.11748086050723286,0.023,0.0471363083615754
0.3942532091564596,-0.25228,0.1464609779293505
0.571968739518434,-0.46616,0.1975728019427866
0.7501560086647555,-4.1,-4.922544620797404
0.6388052596257812,-0.42,-1.214839202598141
0.7223359295875611,-2.3682,-1.435604623894649
0.60457187326695,-2.4461,-1.714853495752342
0.6093470433467233,-2.45,-1.745897449517309
0.2193653903530395,-1.56,-1.686226540235612
0.37749018401381923,0.025,-0.3826651143967051
0.13549526240329793,-0.06575,0.0192274038054674
1.098277565058646,-5.08,-3.783975822076278
0.27139080726575876,-3.8354,-3.601711741815787
0.5505522781625626,-2.2219,-1.669726336972161
0.13780193335419924,-2.8391,-2.849092349555894
1.3807603091161402,-3.9893,-2.129171820448859
0.7154884490249145,-5.34,-6.073697657338213
0.4251614755293431,-3.6937,-3.258720155419685
0.3813516595018798,-1.3679,-1.8176393566419
0.5924280434764375,-0.72761,-1.471409423271623
0.5035868822110668,-0.72761,-1.327959883912362
0.6618408183294,-5.4899,-4.925903115175634
0.8999538408608693,-6.0676,-5.105176005601519
0.5422479972784047,-4.7689,-4.399503078823175
0.6969732512389152,-0.41,-1.10208516545379
0.27203638387926105,-2.8391,-2.665166975951755
0.646418928790676,0.22068,-0.3069479951226718
0.7944664413973276,-2.2463,-1.531364652556978
0.2868953417632069,0.31675,0.2583034610485736
0.3099506868245692,-1.3163,-1.233145152740571
0.4777485942392309,-3.8016,-3.27274513273851
0.4974765633242675,-3.15,-3.5223131114214
0.8862450410628219,0.17347,-0.8982808812780205
0.26780665710513757,-0.32456,-0.3819521482063818
0.18366735844301002,-3.38,-3.393595322755451
1.9206158050503046,-2.6514,-5.423447704996326
0.8675480908882724,-2.2219,-1.206611500976987
0.7219653402261941,-2.0464,-1.491523028749035
0.14479705715237107,-2.6652,-2.719764894752588
0.26485448233205466,-2.7664,-2.961711615293691
0.41575781018776775,-2.4589,-2.824489416580063
0.5685529596019716,-4.5087,-3.9705978269369
0.4475469032208031,-2.2544,-2.585781041930392
0.19114293918010605,-2.3971,-2.279102678232151
1.0891042589046673,-7.33,-6.023176583242992
0.4071677749030252,0.5946,0.1578205460532479
0.1587307762622524,-0.58416,-0.4480222944396021
0.31514585253580296,0.71642,0.8709894270073557
0.32239964279147415,-4.1072,-3.84064503489122
1.0634579786523854,-0.47364,-1.862867004880556
0.15178526627203628,-2.1065,-2.058505118501511
0.47374688297546796,-1.4505,-0.968787475449743
0.5644621731912828,-2.1299,-2.746660873742933
0.22294370859993184,-3.5698,-3.422504731429679
0.25049349194952436,-4.5485,-4.642444547918116
0.2934626262799365,-2.8514,-3.012396569296307
0.8990512206502725,-5.5615,-4.570550917254264
0.28210908434026605,-5.976,-6.06996452689552
0.3882626142254644,-6.329,-6.265078274066529
0.8608190556393283,-5.1606,-5.780650350951069
0.6081764862542923,-6.7301,-6.430958471132534
0.33430423897618866,-1.3986,-1.09177619036812
0.19007220333840588,-0.90946,-0.8059334578103541
0.7245791256328056,-1.7124,-2.519036854942671
0.3338518686941771,-5.7162,-5.480726985260258
0.2834139340600297,-2.7965,-2.961865009466853
0.2565952428487256,-2.6592,-2.879207570920984
0.7781189827784573,-1.8263,-1.016702325178339
0.13300343563667213,-3.7668,-3.664752143089517
0.2593065440059193,-2.7745,-2.732965498277628
0.0723878344480364,-3.656,-3.730910697940569
0.6442560739350303,-2.81,-2.189475173291874
0.25312035843864267,-3.06,-3.214992205611723
0.9687319870450979,-2.14,-3.375694810948179
0.2789590363417608,-4.53,-4.252051320952781
3.854516366946554,-1.6436,-6.594810283695397
0.39549835672451694,-3.8632,-3.571570421085662
2.299881292580193,-4.5611,-2.004991380390318
0.6031496462891335,-4.5588,-4.010096789388447
0.18591725654942245,-2.5194,-2.55813654446792
0.5179528024226377,-4.0402,-3.464288423807758
0.4520214462823198,-2.7129,-2.338249664754963
0.2603424781385418,-4.1365,-3.894325141996477
0.8367081058491282,-7.1331,-6.20581435206048
0.7296423965638437,-3.0665,-4.025766481147564
0.31335547803559216,-2.7802,-2.491352153086077
0.491977862258301,-2.8701,-2.222913709699135
0.4368442726109237,-4.99,-4.550911673449151
0.33957689667277985,-0.6916,-0.4176265950369916
0.2581153974307194,-2.75,-2.552085559670128
0.2664022850300268,-2.8575,-2.87593124221015
0.5478029242179072,0.7315,0.2072656254620646
0.29201565419061554,-4.2595,-4.058514809527699
0.19488122086606993,-3.71,-3.776671958165265
0.5632869052719868,-5.48,-6.148949027843954
1.4860774948885154,-8.5459,-6.693551413826373
0.5237625792650471,-3.9652,-3.494156571041193
0.1880277198014665,-3.2586,-3.156002987448794
0.19952993328576887,-4.23,-4.400777354431273
0.13251787522517358,-5.48,-5.388434763501421
0.22453151727691928,-1.0843,-0.8494943497359935
0.29475281030800415,-4.49,-4.737795952255095
0.43982483256573046,-4.1004,-3.782895113087778
0.5602067126672045,-5.3694,-4.752475840128241
1.0546282411738996,-2.716,-3.443959711659744
0.09162280756146128,-1.6106,-1.58565619173454
0.23377358441087168,-1.1275,-1.226763286617658
0.6178641770648484,-1.9734,-1.320089602015434
0.17987362705828752,-1.2713,-1.471126188637077
0.4540743572583652,-3.32,-3.775663907171594
0.3387420226715059,-5.1,-4.765591375584147
0.45764464411838773,-4.46,-3.856879390397443
0.38083035396517106,-5.0,-4.669097146466987
0.3555721408260099,0.52,0.0334723815625143
0.018310022960605903,-4.2808,-4.2932920025489
2.69963984638411,-3.2704,-6.235496535340721
0.128887509064889,-5.155,-5.012168317550852
0.3902855911051722,-2.1256,-1.802696911258108
0.13849706043920135,-2.6126,-2.484889504873715
0.4736433316398231,-2.1453,-1.665237171125117
0.2514783185203527,-3.2355,-2.96008312548187
0.1773138999498708,-3.523,-3.536822008474604
1.433617563239638,-2.1791,-4.115364365687417
0.40532210711271327,-3.8403,-3.395384181526858
0.3659025276378767,-2.0124,-2.346434800546753
0.03872465725032802,-5.6,-5.570082132432104
0.04391494283934172,-6.203,-6.160859462419452
0.9515621406203099,-6.1639,-6.961089452344551
0.2013897418095949,-6.2635,-6.274082385114093
0.061225651909946915,-1.9813,-1.96010551602295
1.108271759916388,-1.79,-3.035753791446505
0.7985296470773922,-1.5369,-2.518591859631287
0.6841171369202559,-2.5719,-3.349211903543122
0.6726284774237038,-0.35162,-1.202931079716522
0.6769591845321337,-1.33,-2.0748176087829
0.6228494699360071,-3.1727,-3.990466409943673
0.0944739979244845,-5.1286,-5.074393363108794
0.3108018077777488,-1.96,-1.576681509366614
0.15048941082483136,-5.84,-5.80576572732347
0.7629549560761179,0.17979,-0.6923337907869057
1.0309058442703916,-1.428,-0.2148613767263888
0.7383443022989162,-3.5358,-2.606910181976636
0.5460406658913176,-3.1255,-2.522961971107154
0.18824709843019583,-1.6322,-1.722123076969716
0.4717405365190902,-5.7169,-5.324277266358719
0.13861193991140242,-2.6126,-2.459562939408101
0.7783465627547986,-5.79,-5.226375366701692
0.1737252898542757,-2.2568,-2.160871955104036
0.4073237681269852,-5.8694,-5.394507910880535
0.39032684692163433,-1.4893,-1.931880138596259
0.9070744584857738,0.8723,0.0166780020536329
0.44358719841382716,-1.0763,-0.6674651387808581
0.5622096490391201,-0.86082,-0.3435289534562095
0.35126755116048747,-0.8608,-1.171211025564436
0.541120222828652,-0.5918,0.0581781824774623
1.1383184582222454,-4.0,-5.675747951403922
0.29045107052728814,-0.84497,-1.25452431490138
0.08908439084312128,-0.7013,-0.7572704947706357
0.37021923359933817,-4.0658,-3.708142685420015
0.2406549448908494,-0.9481,-1.142824478466937
0.16464048488612804,-5.2878,-5.382908122814702
1.0271364380356252,-4.6994,-3.457340221829801
0.4163309809324221,-3.4399,-3.101533633070233
1.5365780320260738,-1.8999,-3.749244877842957
0.2715763595956725,-1.5,-1.458806143082879
0.4346675892023964,-4.1871,-4.771983911795364
0.3232266528413974,-2.6848,-2.412054769665215
0.17429349112137665,-3.36,-3.587996019984073
0.21050471028331852,-1.11,-0.906726145561498
0.2715763595956725,-0.8493,-1.458806143082879
0.43821972721145747,-1.5213,-1.440933811268189
0.21361470410916567,-2.7047,-2.862199362407411
0.49733033122716963,-2.145,-2.741621475086645
0.2171348850697658,-2.8322,-2.904185642267353
0.327063143518019,-3.4038,-3.620643395729361
0.7680660174110716,-2.405,-2.676410604304921
0.5772385205165184,-1.4797,-0.927740917065864
0.631661710026409,-2.8668,-2.272070082884789
2.071708048101857,-3.93,-1.0295714985218
1.0354643222883062,-1.1057,-2.464136208764705
0.4095432821617488,-1.9947,-1.568755744757828
0.21060372899193475,-2.31,-2.414662762306944
0.7445518468872244,-4.3864,-5.203673336595829
0.855535653779689,-1.8367,-3.001710639912459
0.8863029790798302,-3.0843,-2.25626295557969
0.40932916394685015,-2.41,-2.084003666371852
0.1569652322554929,-3.5131,-3.511541397698014
0.5450619181016472,-3.1082,-2.730128364066847
0.7415298494317294,-7.9688,-7.426030112430258
1.5248287382335461,-7.9688,-6.348985964230156
0.2416321133713331,-1.0785,-0.9431952234262546
0.13501799356578614,-2.7664,-2.79413167513389
2.524191582444768,0.4,-3.239729366462039
0.7998078206589869,-2.5852,-1.493771210412969
0.8182544502147049,-6.07,-6.202312756581196
0.6959899065296906,-3.912,-4.610198778097093
0.26436024366635935,-1.608,-1.830351152050245
0.49936116553557924,-7.1331,-7.470448905725566
0.27996002769301276,-2.8867,-2.618556684038973
0.48099542351465496,-5.6929,-5.801079367850812
0.6270058652630904,-4.9083,-4.231576966318474
1.581114066127249,-0.75863,-2.446518013646193
0.4266799734283232,-3.8087,-4.16948168536484
1.090054577894155,-3.0907,-4.451977219339153
0.42953502882221783,-3.0907,-3.38006123192812
0.595138361400646,-5.628,-5.312265248168605
0.1108078520062679,-2.52,-2.541852326435186
0.5970280191400112,-5.6199,-6.187333314118312
0.4041605537914845,-1.0043,-0.5347023042909267
0.5381824994286063,-2.3386,-2.914247221398841
0.16903191902241724,-2.5544,-2.484972597302246
0.6757464259530398,-3.2625,-2.887224446373736
1.0099127075930538,-3.1324,-4.196613803927822
0.46192123535092283,-3.2861,-2.802583890835778
0.06625842491854347,-1.4735,-1.483026256250187
0.24763572910104695,-2.2514,-1.939683096408785
0.4902722206159384,-2.7313,-3.265029307574356
0.27773946474940464,-3.1603,-2.934165177821503
0.28787857993951105,-4.17,-4.50142449137172
0.19802765425478333,-7.5826,-7.386872528386429
0.27639232157207366,-5.0511,-4.852616382394711
0.5040189957926403,0.51,-0.0355952996848036
0.4573649733377178,0.538,-0.0225822485835885
0.5589167653214193,-2.7964,-2.244976543357213
0.7340430218540692,-0.061305,-0.8025168393512022
0.30238712474743035,-3.929,-3.847331736123166
0.8805083679224004,-3.04,-2.038999280329397
0.8234652287465996,-4.28,-3.180687144393946
0.7277980577184371,-2.93,-2.196205533253265
0.5888083012383921,0.44451,-0.2167565390445121
0.3320303992195619,-3.4,-3.096591669532023
1.2995282558596424,-3.92,-4.817829938270194
2.085381010151798,-2.2,-4.259376787653066
0.43164776674131305,-1.747,-2.231816304669891
0.2618242637318959,-4.6847,-4.964658773133754
0.23034396131857326,-3.7669,-3.978160896148923
0.2686270267128851,-4.1767,-4.301707206035564
0.20294326202953117,0.2919,0.2498821673317481
0.683142009676351,-3.275,-3.861494745504391
0.04725724275177237,-1.7204,-1.72407773357721
1.1184513494603567,-5.2382,-3.433290740141442
0.20323173686101215,-2.2372,-2.058405900346502
0.48917384563549854,-5.3524,-5.732493194826557
1.380695794240076,-6.8524,-5.143937996085462
0.07672527106062872,-2.2372,-2.251123698114161
0.7991706540655489,-3.27,-2.362406990679987
0.15179572123044535,-4.8,-4.737143089635989
0.848100709308412,-0.32,-1.429368795053394
1.9824780022600867,-6.8543,-4.657273142452411
0.46000289093655317,-4.1359,-3.72313354397576
0.8602084173709507,-3.14,-4.292546036223579
0.26581347816300943,-5.1426,-4.969470484334908
0.4132306987900221,-3.83,-3.393926052670436
0.31103412529899693,-1.86,-2.167866681965744
0.15826696384019776,-2.95,-2.986648452270266
0.11881219574194261,-5.791,-5.780173441381257
0.20636334433223735,-5.585,-5.397439552583735
0.12431471307041074,-3.215,-3.152146884449253
0.708285567898314,-5.6221,-4.858899561995674
0.5385389853076072,-4.5857,-3.958139170258729
0.05411420542345874,-2.6535,-2.708188499645097
0.11216565438229978,-0.99065,-1.118091374894586
0.23845869355673233,-4.4503,-4.520571892388342
0.09645787594532372,-2.6126,-2.555118808582643
0.09482957837400394,-2.123,-2.018028675838193
1.0793640192407197,-1.4371,-2.947698693825041
0.17429349112137665,-3.5109,-3.587996019984073
0.11257032496717648,-5.132,-5.029934717169199
0.21050471028331852,-1.1113,-0.906726145561498
0.5481992428146621,-7.0987,-7.370937299115699
0.5917794559139101,-1.5,-2.174337194829728
2.3132805296080385,0.96426,-2.780836198828283
0.05363629037925808,-0.125,-0.1182564988157116
0.23479545234858035,-2.7359,-2.805788576263724
0.4114880253842362,-2.648,-2.933463449505879
0.28576935135376996,-0.5413,-0.8490718571280418
0.07149427775944985,-1.9079,-1.837656280553488
0.43845025661067355,0.98234,0.4373763516954349
0.39995909827130055,-1.4504,-1.874571785980922
0.3159919043283578,-3.493,-3.186591128468598
0.3280633181881955,-4.0283,-3.651321573074044
0.046816027741191125,-1.6,-1.659576454008462
0.40437957615278386,-3.5842,-3.376285235115533
0.2970146361806426,-1.71,-1.880619672430577
0.47684174268974194,0.87538,0.4159689453560325
1.1405990441405722,0.65381,-0.6970006959598888
0.4732927183550866,-6.854,-6.375392214594602
0.15548242281053695,-1.1626,-1.13460026055541
0.20153378795283364,-2.0107,-2.084197554050965
0.20519574473656504,-5.3844,-5.353159669120783
0.20811970771811364,-2.8732,-2.908977454129881
1.4800872735898312,-6.636,-8.21887919284112
0.17009958482177168,-2.0276,-1.883716417305642
0.31259492189666227,-4.74,-4.399347829545952
0.14774131432637638,-0.57345,-0.6224360105099463
0.3086017582407094,-2.9206,-2.691712529053912
0.2391757258362926,-3.3075,-3.155612782271828
0.13177766980027752,-3.1495,-3.031687179854802
0.5751308379965172,0.90618,0.3288927316592106
0.2826196382000829,-2.59,-2.256646267263992
0.2005643559782602,-1.8414,-1.658580771571357
0.231251416100318,-5.11,-4.830137706421466
0.2848208234035369,-2.16,-1.998386380170084
0.12412264278384055,-4.71,-4.892566594970636
0.6872165993390551,-5.889,-4.999121864732636
0.12731074260764827,-1.35,-1.241337699483218
0.23226342120231325,-1.9235,-1.63811675778623
0.24089685971275368,-1.66,-1.87290131404193
0.10703079297630498,-3.1,-3.169096738653639
0.1897140422169096,-5.63,-5.453343453320864
0.2163939216594854,-3.4321,-3.245988910500197
0.5797487383152076,-1.2603,-1.859113373196344
0.9026128183281478,-3.0199,-3.292491211597908
0.24580015515052822,-1.858,-2.096511557704483
0.19248721849110584,-3.4233,-3.557658245634329
0.5265348662203688,-6.9738,-7.265373311807439
0.5741672294897758,-5.9495,-5.6541751047792
0.09688465576588026,-2.6735,-2.629350991318721
0.7197751330935971,-6.5581,-7.065440380206006
1.4634799085017383,-5.996,-7.561169404599522
0.719307461107224,-6.9263,-6.565185850394567
0.6752573485569936,-5.7678,-4.918468494962216
0.229414924121333,-3.1149,-3.168561359974147
0.930028387915683,-1.0965,-2.282396010865033
0.5875892617953934,-5.4353,-5.77273063933469
1.3791848377402527,-7.36,-6.276966857948633
0.14113130090961445,-2.49,-2.649229611735477
0.6660275198728391,-3.5716,-2.909296415568576
0.7164172118848912,-4.7746,-4.149755252789765
1.5335508333889698,-2.39,-3.640421951898873
1.2985253598186204,-4.0221,-2.137030786657682
0.4180352315647751,-3.004,-2.766902583366849
0.7023646967749759,-6.1404,-5.532256354520203
0.7667962842590507,-4.92,-5.465794560461955
0.5882028092897842,-2.3668,-2.992873594869888
0.18235655266306808,-3.08,-3.176273751693594
1.475764440969864,0.40403,-1.372108705075775
0.43126523031990305,-5.4483,-5.512394017393863
0.23025351213023995,-0.73764,-0.9473672848219452
0.3018402110172495,-4.14,-3.818883875056878
0.7046994496664789,-4.1,-3.336510048879729
0.10539357768024385,-2.3401,-2.366434961267248
0.3170116266292373,-2.11,-2.403720984694445
0.0638254820738027,-5.08,-5.065928726220543
0.045591206918699265,-1.5513,-1.494814328837576
0.12847736487137507,-3.1954,-3.100610166606394
0.4435167876228002,-2.7959,-3.22623897913055
0.2528454039780003,-3.4019,-3.180776090843504
0.5269460561604419,-1.6982,-1.130198141772709
0.14091041054741343,-0.94,-0.9396230321192338
0.05206278315884055,-1.9986,-2.053487555293302
1.0760531690816044,-4.0758,-2.797388040404371
0.03480485368699521,-2.0075,-2.052739067320153
0.3187442242034492,-3.722,-3.996601973580552
0.6071138015291718,-3.1872,-3.818643265361161
0.3245642838081111,-6.7415,-6.823717500748044
0.910865303029434,-7.4007,-6.585160708845692
0.5138319351337163,-1.6383,-2.26233727271656
0.923377453121089,-3.74,-4.814512414587991
0.36471832374469765,-3.513,-3.294825867824186
0.730649872354806,-7.0681,-7.462099975895562
0.9201000742559847,-6.9331,-5.842229359299091
0.39648562666184717,-6.125,-5.821899617744604
2.960125564496156,-3.0145,-7.274954196698963
0.22920122000115659,-6.367,-6.107587578996448
0.03480485368699521,-2.0784,-2.052739067320153
0.035137864007701795,-2.2735,-2.280331649931083
0.1807927022611403,-2.7075,-2.525172449469756
0.08085211115110821,-2.6608,-2.7395138226495
1.1354867187305218,-6.7352,-7.679520142498998
1.5425201147827108,-3.3974,-5.158921469970617
0.2193057692836307,-2.6433,-2.862006745731055
0.23666213922648804,-2.9522,-2.781706648539823
1.9267298464386438,-0.051418,-2.560637529073326
0.3091106612329634,-3.3577,-3.01095938828643
0.07566825171995913,-2.281,-2.301748912202732
1.8290300018996604,-3.2,-1.020121933701115
0.6910055072591856,-3.17,-2.614072939658826
0.7422273064398074,-5.1,-4.253054524575354
0.19449721542093976,-6.52,-6.572976152640488
0.4756618630987173,-4.62,-4.109930241328778
1.4928224221831572,-7.6119,-5.889031661245111
0.20444626724539425,-2.0411,-2.180473160480683
0.1583032562754541,-6.955,-6.946893014864129
4.734519498961285,-11.9989,-5.082579804833555
0.9788722323118325,-4.8091,-4.077556273103314
0.8821335235409978,-7.1025,-6.910882681892356
3.4493358938218073,-3.8458,-7.044320816211004
1.035117811735119,-7.0712,-8.094531901217508
0.9294465122770343,-7.7041,-7.089795006223077
0.18236213760581196,-3.7184,-3.751080195691399
0.4834036228857287,-7.0277,-7.056396568915325
0.20875622313147804,-0.4687,-0.3329107030534812
0.9184688176548395,-5.415,-5.956627429066932
0.20473651255240594,-2.36,-2.570885146789698
0.3619312273169001,-3.6597,-3.973699501642604
0.5648325873995911,-4.0069,-3.394244648193517
0.3008969904986871,-2.144,-2.447386121614906
1.5184643606847212,-5.72,-7.544219913579903
0.26368447198251643,-4.0271,-4.214147149054645
0.846634428387215,-2.94,-3.870681863907349
0.13592790919978026,-3.94,-3.92310823895613
1.0037134467193525,-4.53,-5.899147551777226
0.44140413574298365,-5.1516,-4.733554029572046
0.846634428387215,-2.9418,-3.870681863907349
1.467610581817169,-5.769,-7.316709224866969
0.8036804624285798,-7.5505,-6.654599737971808
0.49615650875295664,-3.55,-3.87057572193871
0.21603695130752332,-3.99,-3.830764165519295
0.45638156846675015,-3.1044,-3.00713415048442
0.4933653051596454,-6.7331,-6.956192090421533
0.5490574566630284,-6.7551,-6.942534092097794
1.7061829689854475,-4.8404,-2.886477138008305
0.6389682809533054,-2.6507,-2.352701636127386
0.671413969215621,-6.7535,-7.13577072703527
3.1786497626529977,-0.95312,-5.318663399182775
1.942530912380452,-9.4464,-7.264383856002834
2.0249454860719145,-4.81,-7.028390118827794
0.9227865073952637,-6.2145,-6.777145609639487
0.32908979958597634,-6.0895,-6.113893518538372
1.5571404593039606,-3.1249,-1.874875542861648
2.196660544847172,-5.4688,-2.839094760687962
1.92716012193075,-6.5373,-4.066749782825785
2.047950341352432,-7.2539,-4.851616870386286
0.4682037713594403,-5.5153,-5.326053843207021
4.743430604613952,-11.2891,-6.516521477956413
1.2734049539675094,-3.5298,-4.696192433725797
0.9393690461758568,-4.6787,-4.319973799179232
0.8280248619609492,-7.2146,-6.506515849554338
1.4734738331269341,-6.877,-5.458609050818539
0.5692165364299843,-6.6281,-6.128532294793564
1.2261891445952353,-8.3488,-7.234250352036521
1.2573832582669624,-4.836,-3.662424829681735
0.5046965101828986,-5.7753,-5.457086153148928
1.9723377299904492,-7.7292,-9.103022629414378
2.2324222782141225,-5.943,-7.918848837412977
1.0383343661170936,-8.2701,-7.186947265244707
0.9184061974029804,-7.0195,-7.564418010753542
3.0177426245186556,-13.4514,-9.278134405118909
0.9280031079222633,-7.0099,-6.081677282317532
0.5755661900012202,-6.8676,-7.028086282940743
0.8392736755217419,-8.7547,-7.980806919473711
0.7594865403768292,-7.3972,-6.863922044078977
2.888567027580166,-3.0016,-6.803886306023077
1.9436904064022023,-1.042,-3.078687904325638
1.0608075599182554,-3.9357,-5.062599707164517
0.5297213063815687,-3.9784,-4.115106783799779
1.3822953055640186,-3.791,-2.841752109460798
0.9486594884552317,-2.3987,-3.491540381979859
0.6477113432295164,-3.223,-3.814411055084772
0.1916737778334681,-3.9019,-3.925583070782185
0.5277872161166183,-4.8182,-4.390178604897272
1.8488123636596918,-1.4594,-3.864161900757459
0.5012015217336934,-4.4804,-4.001267106096821
2.194709030340895,-1.53,-4.793909898131492
0.6250945374639398,-3.0765,-3.665459265412497
1.7388699686842586,-2.81,-5.118876407850429
0.858163170929666,-3.1901,-4.258879061729493
1.0860025830934774,-4.06,-5.415419242567062
0.20149606536393705,-2.3385,-2.442894436162202
0.3096337695187975,-4.4709,-4.227304728268078
0.30307615361216544,-6.193,-6.033146118804035
0.581099911008125,-2.22,-1.602589826967475
0.8890091281886279,-3.3243,-3.614078201582841
0.29327756636477814,-6.5144,-6.598956996492435
0.351208714178817,-4.2224,-4.511969584110749
0.6668166636151673,-7.0217,-6.335821835372958
0.347449492826174,-3.3,-2.933112718061651
0.5501811949721452,-6.0921,-6.254405268855292
0.7981608410486749,-6.3427,-5.666761139732049
0.46970689645049224,-1.85,-1.431334694534391
1.669645428418506,-7.4775,-5.514218316690387
0.1395770573843557,-1.8262,-1.722270768014755
0.10760831874043872,-8.4144,-8.384314108519533
0.8521592336118674,-12.577,-11.90414274418366
0.2623644374530905,-4.1549,-3.912031959752779
0.051486760375350625,-3.5962,-3.638338858153567
0.32720459500311966,-1.013,-0.847256788668254
0.5681958655026654,-1.246,-1.791019545432178
0.19039979193070017,-2.2451,-2.104919948968128
0.05330798746493915,-3.95,-3.944388798603298
0.3007305602075017,-4.22,-4.471962611360915
0.33239738991034934,-4.43,-4.760640938088427
0.15550480205223327,-2.8289,-2.813569992220059
0.11082616128715095,-4.32,-4.305660953137242
0.3714198119564312,-3.0547,-3.419788612732964
0.2772309715013133,-0.6587,-0.8627931280681927
0.051225428738704046,-1.9775,-1.995646619237354
1.1524343104413477,-4.0326,-5.166910506123795
0.7607271871741156,-4.7,-3.860862493240474
0.39551428923850174,-1.1046,-1.392676792472942
0.2347587665292819,-4.22,-4.473977803860723
0.40465112852546237,-3.8134,-3.252232021106675
0.5091235707509241,-1.7653,-2.502314119251718
1.1727413647033065,-2.3,-3.813317765879439
0.282259243238683,-6.3508,-6.295060218027743
0.11912462642249468,-9.4547,-9.567154904342312
0.1192296819750027,-1.4757,-1.431848975073352
0.08881841418525438,-0.6996,-0.72534290984597
0.30986753640897674,-1.9055,-1.958387791788442
0.6207237580787726,-3.12,-3.807845535223554
0.3426525219939741,-6.1033,-5.810777439495805
0.45916367022130095,-2.2035,-2.607201730619202
2.5147278672940576,0.098489,-3.396649229557651
0.37227501734452484,-1.6252,-1.784552161451697
0.3142101322236735,-1.75,-2.020187255706862
0.4244303019542803,-4.1153,-3.986086583423399
0.3546542861957848,-4.276,-3.968145346464419
0.9202383115458018,-0.44147,-1.606124762305143
0.4490372499860102,-2.4113,-2.06848765541367
0.45107220461484426,-2.6031,-2.137502111477929
0.4884741368713817,-3.236,-2.776262951604417
0.4014373515549027,-3.236,-2.953414811993356
0.6997959716072332,-2.0946,-3.053088437018744
0.32641284694578615,-5.2107,-4.960359630952526
0.371636915933228,-3.7235,-4.464553791033364
0.714585887032792,1.0596,0.058667028655186
0.29089249555009977,-3.05,-2.82101096532296
0.2843544982067287,-4.1546,-3.822272264917562
0.7250841410536017,-3.1829,-2.320730706072946
1.3160355652609985,-0.72427,-2.364276147768311
1.466333634748736,-7.9319,-6.269194736772629
0.42314695717381207,-2.943,-3.254974430261115
0.4471446332165487,-1.68,-1.957424030633966
0.1628036097334174,0.26978,0.0918627749852973
1.298473173954058,-7.53,-5.761426663181673
0.7163450267202116,-0.7536,-1.534229279498956
0.2881991726105604,-3.46,-3.197668023893848
0.7661421464640804,-8.2138,-7.498850972739396
0.19114540355211154,-1.9385,-1.763629826675392
0.5348701976972652,-2.5164,-1.951138429818785
0.5888402597328991,-5.1899,-4.926761249714524
0.26983570214000674,-0.45834,-0.3467414115022887
0.3994522634195008,-0.89288,-0.5465643310934694
0.541562290626555,-4.8573,-4.184748589238781
0.2630246710942551,-4.7395,-4.637110056214116
0.8035810881827754,-2.7745,-3.70011449712596
0.0626391477546155,-3.4647,-3.488298791245199
1.366185318233491,-4.1083,-2.336496930190291
0.7023936298729379,-3.84,-4.7913650749709
0.10142533343539771,-3.84,-3.775761157341822
0.08634694843366474,-2.8714,-2.857813307822241
0.37002148366561216,-2.5063,-2.795092676385873
0.9426068748673564,-6.7082,-5.707316693902298
0.4825616577103429,-6.1336,-5.954013098268204
0.1905668110024371,-6.4719,-6.35252159604331
0.40289872553539974,-6.1875,-6.482668161627252
0.16407171786125843,-6.4719,-6.308967090958351
0.20135908515525508,-6.0768,-5.988650916980262
0.19590470288723183,-2.5732,-2.401192378130132
0.4335269756172583,-3.3016,-2.816748345667368
0.31972397897491,-1.6263,-1.352147647821637
0.44183021367132924,-2.0949,-2.595298654852034
0.39145147980503514,-0.8135,-1.228419161431523
0.33225941334512155,-2.7448,-2.49683118661613
0.31260104757736323,-3.7286,-3.441228960353385
0.6540866418079078,0.7899,-0.0702902072863457
0.33477178181190653,-0.8188,-1.024044111887747
0.46721796158179757,-1.3016,-1.508221112800678
1.3517258532202598,-1.7166,-3.130735562761829
0.27272631531904473,-1.1466,-0.8602223645264133
0.4777259882174817,-1.4155,-1.934601578666725
2.5005690266152323,-0.5932,-4.048809536120965
0.7080104176483522,-2.1819,-3.041956427977901
0.11439377899829864,-2.0425,-2.170425891647744
0.5483847823219696,-6.5407,-6.12469548367556
0.681288358764721,-3.3806,-2.50713802572014
0.2802489373395288,-2.3761,-2.151614770764227
0.08104870961890946,-1.0006,-1.032137661959522
0.8235861063386879,-5.85,-4.887934306903842
0.33266267610666084,-1.2082,-1.269390643962574
0.2569338607474468,-1.6107,-1.329422116370624
0.35483204357263426,-2.1336,-1.797733477468001
0.647099719729878,-3.72,-3.030123354460291
0.23159688526068536,-2.1459,-2.282722216165167
0.11481631108243567,-3.9364,-3.823732361562864
0.3222312591558921,-2.67,-2.659492848072257
0.34306835671570335,-3.6595,-3.371639326858648
0.3555797736770289,-4.6,-4.205935647639082
0.10758159780428152,-2.1646,-2.047340889482953
0.1852976376308863,-2.5388,-2.499494400329282
0.1564843031237763,-2.4407,-2.339869309873671
0.41705012567513644,-3.29,-2.823200909200705
0.18877450223683492,-3.38,-3.200109490473055
0.20826359148876217,-3.5925,-3.632049686639489
0.09787158929328317,-1.0804,-1.150373625712548
0.30382476842388856,-4.2502,-3.930015268660021
0.2503813763132744,-3.3842,-3.115241797200636
0.34556267174615457,-2.1348,-1.708418781616314
0.13086639388618204,-3.1734,-3.121421920715131
0.10113163854988555,-2.7732,-2.70937240710603
0.03824823784034474,-3.5746,-3.569425643984491
0.07462255046198718,-3.1405,-3.109042083651436
0.09919006864756694,-1.9943,-2.058889445906776
0.39600158742729347,-3.0557,-2.685667613509066
0.497962928954724,-4.487,-4.100138668760879
0.28646733395805907,-1.5897,-1.858312192073856
0.19681436725092805,-1.4696,-1.270709050237465
0.5831599905040786,0.4733,-0.2287795365394817
0.20339399609651984,-4.15,-4.320975279327768
0.21395311274605383,-4.8433,-4.793298464538561
0.6213305850429349,-4.0388,-4.645545406954684
0.11787985739088182,-1.6,-1.574411185786581
0.4172114970138132,-2.9395,-2.693875183531464
0.3538280524916587,-6.7554,-6.317610454754023
0.1009642376552054,-4.6297,-4.706113152660558
0.2869699257710884,-0.80043,-0.6467421789176638
0.20368653002288842,-2.9713,-3.122215526251197
0.7533280421911108,-3.53,-4.207677047345789
0.3672808456404568,-3.57,-3.950350503233595
0.28855993530745827,-2.28,-2.138287634629417
0.3565494945183636,-3.4775,-3.867149771868249
0.9772858100851888,0.74901,-0.4797203466344923
0.9537921199929431,-1.1965,0.0384560923462315
1.009864347042533,-0.99,-2.380435385203636
0.37313276272927476,-3.18,-2.905928199931224
0.45133578423659754,-2.56,-2.090185058566193
0.16492429533984024,-2.11,-2.110349785554802
0.8865109609628894,-0.6341,-1.696867459243797
0.7125350979484381,-3.9282,-3.172474687573388
0.4847427711151592,-2.624,-2.170665313129466
0.13059035840214367,-3.9491,-4.030878280562937
0.9888355727107978,0.64724,-0.3731508561230004
0.525849319071385,-3.42,-2.743049194882523
0.2517640307132516,-4.5998,-4.843267543019305
0.3394682263600246,-3.4417,-3.167536839787194
1.2489739113081955,-0.80532,-1.645266587783248
3.317897881393872,-0.80362,-5.32099050671393
1.9603327226513896,-1.0816,-3.362142339050651
0.7929788953644965,-7.4728,-7.008042529668769
1.0166760104790513,-7.2023,-6.200327381099564
0.44676506201795113,-3.88,-4.311119834750359
0.24254487361203897,-1.6212,-1.423992071678488
0.5187149554669244,-0.15441,-0.71032662408916
0.6402942095204094,-3.3238,-4.017363749087597
0.3151688792277141,-2.6906,-3.010127440731218
0.3443244423586358,-3.0702,-3.405841409800171
0.3848405090868197,-4.7475,-4.905260258481953
0.5929961396885588,-6.7127,-6.43462689505642
0.48350507067229725,-6.372,-5.939533629947997
0.17983846193847927,-2.0504,-2.038653587919115
0.295465296821804,-2.9998,-2.720161794491049
0.6193837710682595,-2.2465,-2.637726816073124
0.5549981421792727,-4.9348,-5.472010697755513
0.20688356542671268,-4.2749,-4.139691532711623
0.33839609503297247,-2.8206,-2.939895589318304
1.1465786466676948,-2.786,-1.692212558049139
0.7649496038141076,-5.1472,-5.933090923874429
0.4294958497795789,-5.1472,-4.863146715065756
0.5728483632577135,-4.1919,-3.667051829110193
0.3094922166639778,-3.615,-3.344357245836697
0.43735959094954246,-2.7455,-2.9844232287989
0.2820139809265441,-3.6696,-3.785623749575773
0.5379247160436446,-5.7698,-5.828278591542293
0.31272058660126717,-3.375,-3.394791631549925
0.6358656358465367,-2.7762,-2.005862444945401
0.4121453735743675,-3.669,-3.940185365191811
0.48698206601370164,-3.664,-3.242974130524832
0.24311328684549033,-4.147,-3.933831154483419
3.790073305480998,-0.14108,-5.081978572089611
0.22109709013786635,-4.3542,-4.580732617804855
1.1118908502067923,-7.0743,-6.06187274246531
0.38767087335134964,-5.2348,-5.029529851297967
0.436329849889942,-2.3663,-2.105749874933079
0.4358916328438728,-7.9052,-7.999708414283301
2.0001293018069966,-0.55189,-2.823369842058685
1.7888269237904277,-4.0581,-3.960455890296548
0.2430543080224025,-5.026,-5.07834970611718
0.662255965230334,-5.6944,-5.176702190690833
0.7140646587190954,-1.0208,-1.46775065593551
0.5257205556224536,-4.9116,-4.330692391366984
0.25428595567858564,-4.0837,-4.126985539788164
0.5542123084732979,1.0886,0.527904897228981
0.2788222164957091,-2.18,-2.088228571899336
0.1843679449301871,-1.7448,-1.82919749058669
1.2836586957976237,-6.0217,-4.76265485034691
0.5498337950522008,-3.68,-4.272496247627615
2.2452864167948334,-0.37862,-3.303932354342132
0.3108232414473794,-1.9707,-1.639802135534331
0.4684623466133271,-6.69,-6.501905839524079
0.3507930589172682,-4.75,-4.611659012868726
0.6579112850302922,-3.32,-4.044565240557753
0.6442406721029651,-4.21,-4.768472649254204
0.7302058508514786,-4.55,-3.79217365855986
0.6898938738481237,-4.96,-4.229943402848374
0.573472897170878,-3.6641,-3.089824783395154
0.3425177339127089,-3.3187,-2.887226145909587
0.04835604038914695,-4.1671,-4.169998224727076
0.1519984825937445,-5.3889,-5.502334707636663
0.15837965663658296,-3.6061,-3.613030553791384
0.23268733758784385,-3.3261,-3.110940511613539
0.0745370261894618,-3.3658,-3.448549029291097
0.1587380430633492,-2.6888,-2.752902031076994
0.4784239324946664,-1.2757,-0.725430641511927
0.2239287351401526,-0.78721,-0.773687929501587
0.4857363501857321,-1.2954,-1.63204542029265
0.5673082169091618,-3.2111,-2.626078764299753
0.455752717626852,0.31,-0.119917261819299
0.26448851388436057,-1.2463,-1.460186493040202
0.8106516918758057,-2.325,-1.447296619578721
0.47858216817425586,-4.58,-4.625404068071573
0.4272395161998414,-0.76264,-1.134716561606222
0.9774715495416788,-1.46,-0.236190161197185
0.4426240167678823,-1.7448,-1.324728599192376
0.20193634660825452,-3.4471,-3.284611008475662
0.41078816279635133,-3.4085,-3.185225202943078
0.7338492307031999,-2.4965,-3.396568710175257
0.5281215017540986,-1.388,-0.9205885818181008
0.3605609915443449,-2.9143,-2.617508272168106
0.56502390041538,-2.9143,-2.326551565540479
0.4582989176131314,-2.0373,-2.340722557408989
1.267256943501211,-4.58,-2.990764288930551
0.7809989755040501,-3.64,-2.897140960371399
0.5059270332356739,-2.4135,-1.767553908489171
1.0779113183251008,-5.3,-3.744749739348344
0.32402718410173437,-1.833,-2.111607512155712
0.27262546898860973,-0.76129,-1.011464372995996
0.5282395374206984,-0.20751,-0.7514283242414694
0.9477261068483739,-0.0749,-1.310198531927592
0.19867569155538983,1.2234,1.124347711059345
0.8481046052766736,-4.08,-4.988580120150645
0.8481046052766736,-4.08,-4.988580120150645
0.41456697920534424,-0.0799,0.4087193536950713
0.12942323910329775,-3.3483,-3.182304206341625
0.3053422848494145,-2.7396,-2.420593728813232
0.4323184067040118,-4.4009,-3.925833774638919
0.5606600632871498,-5.693,-6.236478433336723
0.16053110856316913,-3.0065,-2.850079975915958
0.2921377768253566,-1.0899,-1.226903664761477
1.1149056065678686,-3.5237,-2.102134454212511
0.1868013322397539,-1.8586,-1.898002668925153
0.16986678095531438,-1.7557,-1.945976188148505
3.3857041460152004,-7.2945,-2.594779014736538
0.18808423931378948,-2.8659,-2.915672838926361
2.471380383438579,-7.744,-4.547430548869587
0.25518311482033257,-3.0458,-2.901463975423639
0.708311103184775,-6.9682,-6.180685043017303
0.4737706857525029,-5.24,-4.846072672923498
0.3755195227226069,0.9276,0.5190392968240563
0.23887713203800318,-5.6042,-5.335201076266364
0.7328543669537243,-4.6888,-4.08272526896662
0.4886245285408572,-1.7704,-1.221330921750277
1.070411882161582,-1.24,-2.578290369814014
0.13801354329071822,-1.2863,-1.270172293987449
0.6159118757395912,-1.4124,-0.8088761414847919
0.38734892696013945,-1.5627,-1.963855028687923
0.22174266441317955,-2.6679,-2.800025157796438
3.3039033146918775,-2.7526,-7.329772525257865
1.1238160288572119,-6.6765,-7.430828755315392
0.17007060013988698,-4.681,-4.671871965942231
0.2367814590307094,-3.4116,-3.596605218084235
0.6005070918023561,-5.263,-4.735174855366158
1.0840109869885124,-1.7722,-3.152651511510785
1.2579991379421316,-4.5011,-5.946650864883235
0.4348525935310699,-4.84,-4.588459315516781
0.7381024338403749,-4.271,-5.200006313313119
1.2413798188275533,-8.5266,-7.144124548327243
0.8247177218664572,-4.7653,-3.700931845276672
0.7101282774438497,0.48786,-0.3229275462318109
0.6463798681736873,-2.7346,-3.513207995648464
0.21953214751392117,-2.023,-2.199840469376944
0.733852070185391,-2.117,-1.230172697448169
0.5309781904647931,-4.2,-3.674721138938588
0.32840126669775205,-1.6633,-1.994546742771456
0.5519121618778741,-4.4561,-3.920297973763213
0.18933686630121346,-4.3633,-4.32172383659765
0.309179096775056,0.3631,0.2215934477204994
0.6129614528086624,-2.88,-3.58364920328164
0.14821151351672418,-1.3297,-1.218612242558125
0.33796350185571117,-4.3005,-4.162315059045811
0.4174039279142762,-3.6289,-3.281057707695596
0.6084336314000275,-2.12,-2.751678225705591
0.3144096859693894,-2.55,-2.406858457388921
0.14253021807557784,-0.58645,-0.6769499680780595
0.49730401650917594,-1.87,-2.443798159730627
0.28483354695101065,-2.58,-2.432846587859077
0.43659388125081283,-5.6161,-5.934045524418477
0.6949406648571258,-5.4963,-5.16370777649845
0.2718160227044997,-2.4206,-2.748503086374584
0.41530784982199553,-3.7304,-4.103990397127526
0.5658766541911241,-2.52,-3.115210737401057
0.20010178910316131,-0.5528,-0.6271295112622906
1.1827135837478708,-2.2387,-0.8414263215903983
0.44242110672010576,-3.814,-3.323271416943728
0.702593220342639,-3.0224,-2.27825121423852
0.3547220245642076,-1.47,-1.160652546428206
1.010781922225806,-1.0999,-0.1204879493101076
0.32954299301222784,-0.88012,-1.190529325266682
0.5451458134857498,0.09044,-0.3773982294478032
0.3314828699511825,-0.42554,-0.6846957478363949
0.6930555258022726,0.8255,-0.1072708700221771
0.5974186449939283,-2.4969,-1.734203204725158
0.6203992714244617,-2.1414,-2.4805844159101
0.6585726767878861,-0.768,-1.574600900854291
0.3118067074156551,-2.2431,-2.456819601527754
0.2810986447510509,-1.19,-1.417446387078864
1.4041967725914346,-4.9432,-3.405218152158443
1.1839763535764878,-4.0577,-2.690451452681857
0.1667603677187988,-0.9302,-1.022858881231302
0.09338704650301942,-0.032702,0.0376821530567121
0.7292952459829852,-0.1707,0.5903614173301328
0.6220562814606277,-0.3736,0.2894820861511923
1.4834201176483879,-7.5639,-5.92476400741374
0.6449531693098852,0.7907,0.0490613531106664
0.3348924675462158,0.524,0.1769940378518511
0.4856462429484006,-1.9103,-1.407789700066208
0.5821816874466399,0.58097,-0.0537432899851693
0.27153519821970984,-1.6163,-1.388833140145922
0.603402586251325,-6.6782,-6.205292510396056
0.4983053436591597,-4.1343,-3.642669553492508
0.41658215981909635,-6.4939,-6.120305110459817
0.2664182566116948,-3.2996,-3.376993702950033
0.3715042205874466,-2.4762,-2.913447841725677
0.09879888883426903,-2.725,-2.730246164228132
1.880291539427626,-1.49,-4.203461548470287
0.33787239683190184,-2.3455,-2.597080513794751
1.4891569073277657,-5.0258,-6.770595207049121
0.42771230029191715,-1.947,-2.380364439611358
0.4381692069422223,-1.0612,-1.418169246154137
0.26016277123763343,-5.3115,-5.091162020818841
0.2930493529087109,-1.6471,-1.905660130964777
0.6295286341174744,-1.839,-2.612028017080478
0.354773641648154,-1.6431,-1.987919958472917
0.2955036592514675,-2.17,-1.867480655652863
0.28363877607244165,-1.29,-1.528957695638909
0.9269060432904136,-5.43,-6.428899342556402
1.0172734334091367,-6.16,-7.01627058344399
0.67011406248995,-2.7753,-3.401567852834211
0.5152810776877161,-1.2153,-1.665710067888129
1.5071886114425643,-6.0175,-3.960114777389353
0.3257299530859761,-1.1715,-1.508757827046254
0.2080035932663244,-3.3254,-3.339054491367056
0.5754898980007451,-1.4838,-1.914464832005998
1.6062907883652684,-4.42,-6.307700794482079
0.9103389805537617,-1.8869,-0.7519214912370298
1.6502168912244388,-3.7827,-1.749051645799842
0.26265036874573194,0.58648,0.8453401333230217
0.5929557187229417,-0.42617,-0.624215275561667
0.2980514276252471,-5.2409,-5.18874342234137
0.5233513385308541,-0.92,-1.492604650203992
0.19970512240655236,1.0452,0.8772961472542813
0.4258277018949588,-0.68792,-1.05515052488751
0.20809866682258846,0.2716,0.105461344908593
0.7709755544428735,0.7899,-0.0951261361380597
0.4707038128427945,-6.561,-6.6678963871771
0.2154185315474399,-6.6658,-6.656681428134522
0.20655888157384225,-5.568,-5.506204862724051
0.09313104074319471,-0.1726,-0.1653633718625856
0.28539458393087275,-0.1277,-0.3075816991311823
1.5579371917894105,-2.4617,-4.2118900302374
0.5158553937870037,-0.21863,0.2152866487942496
1.0613505223661164,-3.6744,-2.427063744034808
1.0990518902101987,-3.18,-4.460217269305377
0.30155427816592784,0.41655,0.6283886675696947
0.3896998047306605,-3.9351,-3.802039290004781
0.8503688700842712,-1.993,-2.949993059882381
0.5199465138288513,-4.9242,-4.534111916588029
0.3959611808230685,-5.9521,-6.089840660526111
0.5861552391786927,-2.3013,-2.971956011310779
0.2167373684391319,-5.38,-5.496819766799625
0.44549679291685246,-3.9049,-3.477811593408025
0.25318088680334083,-2.5403,-2.666166334663542
0.46756561636665084,-5.1556,-5.522850231509717
0.1746980068520703,-2.5309,-2.417104875199847
0.7242619164639076,-2.1308,-1.334158410521857
0.1513288037255448,-0.72296,-0.8106359306389357
0.7402928648944009,-2.4942,-3.391122368048401
0.21641573181000223,-2.2858,-2.423484462030524
0.2640770950568126,-1.29,-1.483237803990754
0.8564831263506427,-6.8354,-6.063090397142489
0.08982746827470059,-2.5596,-2.662424237486584
0.5392579171743754,-0.17587,0.1204060201563216
0.896510910407763,-0.49718,-1.061291282096178
0.2629537221646025,-0.40442,-0.5714004085448439
1.9135383477802457,0.26321,-2.505504534530313
0.22285067240352507,-0.76269,-0.6262966957519442
0.44082934337958923,-3.0354,-3.385450472719564
0.538289381930474,-6.31,-7.041831250515581
0.19463046667629474,-4.3139,-4.425831334961572
0.4420065330311062,-0.84574,-1.339249653249616
0.42848957608038163,0.5941,0.3655204239113379
0.24931019733441995,-6.8459,-7.110959321257507
0.42935724544979836,-8.2822,-8.684519670206495
1.3116751864998952,-7.4498,-8.649720528385677
0.238123539834353,-3.6112,-3.925969375039961
0.6435305032204441,-7.8681,-7.480675301591151
0.2486069546675045,-5.8538,-5.676290175152279
0.33987826561285917,-2.4978,-2.25805950163137
0.9128059967292623,0.42238,-0.7326536453977704
0.5921961219767288,-2.2396,-2.834099471698231
0.3948188552670394,-1.2402,-0.912906304081314
0.9804478374286364,-2.9001,-4.09818948927513
0.15934298835228594,-3.8427,-3.738494100189645
0.1736685861749565,-4.9859,-4.979690973885573
0.17850573229211364,-5.0558,-4.998755669308796
0.25165924926090505,-4.9401,-4.913745065735037
1.7022991056977193,-7.83,-5.998670767872179
0.5615270237624361,-3.0197,-3.686736400365058
0.2566835746626622,-4.5076,-4.257573684269433
0.11203824305232743,-3.0085,-2.947822342070199
0.3453881528675938,-6.9634,-6.71846737443708
0.4114495779809221,0.3987,0.1690292035442203
0.28411864356582084,-0.079259,-0.2473927873616329
0.1193991390807786,-5.1493,-5.036211870348797
0.1978856215760377,-4.1486,-4.312504572377923
0.466548528950673,-3.2772,-2.977940678688023
1.1978705681716555,-2.7173,-1.269526668218616
0.43493819324324945,-0.58255,-0.8452239196445176
0.6085908119613487,-0.061099,-0.6447764833703741
1.5496224286405065,-4.9855,-2.813755379708369
0.38338453140814693,0.67641,0.336726901607951
1.4517079027129847,0.537,-1.254091873889802
0.9167863498101716,-1.6745,-0.6936739978542148
0.3931892439378255,-0.97361,-1.207927558514021
0.16479736033999096,-4.111,-3.997480969672634
0.4764259028972291,0.76542,0.2644396406573016
0.14352235003475486,0.72207,0.74622271365247
0.2997880097161449,0.76035,0.5053543430284335
0.23132584079682264,0.72207,0.854490281457992
0.3442890641214177,-3.0111,-2.742144807921139
0.34479777870279205,1.0108,1.368003661389454
0.2742082350680662,0.94461,0.7868490244443093
0.44563311901980074,0.39793,0.0494374515094757
0.6265087745078887,-0.80945,-0.1465588061915418
0.2950165993374906,-5.3446,-5.451404008777661
0.3311163442966024,-5.1837,-5.554323752543774
0.24808066294483452,-3.3929,-3.283421467779164
0.16021163757815896,-3.5926,-3.488780888714963
0.3966999098624596,-2.2346,-2.427825725960795
0.9008231020018546,-5.4095,-4.271261855677555
0.8457833533193712,-5.3455,-4.291702919847923
0.42979654026797465,-2.6648,-2.890101910912979
0.149514336693011,-2.8487,-2.882721549527148
0.6130857292546427,-4.9161,-4.24297386330036
0.6146745597232929,-3.2825,-3.429328342293416
0.6699777673013171,-4.0025,-3.314876558207125
0.5255362641560691,-3.1097,-2.681143574862456
0.3793868026247905,-6.8393,-6.730052123117298
0.682829211017108,-5.434,-4.784887599204076
0.2918744879585125,-2.3585,-2.211180003925493
0.167962949134768,-2.3655,-2.422661715198623
0.42034689905372746,-1.9184,-2.304934644656609
0.3711678776570239,-2.9828,-3.159789531233081
0.20907444814656098,-4.1823,-3.94619728740391
0.2108967880271383,-4.2358,-3.998497624948801
0.38068316979536815,-4.9878,-4.503655368343589
0.11436563034891617,-3.1427,-3.021329165358958
0.08919907811856972,-2.6239,-2.586227709791063
0.06664931889764068,-1.598,-1.632986217860655
0.20691555790224675,-4.51,-4.474746760525133
0.2444463509565165,-3.567,-3.666251082644698
0.2846775177583648,-2.7418,-2.977978250790071
0.14506192965453218,-4.23,-4.159961487790929
0.025249367363276765,-6.2364,-6.291075261625163
0.3542206776169926,-6.9461,-6.781247079289761
0.3542206776169926,-7.4161,-6.781247079289761
0.025249367363276765,-6.29,-6.291075261625163
0.7077565968387667,-7.28,-7.722187507346304
0.43921907934133353,-5.18,-4.775806504883215
0.06497629827261893,-6.3213,-6.297144579523311
0.24892683694622136,-5.6413,-5.720196322784562
0.13384380391054804,-7.94,-7.870625307043499
0.5002453131406206,-11.5528,-11.77249789047946
0.19564009571880983,-9.94,-9.997045330827964
0.1513897319532561,-9.42,-9.288645671361966
0.17273394528586253,-8.13,-8.190099755281405
0.21081806958034296,-9.1793,-9.374991858072978
0.3148485073058202,-7.2396,-6.907151767221659
0.2214408418210239,-9.5,-9.266338231386095
0.4214644972771015,-8.94,-8.489700078012683
0.22998732298432498,-9.1,-9.33483565253124
0.3377045576825442,-7.2505,-6.917066847788174
0.29299673096622114,-7.8218,-8.067457354706779
0.46097223218576794,-6.23,-6.8206214701791
0.09463901338629402,-8.41,-8.37444098199904
0.40483351504185877,-3.8614,-3.511207370902862
0.27216136874139235,-9.5,-9.209000550658022
0.27631949695128444,-7.95,-7.654660402938614
0.31547667568720067,-8.06,-7.668366780450489
0.23395987508341548,-5.0605,-5.213440472005415
0.8639873262853663,-4.9544,-3.774365558367447
0.3138336179760006,-1.4173,-1.573015953644765
0.5988054071483397,-5.47,-4.889620897171095
0.20482978861090892,-9.2068,-9.09306837522825
0.31317252763789666,-7.23,-6.904543069793831
0.4501531520907943,-5.8583,-5.420397734320678
0.2407178340351076,-6.8757,-6.786926059446509
0.2671975138539264,-8.4453,-8.740614163822526
0.1671441852376191,-8.42,-8.474654378709126
0.4228255796288006,-8.48,-8.038556074677544
0.3314138551369332,-8.0735,-8.406361435484463
0.4705714529679465,-7.65,-8.134128767932864
0.18043377263788393,-7.6499,-7.543715254594881
0.26849632875208335,-6.65,-6.927102890443093
0.539204840864459,-6.7798,-7.46602841375937
0.23795545005438007,-6.1747,-6.342234162622574
0.6269962202690721,-8.39,-7.688109988800603
0.43412389308251503,-7.8253,-8.149027282456537
0.09250599215089743,-6.1799,-6.221669752571402
0.3297588865755385,-6.4902,-6.103740853853072
0.3334954348724261,-7.3149,-7.598447281082989
0.24108910806759304,-6.39,-6.128200882178124
0.09174359780764156,-7.56,-7.617163010214739
0.1491112187503986,-7.07,-6.957802504873638
0.4861311219284709,-4.87,-4.5345077368349
0.13625461828521812,-8.3,-8.381036323703619
0.43882583012638887,-7.96,-8.48075163837128
0.24816491399815277,-6.56,-6.849393717008045
0.23553386078243094,-7.35,-7.065899093104186
0.18443667706756195,-9.12,-9.228868902092742
0.11508355396922738,-7.04,-6.965780551495762
0.19003390707063672,-6.77,-6.949357517204561
0.3069582710016487,-8.14,-8.434118973406244
0.37806930343644474,-6.2196,-5.835475277197165
0.5048553590393408,-5.3099,-5.858163881854159
0.12563322936291446,-6.9,-6.842016282284064
0.21752117188946196,-4.7925,-4.620765396370313
0.8222752719207488,-4.9499,-5.984886301692169
0.7483606486797353,-5.199,-6.05983059489147
0.6087885430602156,-8.1331,-7.671595578389409
0.16570032544408966,-7.0403,-6.881412679814368
0.3588381903179099,-4.3924,-4.359704308458403
0.6724374963033658,-7.3814,-6.629665088950141
0.3070843604228076,-7.18,-7.225020258606832
0.3994652668190699,-5.9085,-5.598075393781993
0.7244462394809065,-6.5622,-5.589937623983037
0.7439768371788463,-6.1611,-5.147667148368112
0.09783599780986134,-3.21,-3.221456244081231
0.5464148898201642,-8.6,-8.02339133312456
0.24659368527786088,-7.1299,-6.92746543890931
0.5413843175192702,-5.7876,-6.446892724660792
0.9335629204316056,-1.392,-2.519716485899144
1.9876403954381283,-4.63,-2.110330396247082
0.49759386668565136,-5.437,-5.948720705155682
0.45600088068551614,-5.4414,-5.892167514528895
0.31599172630807676,-4.2107,-4.564194598679503
0.17666210058061332,-3.1965,-3.210928137404822
0.7326583797702341,-5.0439,-4.309482289258068
0.49044466129038855,-4.0222,-3.621237077837135
0.20326379947037548,-6.9069,-7.01113976247165
0.15686845184287038,-7.3663,-7.484848661465703
0.17804843869729392,-4.5659,-4.697614933291369
0.13547671772682213,-3.012,-2.97404722117576
0.13368262911525242,-3.54,-3.627033664745944
0.4039771129063322,-0.55142,-0.2957923973973099
0.603281174939276,-1.5955,-2.128024071044928
0.33297684798510624,-4.5371,-4.371245740324051
0.17646472867170698,-2.7326,-2.749810488687194
0.3317115575693883,-2.5785,-2.248455032693152
0.21231238655660256,-2.1878,-1.991062365398511
0.16975084289018136,-2.39,-2.500025097133784
0.16703459835884313,-1.8951,-1.714233276903365
0.34766197290103834,-3.0594,-2.735050935102603
1.3208010702245283,-5.8248,-4.035829063294683
0.48842534760660955,1.4549,1.038638721281033
0.2623377637346015,-0.6104,-0.6981029786292484
1.0449131508723724,-4.7373,-3.445596420369317
0.5328352286687553,-6.2608,-5.879139236902375
0.202488919766251,-3.553,-3.59884805475787
0.7246645305090624,-2.6434,-2.001527844993378
0.7892238572558407,-4.0134,-2.978340298316069
0.7900469690840903,0.93862,0.1395911059241863
0.3870003311558884,0.78087,0.8318650580471374
0.4687881313883991,-4.4758,-3.967287130849469
0.5135082192466224,-5.1437,-4.998776689074312
0.6947371971331522,0.2656,-0.3965418146220068
0.7215979030575351,-1.0,-1.740823998120346
0.85615674467435,-5.5057,-4.463960814409957
0.6246511965526582,0.94,0.2568711943862588
0.16326679371442265,-3.0911,-2.958325799350187
0.40019278049633705,-2.93,-3.156594105815945
0.34120945878167463,0.21724,0.0839531026649806
0.563049452190466,-4.3934,-3.987376716580326
0.17964576146667074,-1.541,-1.477221550436333
0.23324298570256727,0.1779,0.0750691102027663
0.3291306470892237,-1.6758,-1.348158755615136
0.4870288413695474,-4.2573,-4.802937223364481
0.16104007486942312,-1.4213,-1.359294175940592
0.10341864529541216,-3.1413,-3.147431080158894
0.4552792437845129,-2.6675,-2.310724814737729
1.129082785982773,-3.3979,-1.94569552567072
0.5779496403365811,-2.2828,-1.594227577613033
0.29566350277554304,-4.1109,-3.882671982860011
0.6397123151573701,-5.6205,-4.951861290681527
0.37538557692045993,-0.94437,-1.230766767429543
1.1178943300011768,-2.5292,-3.892190087731787
0.359299666684197,-7.3692,-7.132195445420114
0.5687535647785207,-7.567,-6.875152451722319
0.4925138988296561,-5.0038,-4.823711881669974
0.2650454072054317,-2.6648,-2.438213061764155
1.232186280630282,-1.22,-2.866776325124438
0.22568897132308707,-6.5571,-6.322662366553877
0.7035116016112508,-5.1303,-4.202185820874771
0.17762393706198146,-6.5732,-6.373393088204269
0.35169951926387527,-3.5505,-3.666900509800448
0.13853249819572988,-3.5505,-3.567802108227174
1.7476989521461377,-1.49,-3.718009079429997
0.3511673851635577,-1.2279,-0.9608286754426448
0.5567832715650011,-5.4474,-4.952515250295781
0.3829550444732209,-1.4169,-1.632144152212561
1.1460001216102456,-1.5696,-3.042111753996668
0.8419580184135512,-4.4476,-5.522692465720916
0.5174629710966376,-4.8707,-5.406387713041132
0.6415416664707029,-4.3767,-5.079875103958794
0.17096213688025813,-4.7152,-4.678482631248288
0.09685665320722818,-4.1336,-4.16852103121566
0.14762960643213216,-5.1997,-5.121689358630944
0.528611022033783,-0.3526,-0.9727683502251628
0.47613021394004873,-2.8998,-3.3909276593988
0.3322812969816196,-2.9504,-3.12340752794879
0.2676032157537191,-4.6525,-4.961710351537414
0.25754046171140876,-4.5726,-4.269830623439219
0.1993829372222674,-0.19848,-0.2526340336211214
1.2621289534131466,-6.5389,-4.722110925196654
0.7470053694185048,-5.8948,-5.033038993251631
0.36931197375214464,-5.4795,-5.43053575597788
0.4760328123392852,-5.2555,-4.819924767858516
0.6375205974240064,-7.3536,-6.816255588664378
3.3225189379009636,-0.1084,-5.334965322470385
0.4660438986954336,0.88542,0.3892413498659545
0.4362378465463726,-3.8367,-3.455631367748286
0.6883665863149876,-4.104,-4.763048458760915
0.5354605616103233,0.35585,0.9287564722144525
0.5911474798576871,-4.0244,-3.383956492448863
1.2821191745227656,-0.3912,-2.114270234816213
0.434320753784999,-2.9406,-3.227100018297829
0.6413320722476253,-6.8348,-6.384412965741086
0.63874873330423,-3.1488,-2.751039630534954
0.8782505232015282,-3.583,-4.60398470188917
0.5214498894756544,0.6212,0.060271652799116
0.8366987166924451,-5.6027,-4.530268873385017
0.10122217084712373,-3.5603,-3.597707632687579
0.14986701955355997,-2.9052,-2.755803838562102
0.3568925328699644,0.47647,0.6878961613814674
0.1942457931889852,-1.6353,-1.570459131705999
0.4288561241171563,-1.64,-1.312905191274464
0.50497765943559,-2.37,-1.8475094000019
0.5312396692051743,0.9278,0.3842262919485179
0.5794914975640453,-0.918,-1.503657307283208
0.1553353975657926,0.43988,0.4179656246552698
0.8012790993578254,-4.3467,-5.33008576597784
0.2504984264726221,-1.5224,-1.643654214815137
2.231674053284294,-4.3422,-1.312154287004625
0.3688489217963958,-1.1141,-1.025891419781636
1.6666884479172692,-0.16489,-2.138700032865476
0.6214720477298724,-1.5133,-2.08472982926483
0.5438564440870741,-0.85,-0.3275915281487814
0.1804615747763848,-1.45,-1.503213468114097
0.7177006479856135,-0.56603,-1.276739752571129
0.459621315045651,0.69531,0.1426216455261522
0.12928095987642044,0.26794,0.2419358264264494
0.07073996295693633,-2.4042,-2.356967450049405
0.14985669510158645,-3.4,-3.486518442365585
0.4121876528417046,-1.9175,-1.588468325325244
0.3393331070317692,-2.2957,-2.470522927260841
0.8747501086134138,-4.72,-3.869953752889641
0.4992005521860299,-2.1124,-2.538096659796541
5.445120751029123,-11.978,-3.220454619387636
0.3817844155873804,-3.5049,-3.407258240925067
0.5436584571961568,-1.5849,-2.137249645066381
1.0790728063119805,-1.9186,-0.3909103024508464
0.304381365275638,-2.2977,-2.118853886442749
0.4861686199198774,-2.4369,-2.162435939561406
0.7489905660828837,-0.15509,-0.9324145443732048
0.5112110209326075,-2.5534,-3.024590899228168
0.3189190337197267,-1.531,-1.762722534809401
0.41038932697924935,-3.9634,-4.292349204170929
0.9286295347604931,-2.4912,-1.392641539394258
0.21948062262239362,-1.37,-1.333972049607131
0.7405229070593105,-3.31,-3.464869379137861
0.6812509411809259,-1.9849,-1.323343913820689
0.6057869530875699,0.20026,-0.4437012344449301
1.1639587463329564,-6.6804,-5.299209480115362
0.27237325285615055,-1.0186,-1.195978927899431
0.39753043439886127,-1.1401,-1.558597611130733
0.6363171777213114,-4.0153,-4.741611384942848
0.3570791308339603,-2.74,-2.566735388287916
0.2663329621637136,-2.82,-2.900360728125575
0.24932634467223808,-2.43,-2.64334840466456
0.9127848118236396,-4.6727,-5.477613499803623
0.29631874228215355,-4.3884,-4.544941273106719
1.40183539522964,-3.55,-5.162136937076739
0.477717306469396,-1.1831,-1.614245412020714
0.82134729326121,-5.3006,-5.561219869076973
0.15601072669986668,-1.88,-1.851965999412253
0.4478638885627841,-0.97489,-1.355694781103768
0.677048369676021,-1.3122,-2.084392673708062
0.3375019517558839,-3.2673,-2.957239048228615
0.208991460300266,-3.1565,-3.282199026047395
0.1092861265419016,-2.613,-2.664687232663038
0.17251971259116533,-4.3873,-4.453990607808063
0.12302667211458704,-3.1703,-3.260905184305932
0.7519708188521217,0.4167,-0.4891706115443727
1.4579930850592626,-1.35,-3.485527452966331
1.4174130769593085,-5.9,-4.244558348773992
0.45983315803395264,-1.9334,-1.469554498561909
1.1183897801848737,-3.28,-2.072556808730627
0.18869087567446322,-2.3453,-2.420972653516188
0.4330776823694093,-1.0157,-0.8733529372172342
0.4144236008444173,-2.1698,-1.742177783065765
0.41869467083277084,-2.2859,-2.503424256569664
0.2650602785907266,-4.1886,-4.107804225955014
1.6865304608477651,-7.56,-5.878283632766557
0.6683087188072779,-3.3902,-3.862329013765187
0.1825200703969859,-2.4965,-2.453882374088702
0.17339091523188485,-4.1223,-4.063176349195084
0.7964773256642533,-2.0831,-1.282254025360799
0.37546111507617463,-1.2699,-0.949695205403718
0.1346245334101136,-3.0644,-3.092228559896033
0.5884260598422288,-0.9818,-1.458870710811794
0.194254529828416,-3.6612,-3.546712718498426
0.5430091443310364,-5.9807,-5.381826033724475
0.8254270376631234,-0.037776,0.9793315348215204
0.3941408799177065,-5.2224,-4.81942725288128
0.3872239348792632,-5.2224,-4.843951526829166
0.4144236008444173,-2.1,-1.742177783065765
0.8214944426565143,-4.882,-5.867343689349205
0.16560348439583034,-2.9081,-2.861602034205778
0.12545587659626478,-2.1435,-2.098447405062027
0.2697698206941629,-2.3754,-2.605542084208064
0.4033489864091599,-3.8746,-3.988466330997004
0.27166067818535433,-2.3754,-2.577751529905444
0.11213733617042804,-1.5741,-1.567366230964819
2.5215404828365577,0.18745,-3.520118564675458
0.1307374511268377,-3.564,-3.539815821767104
0.713507890479097,-4.4439,-3.79772474755644
0.5126029269107912,-4.0975,-4.530316067486023
0.4242556223697291,-6.4204,-5.965159480383064
0.4109461939215175,-2.9684,-2.562856266186069
0.7907100957463249,-2.9895,-3.915719086636124
0.2501504841447989,-2.6011,-2.454321453283519
1.653648576657461,-8.4436,-6.378097873618431
0.9636530152685229,-5.4455,-4.762974613521356
0.47686897627587127,-5.1936,-4.891138973783935
0.7408987317519834,-2.8507,-3.552759154684929
2.107627770434303,-1.3871,-4.354156999926284
0.7314717455530212,-0.99307,-0.0746236867771817
0.6248444463964029,-0.48097,-1.022329277911803
0.9753850039108402,-1.2088,-0.1143608496685785
0.2306146948968953,0.08,-0.2326024870327462
0.3771390187429366,-1.0023,-0.8636408457542364
1.0078637385166815,-1.16,-1.998846449299961
0.4187529566800188,-2.51,-2.942844126388004
0.49697370700788335,-2.44,-2.943781503818143
0.6506837250061568,-2.03,-2.765065863026584
0.42047420717757333,-2.77,-2.991024566629544
0.6838043325490539,-0.14,-0.7736466225003182
0.33999183686442064,-3.1,-2.952695786903806
0.28903934896341144,-2.6162,-2.346927238900148
0.9985416739837466,1.14,-0.1506163591896646
1.1453928340991306,-5.0483,-4.064588631040648
0.5123393019425307,-1.24,-1.315359508015421
0.3015695652779114,-5.38,-5.518386821532439
0.33521826958210504,-3.79,-3.557032786651647
0.30368688854190773,-0.8512,-1.08920704382098
0.3358100526887153,0.30342,0.1737776312783125
0.6374068651853734,-3.5601,-4.099031317123739
0.8351180429595435,0.93864,0.0448233960175735
0.22948709197784325,-1.62,-1.825175005202641
0.5451914222918885,-1.4991,-0.9208493632028676
0.1637568226787392,-2.08,-2.160608594256191
0.5431197446775403,-4.598,-5.066827908887356
0.37457852455171897,-4.24,-4.375247846428208
0.23456225619576757,-2.58,-2.398259803302453
0.4619527181514423,-2.36,-1.934126232319015
0.185586765034923,-2.3413,-2.229376074420159
0.15133920356683878,-3.2554,-3.25603758443428
0.31584713406384907,-1.8,-1.494904152657782
0.07877923993817121,-3.1389,-3.158198501140627
0.5265950428175435,-1.2627,-1.811738539605253
0.39525904116588156,0.106,-0.1787560930669179
0.21223402862489743,-1.5495,-1.658399250618201
0.2510862291878921,-0.94953,-0.7968965127421154
0.17513907225841865,-1.9133,-1.764657193529955
0.9952673598000409,-2.1279,-1.034676791681335
0.4404770330991804,4.82e-05,0.2452112275352473
0.7064149873929543,-1.1222,-1.590784368072203
0.3772999139950713,-6.0937,-5.849851579773784
0.24892730136879826,-1.654,-1.472382925878117
1.3316080019979752,-0.48434,-1.967526767604928
0.33501407505872394,-2.05,-1.696775031275935
0.7602220218953729,-2.88,-2.068944419987201
0.7213015286826195,-4.44,-4.961954632472931
0.8567629315643326,-5.405,-4.297589108599825
0.6093392108568297,-1.2333,-1.837331726225112
0.1917482265242964,-2.5656,-2.679733309686295
0.3565954713254409,-0.9674,-0.6871697399930988
0.21748631403863952,0.5273,0.6609623765070796
0.3471469685873377,-1.8246,-1.523262166544151
0.3669591511881085,0.69108,0.5171785425350869
0.5737982365704848,-0.95612,-1.751197213983062
0.31358190521502205,-2.9724,-3.332987191384837
0.13804982553485917,-2.675,-2.779057926279637
0.20513383943676108,-3.2415,-3.445377733452803
0.3751527019783099,-6.2929,-5.934665519899488
0.31955385867646124,-4.5251,-4.205494669724321
0.9468416083637906,-3.8926,-5.024203353416239
0.08111405685165243,-3.3846,-3.396853037068005
0.5743106379390821,-0.9445,-1.550201759576125
0.12578149133850464,-5.4112,-5.350063315226702
0.5653200431533171,0.19069,0.9062693848862774
0.6051163112670327,1.34,1.031475550758615
0.8176630303415611,-0.94287,-1.971894491781146
1.356655082107638,-3.6511,-1.857433356339022
1.0221889512673432,-1.1408,-2.423571724267747
0.41269593086414114,-3.31,-3.843707564252113
0.41269593086414114,-3.6037,-3.843707564252113
0.6865248553093353,-2.1239,-2.657470508589376
0.8830498880718687,-1.2184,-2.139452859774087
2.0579519701579683,-7.3915,-4.72328433823497
0.40398379450791416,-5.7131,-5.793481804175974
0.5533283972509683,-5.1805,-5.68011506584775
1.013579496008132,-4.6656,-3.852501845111127
4.668324067636613,-12.8371,-7.52213230438951
2.1895153230864572,-3.65,-6.284013133954629
0.8059888807414707,-5.05,-5.855209056236908
0.4359025398562224,-5.55,-5.38453318122377
0.4347048033136568,-4.0243,-4.03858855621876
2.2535115919484414,-2.8924,-5.659024545703355
0.467433506296347,-3.096,-2.854198055913961
0.972859128012591,0.4276,-0.6646863564041003
1.068491065435864,-8.942,-8.374757966654359
1.1709800617329074,0.67527,-0.7037291704286426
0.750239769329282,-3.1079,-3.888917879296855
0.11828257142312808,-4.18,-4.262952071375489
1.3993241500434397,-3.9208,-5.679301469876187
0.7509941194063083,-5.2894,-5.453246673339764
0.3272456192659012,-1.34,-0.9917842949841628
0.6696212684525004,-2.12,-2.831735243032821
0.5289708878281957,-4.79,-4.249168466699093
0.36064913805961346,-3.7713,-3.472475990472002
1.1709800617329074,0.48,-0.7037291704286426
1.916234452032645,-1.5991,-3.877224772628383
0.38808685089221234,-5.67,-5.372768062521297
0.40141886794580306,-0.89113,-0.5054004379503186
0.23470304745656395,-1.9426,-2.093452153968836
0.40792698214106665,-3.3797,-3.183000438305294
0.21873147378545021,-4.4786,-4.258850741268056
0.2015448446035521,-3.3499,-3.321009412915083
0.30996241171425565,-4.67,-4.528259204212699
0.5222261118092473,-0.5911,-0.8932443922341798
1.0973454437301435,-0.265,-1.652570166578882
0.08108991903997431,-4.7664,-4.794096803576517
2.4685968760542174,-7.1717,-4.529651097851532
2.327902169044013,-7.5324,-4.828728293646043
2.079569387460134,-6.3059,-4.077932215423715
0.5251049785047472,-4.7347,-4.24044391017523
0.5451291317560627,-2.5999,-3.094712343804959
0.5685487569430943,-1.0195,-1.638777315240948
0.2756465327757201,-4.2536,-4.203082215100522
0.49189422789105675,-2.657,-2.055960621259013
0.9487710003090445,-3.7185,-2.544023680627679
1.0144607804644834,-3.175,-1.831025407894005
0.47600673924949577,-2.375,-1.877504349085414
0.47840762937988346,-3.534,-3.815310285732254
0.6851564516909638,-5.8239,-5.102802707883972
0.19296114601608447,-0.46,-0.3250224387258389
0.18918136064663787,-0.97625,-1.094735734047802
0.3911236374479246,-1.6423,-1.278547934759368
0.3269219521846485,0.027342,-0.1539203878018888
0.4470266785077386,0.6341,0.18264309616343
0.4368042343998533,-4.78,-4.440417664004668
0.2866297975253953,0.55255,0.8594253407415442
0.4019973215519541,-2.1655,-1.700908685231621
1.2900492685550211,-6.8493,-5.353766536396193
0.6653738042565205,-2.25,-2.931117720303825
0.4557944306046421,-7.1002,-7.42137990121101
0.35712191643042906,-0.75759,-0.448199546248187
1.5708412117179262,-5.1935,-7.111068696821377
0.5927944409497474,-3.9513,-3.31311634464023
0.7347815286258484,-1.02,-1.988603473586351
2.0655435958216275,-8.06,-5.820049861428306
0.39009411014051687,-0.91,-1.244849497662732
0.2853684152851925,-2.9262,-3.093675520944511
0.8549671237883351,-3.62,-4.780848296076888
0.2591432247360437,-5.2438,-5.02639113242012
1.0883657291288926,-5.2438,-3.848811095735198
0.36632145734001453,0.18526,-0.1288635305304712
0.5825298188954557,-2.6836,-3.361471978250822
0.3420391080385393,-0.28176,-0.6666178353391843
0.17350982778116092,-1.9629,-1.931944401332809
0.5636391453742624,0.3326,-0.4283337332063674
0.5886580668449826,-5.19,-5.872917875324493
0.5886580668449826,-5.3459,-5.872917875324493
0.4610437148334007,-0.072529,0.3826366470228187
0.18020710719678085,-0.06,-0.2074672191777336
0.561038569027627,0.8292,0.1221132897254206
0.5549551255142319,-1.5235,-1.074624567602579
0.14488313684056137,-1.6296,-1.597771784560766
0.6708022303379174,-0.76562,-1.4879055961604
0.6994242136257488,-1.82,-2.601407968888696
0.5735447971110319,-6.4662,-6.188552467322765
0.43037214724238965,-2.854,-3.209994386368425
0.6848044575846461,-4.5144,-5.186485094943998
0.23057849585623227,-1.5354,-1.538656280850262
0.47972639017876234,-3.8167,-4.288579469214532
0.4617505173470867,-4.0,-3.855102012922476
0.304016647617029,-5.2395,-5.516517232446416
0.1743806051966094,-5.14,-4.966962961148887
0.6095576345305662,-4.15,-4.644642239715761
0.4846383485497733,-2.8712,-3.286765762838903
0.3524995000633214,-4.94,-4.799326362939212
0.38773205268283806,-3.9804,-4.226827855417412
1.225890462743713,-0.2232,-1.828433756680278
0.48271508547052233,-3.6304,-3.864957321970982
0.5803063543993461,-5.306,-4.674897145853596
0.5922871984258805,-1.8353,-2.518087279084741
0.3798444782328396,-3.5881,-3.391983636447971
0.337036028017689,-4.5649,-4.208857529718069
0.8392886407821232,-2.7442,-3.645837158190385
0.28914090018871896,-2.7106,-2.715715670037158
0.2716951525763873,-4.2886,-4.066920250198862
0.6736866455868674,-5.0435,-4.396284552381093
0.510589266205547,-7.4657,-7.210013876536745
1.3437875203668637,-2.3632,-3.797297423792292
1.639319487289609,-1.7556,-3.643141946087401
0.3645735940211507,0.12296,-0.2572479580134831
0.28302171604295373,-1.7728,-1.886032473535597
0.8988009718684712,-2.0004,-3.03619573844793
0.35584704262952577,-5.86,-5.81730658897752
0.9038581705623693,-6.24,-5.328249066761225
0.5733386366186641,-5.16,-5.474931936026179
0.5120111514495107,-1.9916,-2.419857685018165
0.34017588703522017,-3.571,-3.764494076550125
0.9315308558127784,-3.49,-4.43849845672262
0.4642574152639882,-2.1195,-1.698380523757832
0.33475294671713707,-3.4903,-3.776980637026694
0.4849895103261761,-1.7864,-2.26241610303348
0.14498539855652048,-1.6171,-1.481899684360981
0.1578778793892827,-3.1946,-3.188564536827602
0.4003277837655853,-2.7496,-3.118083604750125
0.3763169000024101,-0.40013,-0.7353721124599553
0.38200660094675293,-5.0159,-5.284050731522383
0.14768469296148576,-4.37,-4.336359877036577
0.1578297477890107,-2.53,-2.486029179781525
0.5207459049625434,-3.0061,-2.498212855438105
1.0269615893552375,-6.7876,-7.7392912326452
0.4863936170248904,-2.0454,-1.629710871148013
0.31458038569879887,-8.0045,-7.983339670692631
0.42823680808799547,-4.4461,-4.253928888373697
1.2539690946276782,-2.9533,-1.683835030766716
1.0888585251049827,-4.3736,-3.331109184116853
0.48181955390782527,-1.7923,-1.34670149691796
2.1278852396178345,-2.3559,-5.153168739929999
1.5362962098993915,-6.5029,-4.832370536883984
1.2488964527110682,-4.4814,-2.834349770261245
1.1523555709435438,-2.93,-4.42696833909141
0.33755039761374306,-3.0231,-2.709413390947846
0.5708680532639061,-7.8662,-7.3455367611834
0.40761236202227275,-5.3775,-5.637331362985053
0.25765403275755805,-3.1,-3.269359858990331
0.7462409332245293,-2.68,-1.914065500481531
0.24686384602622816,-0.239,-0.2999660270280032
0.7371578468586861,-2.4198,-3.125497311286742
0.6134631487433697,-2.0933,-2.698236017507651
0.9279722458393873,-2.966,-2.243708953736942
0.7923185510217229,-1.8899,-2.574517901157908
0.5694017490719369,-3.9734,-3.599293447231365
0.6560871408983023,-4.4362,-3.883342768289451
0.41370369449397665,-4.5534,-4.116743559039258
0.42424182845313474,-4.5534,-4.097339790152647
0.37767553918553276,-2.09,-2.593387305623221
1.0282429699576736,-3.0541,-1.648864778606094
0.09967532546184926,-5.0118,-5.00851115655025
0.3311136766653809,-4.6715,-4.455983366803752
0.2514749851790789,-5.4715,-5.386654055848723
0.37767553918553276,-2.4407,-2.593387305623221
1.7551326234003761,-2.18,-4.351716488499528
0.5391401387914239,-4.3498,-3.732020730605448
1.7778805425140356,-5.5992,-7.34510356636302
0.34189227293023555,-3.5532,-3.284999195815975
1.0252493299656738,0.34658,-0.8107073907218545
2.174580940852888,-7.0991,-4.274638783562748
0.2331861819072499,-4.6292,-4.717014648369678
0.3994297158913112,-4.2486,-4.070594551801616
1.4988599359739347,-2.477,-4.260080693646098
0.6893883785287891,-7.0,-6.577840436149233
0.6916388952603058,-5.3,-4.771595284665084
0.6352375006398557,-3.891,-4.446597333483251
0.4501560078497587,-2.2669,-2.74269993905156
0.7862723187245193,-4.4586,-3.717929065972632
0.8757743936922517,-5.5315,-4.352863372180271
0.07958331873569204,-2.2994,-2.269512697263473
0.306228637370595,-2.2321,-2.491493670186821
0.2860721183543811,-2.1509,-1.947343249484749
1.6869275294825377,-6.9836,-4.91732936762286
0.223597356904041,-3.02,-2.830772905122727
0.467662650019622,-1.5173,-1.071969681823094
1.4159964997686147,-7.0605,-5.301747308988081
0.9635291697455137,-2.535,-3.533487929505644
0.16421642645975112,-2.4582,-2.466598907489656
0.5109849284209063,-5.6414,-5.275009057444974
0.7640633054723689,-5.2847,-4.367876671231748
0.41929186082072284,-4.6549,-4.334291528964323
0.31990531611360173,-8.1844,-7.92176429401832
0.7574308733667563,-4.3594,-5.276416840375603
0.36503397305846064,-1.22,-0.8501934592366603
0.3890113158585892,-5.9784,-5.710597313211363
0.3145478225037477,-4.0852,-3.835309854753108
0.4205865196503835,-6.6726,-6.278153095466991
0.3417289436441348,-1.3795,-1.044471186738375
0.16705301829708968,-2.6013,-2.716706537077625
0.1878570724331559,0.15071,0.2500363305746786
0.22051998502227796,-3.0483,-3.194613852188025
0.20634363300244654,-2.3395,-2.200905694999483
0.16216366745585842,-2.048,-1.990675906517372
1.1136007573090616,-5.699,-4.313815239141335
0.3479224432477136,-1.92,-2.112257429696743
1.0770049113874982,-3.2327,-4.504864764622245
0.32815190106400594,-3.2327,-3.129557250464403
0.21729039756421362,-3.6118,-3.419208367191657
0.9912520337622673,-2.0865,-0.9719146715181696
0.20830177258343674,-3.7805,-3.933235371325631
0.3191527824564745,-1.3141,-1.66876942515399
0.25784058736585674,-1.5723,-1.761409996056221
0.19066156528021355,-1.8936,-1.68234061694216
0.35917436600870817,-0.64236,-1.114994884279073
0.3547305632016379,-2.4137,-2.089996639775334
1.1891292074116506,-2.9395,-4.423389510347244
0.296643144679098,-2.2144,-1.936048343719562
0.08163743674658319,-2.8817,-2.863610503240625
0.05576949730326833,-2.4896,-2.456478165768955
0.20766740187148255,-3.9151,-3.920988942919847
0.7453079284321875,-4.44,-5.182195160325891
0.24301122552975085,-4.2563,-4.218457078543983
1.062694823991799,-2.2035,-3.560847315909343
0.8628833338185754,-3.75,-4.471001601029164
0.18336453449786994,-4.29,-4.122687506368687
0.8150040736943335,-5.1663,-4.216549849548604
0.37733095468274863,-3.0663,-2.739412362329258
0.1493753479530973,-2.3131,-2.318700446123601
0.4701342175461826,-0.46531,-1.056937180635389
0.2989259289808265,-0.74473,-0.9503654994126348
0.7900940857092259,-1.8253,-1.265390702657844
0.8014655952813088,-8.3082,-7.367512676039278
1.2148512388663952,-0.83546,-1.831939342196189
0.3854709970837357,-2.1647,-1.818469691330714
0.14005304121808979,-2.1647,-2.215873420471051
1.0794375391154616,-3.87,-5.072424322550703
0.5941242555055494,-5.7372,-5.142077504506709
0.29543497690931536,-5.2632,-5.23692579493482
0.49917661848143446,-0.295,-0.8487521836373504
0.5160467889917552,-4.23,-3.737748590611749
0.523978036429576,-2.8409,-2.330372793181649
1.273423844716351,-6.0,-4.385643197453824
0.28848142414795463,-0.86806,-0.5357416520959244
0.5385347907825834,-2.3202,-1.641455166909387
0.18335166736311861,-1.5977,-1.462648173361726
0.4126036618416608,-3.024,-3.321600674754031
0.4418290048316893,-0.81831,-0.4102187265881306
0.13881675792533593,-2.7507,-2.766844386454643
0.4206906986161239,-6.2683,-6.164572418605023
0.2649168225923877,-2.0873,-2.148969949648098
2.5572958215297192,-5.3528,-2.404114535608826
0.27466484387987156,-2.4074,-2.556617964302871
0.4962241438258496,-4.6734,-5.159668217190034
0.34643160191725875,-4.1734,-3.995857917975794
0.044418576852916856,-5.5329,-5.534736957132225
0.8088705140585971,-2.2188,-3.605303278365018
0.3868720165037014,-6.0383,-5.760726442021447
0.46671810611803877,-3.4371,-2.941988139014288
0.25018196201519033,-3.048,-2.863550474867731
0.4909918282737739,-4.6897,-4.217887790518446
0.16234579622077125,-5.5413,-5.362371784425322
2.028780629582348,-9.2675,-6.767891153442522
0.9153691396142886,-4.5878,-3.596592885233253
0.8706446257744023,-5.0913,-4.146248677577861
0.8088705140585971,-3.48,-3.605303278365018
0.40643477955889934,-4.4049,-4.045343666369114
1.7866963913627871,-3.0277,-5.368107374198204
0.45971133114060597,-1.8713,-2.32126363352227
0.8537234543629346,-4.1186,-3.256408546795789
0.23443786901437458,-4.6123,-4.562562810670735
0.48749978446992015,-1.89,-2.342324961699134
0.7682224304961085,-1.8796,-2.681647822376386
0.7182950725644562,-4.3087,-3.417069413629794
0.43827643898503454,-1.8796,-2.176983446341296
0.5518090648099364,-2.8499,-2.376669951307972
0.6734979163665524,-1.0,-1.973487775636828
0.6859998771105653,-1.75,-2.575159393671138
0.1603862903212953,-4.9901,-4.861257358341381
0.3507677956246241,-5.07,-4.847070483772142
0.24762202349211912,-2.96,-3.098981192910551
0.42125998563107314,-3.4,-3.808454404262166
1.6042720937176398,-1.52,-3.593911499769638
0.1914908593939602,-3.82,-3.938935782702358
0.8947594019727407,-5.83,-4.641364537900289
0.2994140763886039,-4.31,-4.123688535051913
0.39316718395635997,-4.92,-4.856426129633198
1.8161235827848108,-5.99,-3.842671367463023
2.557176905561255,-9.8644,-6.556130262059477
3.3982339027464574,-1.1239,-5.101268283891292
0.36598638813338197,-2.75,-2.605867960929326
0.43008439846857904,-3.4777,-3.872045177746982
1.9960840025787079,-6.2683,-3.58823233241349
0.2867421748156396,-2.0481,-2.165497466396233
0.44927747260178535,-4.0675,-3.762027230462984
0.4293898796804676,-4.7409,-4.382729969525201
0.21747035582134217,-1.6448,-1.485229327613318
0.26911516737111457,-2.5195,-2.676897754992295
0.5585251492786143,-2.2998,-2.580847347227596
0.23256220364661698,-3.12,-2.902498358651882
0.22529985292908297,-6.7787,-6.56825936376768
0.21274016150588132,-1.0984,-1.246437337716658
0.11050980591861861,-0.96356,-0.8459939928065241
1.219285074972254,-5.5027,-4.455903323727266
0.3546957777520479,-2.8046,-3.131772895045641
0.14607180372053857,-2.951,-2.85168160602332
0.5590134574442548,-3.3261,-2.705262221880441
0.23245973326508262,-4.8,-4.928245133366737
0.2122008787811846,-1.2398,-1.372621029291445
0.2085179940463014,-0.90379,-1.099877764602685
1.8831393059677848,-8.0429,-5.567204599019148
1.6980612497050247,-6.7641,-4.381189181864331
0.5069611668964897,-4.4752,-5.063350511306334
0.2895328986439198,-1.96,-2.17828576992902
0.6388286854495492,-1.7815,-0.9205797417807416
0.1463006757980981,-3.5516,-3.594749935885471
0.16562713059093323,-4.1758,-3.978855573180049
0.2865321137140013,-3.0726,-2.801064232037147
0.6157095408957379,-5.8202,-5.293199542612894
1.047901094847328,-7.6306,-6.507938492437082
0.570631281747548,-0.69547,-1.200196179686161
0.54553410954541,-4.8455,-4.297194144812356
0.20539981947783864,-2.951,-2.838575023874692
0.5779805143644692,-3.4397,-4.101804608422341
0.8380994087180812,-8.1668,-7.349422605551906
0.7964843922981967,-8.4646,-7.56796204307784
0.6342745532818298,-8.1668,-7.403180387289795
0.8282944646351942,-5.1765,-4.524524368397158
0.3373855669641806,-1.7599,-1.995571196011129
0.25729563672755457,-1.7812,-1.944865039520372
0.20623542618514942,-1.1821,-1.291955228122012
0.1972323451152124,-4.6099,-4.681177351383047
0.2520525619095593,-1.0926,-1.045464083406576
0.24577105642507782,-4.6836,-4.755041845363122
0.2914994904893888,-4.4689,-4.275155739535998
0.4822578835792438,-4.34,-4.379645217572677
0.12792737019839742,-1.14,-1.09089508572924
1.5664562619959523,-1.71,-3.756983720094336
0.5887142387157958,-4.0989,-3.866691019977674
0.3825837697810244,-3.0159,-2.627602034533727
0.09508972953954908,-1.5613,-1.541429597647926
0.44427544395315344,-1.5607,-1.981788174319919
0.6815673185208824,-1.8441,-2.445211614243096
0.23882106652154758,-0.9007,-0.7497248374610125
0.10282710685303911,1.0452,0.9960120209515424
0.8495057836909684,0.6855,-0.2664162634640511
0.25076343563120707,-0.74261,-0.8749179326839522
0.6290579824859979,-1.1548,-1.885034011119379
0.3842410700336463,-4.0024,-4.102245551325855
0.32565679280008264,-1.84,-2.013852696031094
0.26390918703946575,-1.3146,-1.536444740103974
0.17813090978723223,-3.5441,-3.506170203257204
0.6888035803768944,0.4574,-0.4186845529599584
0.2854870351338128,-3.3354,-3.153607133160802
0.19135038251230918,-1.0731,-1.131928191678718
0.6046763179215978,-3.3562,-3.395797859966186
0.35345440303516473,-0.038871,-0.4115666176294562
0.44364936122279497,0.9276,0.4235471370929683
2.7102400266136697,1.5823,-2.004046298061559
0.3019372208855855,0.68689,0.88713373778265
0.28907595807163217,-1.959,-1.819099417245174
0.05780664599934702,-4.52,-4.488406364417886
0.46438033961878583,-2.0011,-2.247430974700756
0.709598710533331,-3.8943,-3.097560801123215
0.7364983519659508,-1.5751,-0.8826449962248661
0.3692481508143562,-5.0365,-4.675923279981385
0.7719588135958617,-5.2752,-4.347764510929393
0.4085127484619984,-3.8717,-4.26805159144569
0.3851912196799143,-4.04,-3.710623774719144
0.6115823129546598,-1.6925,-2.001789421908008
0.7694545873686667,-0.6537,0.2075059513791905
0.19128753879687788,-2.384,-2.511490927008022
0.27523777047623577,0.8397,0.7554476119039059
1.0587418194938747,-2.2017,-3.375761336157531
0.8978371165837384,-2.4507,-3.126693366092022
0.8693610576823403,-4.1784,-3.196852347421959
1.0593376462376627,-0.5145,0.628409843237401
0.587757843688526,0.36112,0.1171693037597668
0.7133133853147691,-4.0055,-3.371782224382179
0.4100654012521413,0.66015,0.2844801044491129
0.22066984662981043,-1.6849,-2.062926297091776
0.8997340414967104,-5.08,-6.13614106020167
2.3152264587040503,-3.759,-6.931423925163751
0.9476465449147102,-5.68,-4.648716998689814
2.258754969624602,-3.759,-6.573302350523396
0.20384556519220198,-2.39,-2.505599247077205
0.6986291322780409,-1.5758,-0.689002080646821
0.26977028309037077,-4.33,-4.189032696233349
0.15625883645383776,-3.1614,-3.16940633444853
0.4400929886576535,-2.06,-1.592577804163236
0.5006464285179237,-5.0153,-4.750287600991093
0.3559759526384715,0.20555,-0.2778125936533845
0.3511225437049644,-2.6404,-2.946516471723661
0.9251502191157972,-1.3676,-0.520997159713871
0.324983612034308,-1.901,-2.075157373383404
1.1508179591503027,-3.3158,-1.904407511062449
4.0322446656329305,-7.55,-1.882417536778649
1.3931316899450183,-4.9376,-3.139926849821263
0.3263298325921311,-3.3093,-3.200870191379979
0.5955737244659636,-4.0138,-3.518090101700715
1.109165586886724,-4.3332,-3.019016774032868
0.502107747615259,-3.4182,-2.913335277971342
0.6114485787840338,-3.268,-4.073075973715111
0.5085182271209115,-1.1098,-1.635705796561614
1.0332280816306765,-3.0647,-1.835735039402156
1.6672457714429458,-5.5961,-4.084866150393619
1.237172656864889,-3.4548,-2.7600402879702
0.45093914026579845,-1.2334,-1.676153180179749
0.579169633471014,-4.3026,-3.883756466716963
0.3634402473541058,-3.2103,-3.523879962015066
0.7015559856103306,-2.4369,-3.217219049625975
0.36928848322112773,-2.31,-2.440366889650034
2.2609334084377184,-8.4,-5.532650116200251
0.2874858842213767,-3.4527,-3.199389697796426
0.33676279615713667,-1.8,-1.415359951646261
0.10592614234296491,-2.7,-2.735325476665287
0.21728511664017794,-2.541,-2.644992042140843
0.33730039283333324,-5.2724,-4.937397908157449
0.2869795124089874,-3.1873,-2.908165722034466
0.32633013282791284,-2.6659,-2.294558303621073
0.7471908817062161,-1.4374,-0.8766306809765327
0.7977645981320889,-1.9175,-2.578636149884162
0.2842277607010524,-3.2483,-3.042049322417097
0.2842277607010524,-2.7813,-3.042049322417097
0.5206455068210536,-3.5593,-3.121751939878535
1.7676905715794777,-3.46,-5.865706550255823
0.18650731954174918,-5.4486,-5.597147701534638
0.7741651375784173,-5.4486,-6.34318566842064
0.18064994251700803,-2.34,-2.353033410419252
0.4733968510193112,-2.5527,-2.636550518279348
0.48763590105793597,-2.7808,-3.308207686657714
2.8792634749414465,-4.804,-0.7855274585573474
0.4885733181157609,0.97285,0.8130520317849628
0.37658914489251083,-4.42,-4.528836201172634
0.21218700503830085,-1.2075,-1.212123614900763
0.21930219785165417,-3.5802,-3.496063548317465
0.7676691544897247,-5.9429,-5.172632333869741
0.9622935371188928,-3.3,-4.216075033027193
0.254573567383842,-1.4411,-1.305235953118252
0.5662175281856446,-1.2319,-1.764353329273014
0.3719160700106196,-4.8819,-4.776149871947215
0.4395455786937677,-2.9747,-2.579801173497904
0.09404212742991756,-1.2371,-1.253598914562995
0.4118773507841217,-1.4211,-1.834563408284948
0.47267748539627064,-6.03,-5.874708208486473
1.2275079905465065,-3.98,-5.491916702220442
0.3215563444677409,-3.8385,-3.830534796924386
0.19225859692221817,-1.1693,-1.307302717169264
0.2544095470387944,-1.3561,-1.50141250577349
0.6933716193300741,-0.95762,-1.656081806393838
0.4944656249746319,-5.3619,-5.58681568318228
0.7743063341159793,-2.7275,-1.811149923805289
0.6809408892875827,1.0263,0.1494120404139011
0.6291561555888309,-1.0811,-1.744304972481485
0.17968542559595133,-0.29,-0.4507806317560494
0.612987309828814,-0.2275,-0.7474901553752559
0.5275803271619391,-6.13,-5.740759301942875
0.624017745047427,-1.3015,-0.7121013873238733
0.2857460735394758,0.90953,0.8978238102107285
0.3879458855705448,-3.2899,-3.014508434939138
0.2246127391786468,-0.6333,-0.6928508365955345
0.5881131963517491,1.1245,0.8836047742451423
0.16346617379013395,-2.4574,-2.340280208897619
0.10932703884996338,-2.0006,-1.958601651473865
0.11985473855117558,-1.4795,-1.553797852315324
1.0245269641153127,-2.0741,-1.592916212089135
3.1716530713822717,-0.76647,-4.219726423787527
0.4667072691956405,-2.1742,-2.665772602099474
0.8323998166807743,-0.70381,-1.804040306496706
0.7872181927688193,-3.7029,-2.594404899431316
0.2402434624652253,-2.1819,-1.95081599093423
0.672514641006005,-3.7463,-3.201233696608735
0.2745890911976084,-2.521,-2.261117317772629
0.2911788604729671,-1.8459,-2.128518616760509
0.6915365986681227,0.58786,-0.1853467831432803
0.21819124883519167,-3.3623,-3.160046451852055
0.14423038593813658,-3.1128,-3.232235192386664
1.1675140018889139,-1.8632,-3.186798912668773
0.5089524414486418,-1.5125,-1.777195872089112
0.5299479511763642,-1.9281,-2.474509180511641
0.3185046806597802,-5.2161,-5.583325370730922
0.14548602355765253,0.11144,0.0960223748742472
0.1587782162344631,-0.58472,-0.4634174543903499
0.3212356804320987,-1.4895,-1.261728372320136
0.5071006885214322,-0.95969,-0.5187429267765165
0.3185046806597802,-5.22,-5.583325370730922
0.6896725045536806,-1.6,-0.9157778922437974
0.6473827775692562,-1.9118,-1.154600135419173
0.5379080059794831,0.6,0.103818746489745
0.5671252285400307,-3.38,-2.958165919029311
0.5152339383632558,0.93143,0.4059182873482248
1.3922916861037462,-4.4718,-3.144602748582788
0.29315716006659764,0.71646,0.6136959610776654
0.45687891248624213,-3.29,-3.092725774980171
0.27536452845409726,-2.46,-2.524036286074275
0.3606193890905314,-1.99,-1.667984760424825
2.5249284858351464,-4.61,-1.032794657309997
1.5664343069122109,-4.1376,-2.704378800179205
0.7589943788470337,-0.097303,-0.8487281192603409
0.40888357467413994,-1.2668,-1.17255414995783
0.1466277368412666,-6.1919,-6.155838435069057
0.9653987781601566,-3.236,-4.060566779673828
0.5897354350392389,-1.0966,-0.4215678694765103
0.22460886944371045,-0.74,-0.3643349840695067
0.29349316164958617,-0.511,-0.5096700184603337
0.2721373573343568,-4.0097,-4.076601508383534
0.2764209606467423,-1.8427,-1.990721208573162
0.7610770791961609,-2.4341,-3.223253838051496
0.561608221708995,-1.3722,-1.974616904282707
0.2934366930880953,-0.99389,-1.217403393464695
0.9720162926352957,-4.9367,-3.845544946321134
1.4136565949686117,-4.9156,-3.161469647016077
2.12034589005747,-2.7435,-0.3028976659236873
0.22837583663184158,-3.8727,-3.862977646676954
0.22447596166018677,-1.461,-1.573105899195685
0.4426789459469774,-2.1554,-1.697016608330778
1.1948758074504242,-5.54,-3.878540765791889
0.3471764647897013,-1.2157,-1.509324892136367
0.3476372510627336,-0.57377,-0.8764964725575377
0.20603375795404585,-0.93126,-0.8460150039582404
0.1044453345114742,-0.23548,-0.2328904403936573
0.34817772073721953,-0.19431,-0.3677788567887654
0.32055410608323187,-0.96868,-0.7481832620581234
0.5870592574281593,-0.12111,0.549780224200564
0.676083473956053,-0.89301,-0.3245526540837173
0.2634766239353782,-1.6405,-1.446038403716046
1.239214378194881,-0.75244,-2.23854027540432
0.3973702392618395,-0.79406,-1.121116542038207
0.060007408241203326,-1.6,-1.552793215686341
2.0684701424739522,-3.5462,-0.9672732074814716
0.20553591862852014,-3.47,-3.414257606859898
0.9743179191750991,-6.556,-5.23418863830261
0.5301481673092817,-1.2793,-1.084413166158881
0.5301481673092817,-1.9202,-1.084413166158881
0.42474058661704367,-0.51056,-0.8000603217915663
0.9564858881870323,-1.4982,-1.850888883790368
0.4524730681157536,-1.2143,-1.690166332899352
0.3797407604190117,-0.89348,-1.224133559262178
0.200891066659448,-1.2471,-1.278768743952943
0.28793934973510354,-0.8996,-0.6000443818604458
0.259801242321143,-0.58086,-0.4725653345932255
0.09072938535874626,-1.3467,-1.338791772603871
0.997782223000427,-2.16,-1.018650005114432
0.48091629601138147,-0.6525,-0.4744897404203165
0.7720994576022481,-0.3463,0.5300344788056004
0.28784972062680464,0.02,-0.3389185767819974
2.7270895944457836,-4.7163,-1.119171676534837
0.42924588999206387,0.28284,0.1444252152471161
0.5346449845041963,-3.4181,-2.975884152885675
0.4525591231821165,-3.2715,-2.851319644530194
0.8534074825201067,-0.35,-1.541865409893151
0.19560351407774135,-2.1826,-2.22763226982703
0.9336379572537762,0.1059,-0.9266382669182832
0.7732323729457019,-3.16,-2.257024331627641
0.40501175868893063,-1.343,-1.24709789147935
0.616035731122149,-1.7546,-1.459249812406268
1.0610431570879968,-6.12,-6.861983439504322
0.13110305006751244,-1.1,-1.052285641674626
0.5005726892317793,-1.4405,-1.903859377379938
0.257278624700669,0.97443,1.254909409659625
0.29165755238935004,-2.77,-2.985148649245294
0.6886056771420034,-2.49,-3.194508398277029
0.06758738277928483,-2.5605,-2.565296590722263
0.9531524404697158,-3.025,-2.002032361835429
0.1977099031388881,-2.65,-2.429648194252812
0.6572767031291081,-2.4412,-1.832745326577178
0.3034039188830071,0.67107,0.3889656352280586
0.572934045463024,-0.6321,0.0336962179702599
0.7077998239098535,-1.985,-1.336632778548051
0.38031327141755633,0.40369,0.5100885479752308
0.47991092436217847,-0.48,-0.007518508114586
0.40182904625457266,0.77165,0.4277470766259001
0.1751110764376181,0.3302,0.2342283875088298
0.470745026404495,0.23465,0.6189992857044705
0.3607943461803577,-3.46,-3.56278389482029
0.5137956069740347,-3.4,-2.925144861642606
0.26919192309096035,-1.7006,-1.642661242700184
0.4345006866525079,-2.12,-2.001142048100349
0.1869715305541243,-1.6877,-1.689560789762082
1.2126073854827868,-4.6646,-3.662056019912029
0.7052018406882802,-2.7423,-3.397537754399945
0.26127401433179154,-2.9471,-2.695804749330064
0.17274380008422377,-5.0248,-5.022580412916703
0.27933729958473946,-3.6212,-3.516010507999267
0.7944989712676986,-6.58,-5.934530626728543
0.2790511725548271,-3.5916,-3.66914513905314
0.6191253216970547,-4.8464,-4.250524272093214
0.2815929870870694,-0.25529,-0.4444892806611259
1.2061963975770464,-1.41,0.1502189748880202
0.2932707971513074,-2.61,-2.432931249995916
1.5015472551274809,-8.0544,-6.404267394040883
0.9890597054878899,-1.3055,-2.331212264224491
0.5586516071802636,-2.1739,-2.558419675858947
0.38970915423230473,-2.37,-1.9739643608196
0.8080753352419091,-4.3414,-3.481587564916123
0.8617439796215797,-2.12,-3.012536969719496
0.7480891246912499,-2.42,-2.918679171212924
1.2003300099253424,-2.48,-3.73977250622848
1.5796798151339038,-0.95,-2.785808773491738
0.45515790430546793,-1.7648,-1.553268371683611
0.3689358364978177,-2.4908,-2.227227149438597
0.7615472608651647,-3.5583,-2.840279934108925
0.9203100507825269,-0.76394,-1.65982562187366
0.36794158367519364,-2.34,-2.5762737728237
0.24692008911832808,-1.3157,-1.342727280828646
0.3610688509323144,-1.1683,-0.8226497019184043
0.19753422016492422,1.2434,1.153308685690426
0.6172406752284334,-1.1232,-1.924055449506823
0.9715552241106573,-0.61739,-1.558898309732252
0.4242463129141707,-0.15575,0.017715280867838
1.1016719542459612,-1.0248,-2.353906707462899
0.9528870916532729,-0.94831,-2.031568301453056
0.39568552116145383,-0.87216,-1.241481205374658
0.6085218234300459,-4.92,-4.289437073612125
0.5077430927116836,-1.624,-1.39132195922319
0.2037489949596945,-4.0694,-4.24112566034831
0.3429601236105708,-2.8431,-2.419267125176735
0.4460695569501503,-0.21841,-0.5881835056077819
1.8703038436796628,-6.9515,-4.66413883614919
0.3472415755141289,-0.4229,-0.6617475513681906
1.4297508261278633,-1.5983,-3.384956494425862
0.413790641821068,-2.7929,-2.659034276430302
0.4728760963096462,-2.5268,-2.23576750421751
0.310197486696725,-2.1911,-1.990611277349809
0.4095175685425751,-1.8338,-2.193772033459664
0.9599398863010705,-1.1041,-2.188383453791362
0.7379778486919527,0.037955,0.0035329324694636
1.762666983924226,-5.67,-3.458712389170335
0.2809960039075487,-2.597,-2.523154072343548
0.8280183465103792,-2.764,-3.580338789409727
0.6836744695740627,-3.55,-2.786861223096273
0.46682266119703525,-3.9363,-3.51463637443338
0.10153787326182682,-4.155,-4.18507861294804
0.8193108110784203,-1.6093,-2.608104298813921
0.40563562859852653,-2.759,-2.734770827890169
1.2312750663152785,-4.8,-3.480737732148065
0.6228252052663289,-1.8494,-2.334815049523359
1.0095954069392319,-3.7,-2.409577432162671
0.4822003599792755,-3.65,-3.39042117957778
0.8350728378224612,-1.7854,-2.834520301490675
1.131251049676182,-0.2592,-1.687252205264061
0.5050814097511421,-2.71,-2.203514691677472
0.4731126916708385,-1.7701,-1.373509266142859
0.3951899796155185,-2.0414,-1.679742198874678
0.5072188450454536,-3.4,-2.879636901578312
0.15724095888886708,-2.06,-2.122711376976133
0.6001583786537442,-3.2696,-2.596176503874524
2.801943942498844,0.3783,-3.511044572728171
0.3387224810993771,-4.0935,-3.808560022532262
0.3649378215332969,-4.0935,-3.725916690337565
0.6880611396303482,-1.6312,-0.7634993165700281
0.2944017172544581,-1.3045,-1.496813871025343
0.5967552407897557,-2.2699,-2.924567682657331
0.2863313811030268,-2.1304,-2.41179581460472
0.8307722356120489,0.51,-0.5660206280920164
0.7154259509715569,-1.92,-2.746908809448515
0.1832033145858209,-1.1278,-1.089710930339765
0.2994165534348476,-1.3625,-1.112365804854866
0.30313757653847945,-0.48843,-0.7513144818268559
0.632893667641721,0.61387,-0.3938388845129763
0.632893667641721,-0.14123,-0.3938388845129763
0.4304127332068618,-0.92654,-1.296250353236158
0.5386039476600322,-1.1988,-0.7040096723077087
0.7940545546495127,0.33312,-0.3745392694724418
0.23491999079573503,-1.1375,-1.316144652005313
0.9632394182823109,-5.269,-4.176805627738834
0.9295452089160896,-5.324,-4.207992477701287
0.37908829689627105,-3.4949,-3.243094376684635
0.5372759633045989,-3.38,-2.880706732307764
0.4897216800039007,-2.4,-1.894117529388711
0.782232682914422,-3.97,-2.927179483645046
0.6867936645097089,-1.9759,-1.195099410834084
0.6979261029486469,-3.71,-3.139339864476859
0.7203678689494383,-4.8495,-4.003502118607784
0.4087342132335898,-1.3904,-1.726188547639189
0.34131696968550757,-3.1549,-3.265226650444309
0.5012061830215546,-2.48,-2.256994950151618
0.40210391756152236,-2.01,-1.954744483618535
0.8953098166533092,-3.23,-2.247536129657565
0.3629637795937147,-2.4942,-2.373828891682265
0.9651184518264038,-2.3849,-1.261924772444076
1.4749186495259727,-4.9755,-3.4298128823329
0.12186464843360735,-2.3,-2.278567080806917
0.4132691069385475,-3.5743,-3.898208973127285
0.29269752372045005,-2.25,-2.420946144242852
0.9813857919317946,-2.74,-1.682387643301311
0.5163264351709159,-1.87,-1.394167737498632
0.04293745702272847,-3.5278,-3.524183392360349
0.14472584249273054,-2.9937,-3.101685531703935
0.05734044124039998,-2.7264,-2.706359659258624
0.07366673458666821,-2.1934,-2.227381539933517
0.730276969533141,-2.43,-1.64415140910461
0.8719977765099679,-4.43,-3.364533302797372
0.24596859201012497,-1.3594,-1.431148642495552
0.5914521348909062,-1.078,-0.5077205273304665
0.6582634025598223,-2.12,-1.481068706213677
0.42005498814321485,-1.5869,-1.766715100383372
0.49507881405740867,-1.5701,-1.191689537246422
0.43774150841911835,-1.59,-1.261642837044431
0.29962787902372123,-1.73,-1.649839913931625
0.39181516798616484,-0.067074,-0.2508262640530189
0.4216810936579259,-0.26128,-0.5939801037961344
0.5036639417128557,-1.8856,-1.354432296767053
0.35020358156996634,-1.29,-1.36519799558396
0.7658533489266557,-0.078452,-1.12473859926015
0.35899613894730253,0.28863,0.5997262281099407
0.8346776606791743,-0.5,0.4126850729146833
0.22722605832433204,0.966,1.175240231538661
0.8346776606791743,-0.5013,0.4126850729146833
0.3646411570023354,-1.5381,-1.833077220074303
0.3636989131544165,-0.30105,-0.6420026118601836
0.09184738420818991,-0.56433,-0.5668014200870539
1.1743678036176164,0.25136,-1.299565909980761
0.5569400373107817,-0.095299,-0.5770275197714178
0.6557569569045273,-0.43393,0.4058766175546581
0.3360473475054559,0.83788,1.117979406251733
0.2449919191548543,0.66914,0.5083836661507032
0.3491202835363204,0.79888,0.5183646793526993
0.6590574502831807,-0.89299,-0.3605881208461514
1.032011962708522,-1.6154,-0.4974651554086379
0.49685482643317874,-1.8632,-1.464019449755063
0.9549320328716174,0.92776,-0.0387565904894687
0.3540358589655634,-2.16,-1.788091264401423
0.17219741245463244,-0.1372,-0.0918210971795484
0.21649156527504826,-0.6787,-0.791658296728001
0.47256068380020894,-3.6476,-3.290292587002424
0.2169051244641436,-0.8275,-0.87821804353798
0.3848470997453471,-1.92,-1.723055521219925
0.5618591807509737,-3.9463,-3.478172608809735
1.0133488383555387,-5.1911,-4.021725985480386
0.48821187354037643,-1.276,-1.896686737757298
0.4066069245994858,-3.018,-3.261323563596789
0.21385901515459793,-1.65,-1.81731580953082
0.6235181096246509,-1.33,-2.029931852947556
0.6084694946305962,-1.5812,-2.115780583492601
0.6269976095642454,-1.2847,-1.935717278364343
1.5490270638925066,-1.82,-3.723457434853875
0.419762335377072,-2.55,-2.770374897643967
0.10739652752872067,-1.0471,-0.8249302783734516
0.29688346167373275,-1.4806,-1.672290630880408
0.2714512232413212,-2.5141,-2.237865310773905
0.5966176660682447,-3.4659,-2.755210004407787
0.3981401325926587,-3.08,-3.490835355680402
0.8570241335320022,-3.67,-2.725377022071258
0.9890468374389296,-5.28,-4.125586434190168
0.35901831161378417,-2.4,-2.076888177697138
1.078216040252292,-2.91,-1.719367826342943
0.24741363196460742,-2.2,-2.279075745877779
0.4851079857872871,-2.32,-1.825331727243354
3.255981614794294,-8.2497,-4.462145244837097
1.5449622488125982,0.041893,-1.698397381320747
1.1594508256420033,0.46122,-0.195605602791099
2.3598416384414325,0.58264,-1.930502807439948
1.2855727273648672,-0.8922,-0.4124011258016222
0.18204346558811246,0.22188,0.2420781515166022
1.066202989013852,-0.29182,-0.946838836605148
3.1806534482879183,-7.6244,-3.608183688642679
0.16653002681267548,0.39,0.5728150585421024
0.3432834150332614,-0.17,0.207146638916722
0.2028438110940404,-2.07,-2.030574882632715
0.24745985033958476,0.67242,0.4807822385114243
0.10096155401451128,-2.52,-2.579837580741055
0.5985274900558395,-5.46,-4.867234672289618
0.33419924208828244,-2.733,-2.498444905341466
0.42768479886332195,-3.0144,-3.432548474151023
1.0306957028930839,1.1701,0.0559490817234889
1.0905799329895633,1.3771,0.1444947775451283
0.4212269706294402,-1.7705,-1.689571257985604
0.3930912617074277,-5.0963,-4.867045885049117
0.4180213728487828,-4.5591,-4.133665694461893
0.29282487312773,-4.51,-4.559299715467455
0.6916361547744755,-2.5859,-1.892374545534701
0.8482945567837379,-5.4,-4.45870212181355
1.214831875377775,-5.42,-6.780269675086378
0.5299018538905836,-4.5531,-5.146354853825652
0.592685751735995,-4.8057,-4.643615354086775
0.3004554668383354,-1.7954,-1.814225851388529
0.6280050086539063,-0.68825,-1.355424146538422
0.7737231606744962,-2.0524,-2.977810634244942
0.32015006637506205,-4.0,-4.202118053321866
0.19981668587810394,-4.1605,-4.105948386852091
0.21311882694986672,-2.8659,-2.732500951196964
0.31144179943488426,-2.05,-1.944312930381561
0.8061360504460332,-4.8,-5.561260481921757
0.272381139066375,-3.0,-2.833862095112626
0.5356797872496855,-0.87674,-1.567886338303715
1.4467852368083751,-0.48332,-2.405982901674454
0.5774299847322031,-5.22,-5.039155025119351
0.167375677469632,-5.46,-5.50819310957747
0.502068217189358,-0.8817,-1.421560936866549
0.5474043313414735,-5.6788,-5.726332365665034
0.18744124631266665,-2.2143,-2.30642925872242
0.22733210569659476,-4.0484,-3.828108756227138
0.23693776260603783,-2.4815,-2.460570896061391
0.4266540555372502,-3.0705,-3.300713636012273
0.6005300680784305,-0.051455,-0.495162737507804
0.1883143690562498,-2.557,-2.418037065078478
0.25909196620254576,-1.4861,-1.566399805298583
0.24845574666138392,-1.8476,-1.683792588922089
0.8731737003421894,-0.8817,-1.635944481774376
0.7449806541382107,-1.5093,-2.072431704970201
0.3205356126678865,-0.281,-0.4957318038738312
1.1701594142958374,0.81802,-0.6636589084424104
1.0525184197104998,-1.8146,-0.4936410231825409
2.4689467162183805,1.3648,-1.374773042093491
1.5884750197010782,-2.6501,-1.66986586249609
1.3912112549296396,-3.4731,-2.652489732852495
2.464939342396909,-3.0045,0.3550435925480129
0.16818823217617423,-3.6565,-3.670713101298796
0.17465480079430384,-4.6447,-4.717618178525992
0.3628964583994189,-3.3393,-3.151904730932929
0.8800546645800255,-2.8863,-1.701237123409312
0.6750345788543942,-2.0841,-1.378721963636297
0.26378492429440015,0.47362,0.701029227261774
0.6807313862465781,0.30943,-0.2020727457515205
0.34704450103515677,-5.0664,-5.268843494066822
0.5645988564972576,-5.022,-4.421014317191482
0.8330714135310887,-2.6781,-2.555133149283102
0.5280502953150847,-2.6079,-2.429930866194963
0.7138386953235318,-0.8829,0.0313858974108164
1.2717655359652822,-1.2983,0.0540608024501572
2.018572291731276,-6.2794,-3.843967382599921
1.4969482560871246,-4.3664,-2.770334140506656
1.204999520241761,-3.8222,-2.681236664338248
2.2829038097509495,-7.1436,-4.631314499084993
0.4075098535778656,-0.10749,-0.2811237342051238
1.0889527484173356,-2.254,-1.127888927484556
0.7767430494747346,-0.95457,-0.1407240584620065
0.5025101747185171,-0.017922,-0.3685288233378891
0.7541535212222514,-1.2162,-0.4338678683762857
0.26673037961677776,0.3961,0.166715245628997
0.2854334817823925,0.024803,-0.289996992884012
0.13418665766238258,0.14442,0.1477179781862394
0.14973679646563876,0.83507,0.6786437359287635
0.24413914001881462,-5.1241,-5.23204633648173
0.16818823217617423,-3.4613,-3.670713101298796
0.26127560712746917,-1.9029,-2.07432327837413
2.168901898971099,-1.8745,-4.785787764719453
0.48814084620391296,-3.6723,-4.184662302645385
0.8521912782425792,-1.72,-2.517913083251345
0.8403423233869158,-2.5216,-3.497935899853601
1.6960219769417304,-6.948,-8.671842911812417
0.6494458329833216,-2.6,-3.234755559036781
0.3560231245781826,-3.9433,-4.066894214119513
0.3066800729358983,-5.2786,-5.367249072641431
0.7773113866284233,-2.9226,-2.198272690521087
0.3152178483979856,-2.2926,-2.363925485267182
0.24162845664798488,-3.096,-3.220518210850964
0.4769067129895912,-3.5011,-2.956559552492506
0.3605086749979645,-2.26,-2.534058354892442
0.35755755195860606,-3.6823,-3.888389179210431
1.01236367371729,-4.23,-3.063466624221878
0.7136177904138573,-3.5304,-4.380170907617382
0.6887857576893545,-1.7037,-0.8470038580125567
1.3521932756851458,-3.85,-2.348003793246495
0.3487698167336813,-1.6527,-1.948910361740555
0.318845347306542,-4.1887,-3.87491204921001
0.6722550027968067,-5.0492,-4.3278381464107
1.4453333189973299,-1.32,-3.202660050822935
5.110979691674614,-3.3941,-9.698576001551414
0.43237063380375196,0.4121,-0.0212076217314239
1.4226901638136331,-6.5552,-4.833828020241858
0.5283173911522908,-4.6503,-4.927488308407401
0.4034608355375092,-5.679,-5.9529641163591
0.7268603195640756,-4.1183,-3.330947163671747
0.4663073257804722,-2.68,-2.910744637460248
0.7704312176007915,-1.9345,-1.22138349617243
0.4399349569672157,-1.9068,-2.365814691830888
0.3457035665203726,-1.1488,-0.8305977261344212
0.23136972710763415,-3.3829,-3.451035267632601
0.554477741578016,-5.0556,-5.339446081362421
0.9329543055563895,-5.0556,-5.740900425340243
0.24499218396080583,-3.4556,-3.582890421390622
0.6980899441253441,-1.8082,-2.446057979246633
0.32775903312783283,-1.3834,-1.089923180789237
0.24787973029868585,-1.102,-1.210090943737012
0.21414885005502954,0.6353,0.3753085554159418
0.5892458066535347,-1.268,-0.8216506433111701
2.4744881336238285,-10.9117,-9.003175846069745
0.6134265007448494,0.77937,0.2055750477954309
0.7927144351668722,-0.52561,-1.426848925167872
0.8990360591111481,-3.9793,-3.156133864926663
1.6173629311210758,-7.1568,-5.027578463406415
0.41774786773724726,-3.295,-3.62746683303928
1.317827860068305,-7.106,-5.608941330439972
0.14572881374827226,-3.39,-3.357025204600493
1.2631093665771373,-7.8433,-6.376966809442008
0.48324497383545634,-6.0809,-5.795560646580702
0.46998287057836047,-5.05,-5.379933861159055
0.21134541636906834,-4.305,-4.196089235532787
1.2628554900379705,-5.7165,-6.878162167117289
0.2167521850908173,-2.4568,-2.47283824599177
0.5025858371252474,-3.3371,-2.759401789162293
1.1302715977587807,-1.6184,-3.063866144592894
0.20321475001865175,-3.8028,-3.850595072863118
0.8498831990065571,-3.85,-2.77865912982033
0.29559345934598164,-2.2251,-2.456417947212922
0.34242662541584146,-6.9783,-7.096339115773183
0.4886434874150624,-2.37,-2.991752081018871
0.817129456722457,-5.5488,-4.578642333432865
0.7585260062805284,-2.0863,-2.793087401394904
1.1277339831283515,-0.634,-2.093270354521397
1.2911223176422844,0.10578,-1.20793887175087
0.5890778093079551,-4.0201,-3.527789750625885
0.4104756471628431,-2.4538,-2.703860279598547
0.22362533553284203,-2.15,-2.158105694605634
2.0555370722511443,0.41084,-2.545834860226267
2.3002932258879163,-3.48,0.2338080171700172
0.6402540695327805,-3.2939,-3.83986629376533
0.3580543123903762,-1.3212,-1.581705089132921
0.2548110905512804,-1.94,-1.973950796957513
0.33551378164474044,-0.79384,-1.136511202186284
0.17852896843478752,-5.4952,-5.303979228406946
0.3032419053741628,-2.4574,-2.718660779403967
0.21727719887496239,-2.4574,-2.624291324595645
0.9843733315076296,-2.4776,-3.847403307868621
0.4788457176928748,-6.1219,-5.709160624113202
0.44666560480329964,-4.9263,-5.118780388031651
0.44482425594119607,-1.3019,-1.611136667430925
0.6593533869730615,-1.0071,-1.630757379238179
0.23602464939968684,-5.7178,-5.658057820315278
0.3325653579777756,-0.5831,-0.8002737573802984
0.8393971451696131,-0.6873,-1.712685350462802
0.5361354776325203,0.8896,0.3056742829107536
0.8362136058839263,1.0176,0.2279949648508533
0.40915290937161997,-1.2118,-1.473271363961735
0.8779549226294937,-1.1988,-2.056772845926295
0.42722154980041466,0.61,0.3820174880529034
0.444402624811219,-2.1065,-1.724812222658485
0.16468200391186114,-1.56,-1.475462074285409
0.31977419272293317,-0.2374,-0.1146288416697939
1.0585488708109834,-1.9657,-3.267887496177266
0.701693296921215,-1.377,-0.7211338693964788
1.4327317564135345,-0.4188,-2.456704454290442
1.080874599868399,-4.9037,-3.694908063100054
1.0398600606090846,-4.9037,-3.458204603935322
0.788984670875549,-3.4,-2.382993698731403
0.46482632808710933,-1.4386,-1.62260516488908
0.46204178200027957,-2.1122,-1.633870900188992
1.6678965101440937,-1.05,-3.706928224758639
0.6236035777291252,-1.4481,-2.109883141184961
0.4594077839991843,-1.1841,-1.636347384503436
0.679077729630468,-2.1253,-1.493669160007686
0.48760475302968176,-2.0792,-1.628681563026863
0.40874378309237014,-4.64,-4.370896003624377
0.7755893494862569,-3.1925,-4.069522808105069
0.6091030202984183,-3.31,-3.92985854866535
0.27223151715203564,-2.966,-3.013151445217702
0.322831891066448,-2.6003,-2.641059965994827
1.1425378964556925,-2.62,-4.102281701841605
0.47665710785546034,-2.2816,-1.797580271946343
1.1510394761625118,0.6087,-0.7667383077953007
0.6859159804161356,-2.8935,-3.442078162520354
1.119661917388455,-5.8929,-4.529008212638858
0.15052042995705325,-4.9408,-4.860285915565591
0.4572605849432552,-2.149,-1.721097027930392
0.25760064542092076,-2.699,-2.645932038395655
0.4734480756086177,-0.7485,-1.218487019838353
0.23562790170763706,-2.11,-2.041131234012686
0.8792101762851295,-0.976,-1.9865909321018
0.43041814929340866,-0.77089,-1.117598142814869
0.5080822545040707,-1.7447,-2.184309786991065
0.865760595133231,-3.0074,-3.94970185871469
0.8322488179966746,-4.0814,-3.168267113828393
0.3825252307449803,-1.4825,-1.285480050928697
0.5895645285993586,-3.2626,-3.666469935090191
0.16658385591527505,-1.8823,-1.857283266945108
0.42102873557549925,-1.5508,-1.155710219412994
0.20034899366048736,-1.676,-1.586116753687736
0.4379032027861776,-0.425,-0.8685895121234888
0.2808947246463591,-3.65,-3.741330071632439
0.9341741374225987,-3.13,-4.171653584781726
0.29872979741996075,-1.94,-2.113874616247381
0.29474025735662546,-3.4043,-3.279740268812061
0.47056453967493034,-1.17,-1.620893264532945
0.400701824903976,0.54292,0.2803249940166432
0.9541755672050837,-2.8135,-3.80453380472028
0.17852435222955365,0.835,0.5185785214529155
0.4291852417093466,-1.4933,-1.708536898718833
0.5101595549385439,-0.611,-0.0808872462758436
1.169582462368714,0.7037,-0.7727908946472251
0.41345095488769246,-1.2557,-1.600791805799713
0.5091708597498071,-2.9191,-2.315643980150917
0.4761720755174396,-3.6464,-4.137074754807561
0.2348037286791566,-3.6464,-3.82086837647313
0.44932802576993686,-3.6464,-4.132252672270896
1.142988107161505,-3.0813,-4.431565478651181
0.4372522586021643,-2.2471,-2.571840384564072
0.25214626384268735,-1.7691,-2.004215501198456
0.2739591024151109,-3.1737,-3.086802040915178
0.9832998105341508,-7.1795,-6.338515242202366
0.29721999526895043,-4.26,-4.219589969717557
0.570508296035802,-2.3923,-1.825411897575279
1.0393630972442143,-1.6,-2.864253915805001
0.4527234499112663,-3.29,-2.690441826335833
0.22886307986782295,-2.0944,-1.867775336369511
0.4442203238052461,0.93713,0.5482605014455878
0.4163594118346164,-0.73975,-0.4596327015064369
0.6389316272336152,-0.56005,-1.344971338018685
0.359340463888,-3.92,-4.089387111930274
0.4865291753815507,-0.5101,-0.1477613191353333
0.41604654513975736,-0.59,-0.2216423790717478
0.8090413797227072,-2.16,-1.206668774356842
0.7942633683845508,-3.75,-4.720462714804892
0.26941724169073544,-3.41,-3.574430973668476
0.5239281681347635,-5.1247,-4.525689918127883
0.2988053393390279,-2.34,-1.967831939262716
0.12604727243929192,-2.51,-2.397434859793466
0.5079522211670021,-3.465,-3.160471401050723
0.1962566414389017,-2.8097,-2.566780076377649
0.8036346996386002,0.55114,-0.4044312802454875
0.3233622397504972,-1.4243,-1.46779175852206
0.44135494420954474,-3.2289,-2.857220686422057
0.6173874157019443,-1.452,-2.004638216208091
0.6279193074907452,-5.4798,-5.536793125887506
0.3792322281900596,-7.8082,-7.541373618318545
0.10824477761848289,-5.993,-5.964044012421616
0.19844328055921526,-5.691,-5.855681213367873
0.44229657050667354,-4.3,-3.987979332568477
0.6701275092825564,-3.22,-2.583584385478574
0.16873919754496453,-1.349,-1.374076305266785
0.34229944331774426,-2.5011,-2.156366455230032
0.17967994908996587,-2.542,-2.505055798076415
0.330778575008249,-1.773,-1.444556196689947
0.7367536712347535,-4.153,-5.002708266427442
0.33468864132724824,-3.36,-3.514550933169377
0.41995011443766683,-6.1605,-5.756306973635843
0.7695435553816459,-5.3339,-4.51709801266999
0.23153465690958697,-1.91,-1.803769624265604
0.28445006102504666,-5.0236,-4.982582641596199
0.7427599853358349,-2.22,-1.119998835002968
0.7934072090083195,-5.0701,-4.088033201284566
0.24395359830297741,-3.9258,-3.924067370265628
0.6237819129371228,-4.05,-3.388835359030133
0.18896474632514143,-1.6062,-1.509017219105126
0.2893515814090166,-1.7326,-1.529353457954879
0.22555376929692778,-2.2354,-2.386091841964875
0.30196619627283683,0.1641,0.3863256186286237
0.9470629206653922,-0.0557,-0.7512352211388953
1.2851696345662882,-1.4748,-0.0716616777542371
0.42880614481991075,-1.0233,-1.368339392478422
0.9248689633956224,-0.63038,-1.317362908502265
0.16262728802538676,-5.4,-5.47845289185498
0.9463259091497888,-3.646,-2.765032386396954
1.0024002738570321,-1.7883,-2.981405980233197
0.5909759237977132,-1.6098,-2.009085850017323
0.5624580987802309,-4.06,-3.754677283983368
0.4801380802226156,-3.2057,-2.958095325209246
0.1814485426557464,-3.1304,-2.966042382845808
1.2832944924665537,-7.6267,-6.236327308066982
0.32215677575241697,-1.7649,-1.624284846365672
0.5667648614885585,-3.0204,-2.401471889503691
0.22082092355779118,-1.1783,-1.283665768489343
0.21351790273202378,-2.69,-2.566669072878415
0.30545677346898636,-3.69,-3.408113102451355
0.6577865136264137,-1.1428,-1.832694673695351
0.6721668557074741,-0.94,-1.655985660015684
0.37995112753865207,-2.29,-1.980593944586289
2.295787752861318,-8.0631,-5.475247001362112
0.6427018399622055,-4.8638,-4.344347003061537
0.8203241255796035,-4.0412,-3.315938512355754
0.8653264354363774,-4.7384,-3.845052113156786
0.34481445391347504,-2.6964,-2.530521632862683
0.19588217821993548,-4.05,-4.184479941489898
0.8693832044033125,-0.78686,-1.391235090199292
0.7014285978127234,0.057509,-0.7734034751819463
0.7768161823302002,-5.93,-6.548326865117455
0.6126902118538263,-2.0236,-1.567031431471634
0.1256111339051985,-1.0032,-1.046281050546404
0.1256111339051985,-1.0824,-1.046281050546404
0.22327654462283017,-3.62,-3.556557497872825
1.2489475585548255,0.70744,-0.9103552755413836
0.39451976884605355,-2.2424,-2.498477994359536
1.494679192449644,-5.1662,-4.254140832507697
1.1379837593353725,-0.084696,-1.201405004446708
0.8408175549236738,-1.5316,-2.558299686137802
0.7307518335468637,-2.8384,-2.029237604578244
1.2974468516133784,-2.9701,-4.224720781188891
1.2488540715136047,-7.997,-6.67149300487832
0.18161984723424024,-0.42415,-0.3239829135675054
0.4444539622373446,-1.4884,-1.914371842972391
0.2353844485954275,-3.92,-3.927462280461087
0.47766007650371184,-5.5754,-5.430481067452817
1.2006960231141839,-7.8755,-6.934687853168879
1.839025205379011,-5.5173,-7.713931221614557
0.2813427428886752,-2.68,-2.607821114016509
0.39090384274869067,-4.1556,-4.528766112602194
1.2862980535272035,-7.9469,-6.987290917856408
1.5462332432340042,-5.5066,-7.105715218831852
0.8915772591930566,-5.569,-4.518808567897569
0.2391373596066136,-1.6104,-1.492765724397745
0.43053702989302567,-1.72,-1.45305683799171
0.58409755623799,-3.6234,-3.271853357808357
0.7169208618263849,-2.9966,-3.781256769089775
0.331103070649889,-2.1031,-1.870850525275069
0.3269106717683904,-3.8622,-3.972324552573578
0.6959775857473598,-2.26,-1.527194742534931
1.1081015204963405,0.59,-0.7413553187465712
1.105362049310215,-6.64,-5.446269099718162
0.7208790563819797,-1.7565,-0.9541743691881764
0.3855616943373075,-1.164,-1.524060445447689
0.4917898711314164,-3.5026,-2.978171930626112
0.7165081012380561,-1.419,-2.294846226120807
0.17683841340656162,-1.7449,-1.84508522178821
0.864140755155046,0.73087,-0.3175206246723623
1.127601233864917,-2.3356,-3.695380103983353
1.2145324984137666,-0.58656,-2.106089956154958
1.4754456156290205,-1.0277,-2.87053048386291
0.3821925328294528,-3.716,-3.549216730613286
0.7386378958753202,0.69077,-0.1333557831507832
0.1748779811102156,0.3587,0.2354572858826727
0.4569762557079837,-1.9252,-2.283485887086466
1.1599535346692358,-6.4277,-5.088844108762431
1.0993249956178182,-5.9038,-4.61524129236875
0.23073953938558708,-2.8195,-2.705816903063903
0.13951803272117563,-4.018,-4.019263203562669
0.1850131923910969,-1.8862,-1.809279637841237
0.8851554529861632,0.94255,-0.2329019013763916
0.293070603861119,1.07,0.8740599224117145
0.8647274537022355,-2.91,-2.077882569308154
1.2000412643502094,-3.3623,-2.204807715223792
0.28218526262193644,-4.465,-4.582423876804319
0.29981655897822423,-4.5674,-4.515882441539762
1.0723828074756236,-3.2425,-1.980203366835647
0.7918882531137007,-5.7961,-4.815028387395185
0.6158791272685659,-3.05,-2.428363742606218
0.6339396495751588,-0.83,-0.1426206727613673
1.1395967503329303,-3.2424,-1.831317548790684
0.9904664799618585,-0.59682,-2.012530019730301
0.45600760616135916,-2.8471,-3.057205542030494
2.8442790908403155,-7.565,-4.371287184949914
2.3735430272334144,-8.1026,-5.188593278946014
0.9648583674942867,-0.4,-1.476817162844785
0.6278773151105873,-4.0746,-4.563733413642622
0.32861699661435995,-1.655,-1.832116333883269
0.36380402416608804,-2.35,-2.037951155002373
0.4098604916792202,-1.3583,-1.710328504534586
0.5615846565603738,-4.59,-3.906873247286174
0.48007586258156865,-4.59,-4.326454914304191
0.8821380326037332,-3.3429,-2.470370571748864
0.8821380326037332,-3.34,-2.470370571748864
1.8933553636512712,-0.43,-3.050919456361272
0.9099088902149163,-5.4936,-4.484813596091894
0.9107316534102589,-4.61,-3.551473890370219
0.413870183400324,0.046046,-0.2984848958666489
1.663742031718493,0.57149,-1.570134079092329
0.8956924982541085,-0.22008,-1.585363400614104
0.2980847147735392,-2.0656,-1.86532914795606
0.32258535796417853,-1.4716,-1.774916096906086
0.25503606395238654,-2.5978,-2.748837857877844
0.6531275618938607,-2.66,-1.948344003736367
0.8926822538409652,-3.745,-2.663817856561792
0.5942643961878441,-2.64,-2.254560346611297
0.8097887945332287,0.84027,0.0337852906560689
0.5014607048767281,-3.3572,-2.888630179331686
0.4031096469634714,-1.2496,-1.692451519780449
0.3109763172344631,0.35623,0.1259785872601562
0.2531868883862874,0.51104,0.3713439112037147
1.1508737980118189,-5.665,-4.52948674573855
1.3276007616305128,-1.4062,-3.269122870350012
2.5360004836932526,-6.2971,-2.719325460320001
0.4147796871698167,-1.5647,-1.255858239014289
0.6556645599468246,-1.3772,-1.77022362457496
0.2902218066966159,-3.93,-4.097769715542575
0.8508101579966274,-3.85,-3.982562788519095
0.4868748962781407,-2.0878,-2.601960384914671
0.3444385306054126,-2.4817,-2.168370529680019
0.39707274209424687,-3.2109,-2.840406027489077
0.536297887062862,-2.6878,-3.208051697073516
0.6477582459076372,1.0007,0.2241408719392566
0.6238492662534864,-1.0981,-1.763332394173091
0.5100171972931651,-2.5743,-2.112205007852602
0.19970458730222124,-3.4217,-3.477114247521949
0.17360000441798676,-1.0004,-1.073886422277363
0.37230351501793,-2.1794,-2.396618353125607
0.2697765660169943,-4.1849,-3.98743443089924
0.7511334335375381,-2.42,-3.098313355446486
0.4559013117109872,-0.7835,-1.25325089679689
0.3737643550779138,0.8066,0.5186105265808181
0.2044716093708052,-4.19,-4.044495864942684
1.9414364502531722,-0.68936,-2.734173225175526
0.523800110235087,-0.44118,-0.9722253634133852
0.8372657881569974,0.54938,-0.2435503656965931
0.9556106901646175,-1.9937,-0.8975003256618759
1.5977382606389023,-6.1946,-4.467603340670129
0.27603685410391166,-2.9829,-3.112525650768781
0.28190623505637474,-2.682,-2.976682276655588
0.28671849619536344,0.0523,-0.034585486179593
0.5186921071846597,0.0691,0.2186146355571312
3.148872872211328,0.486,-3.527329214618192
2.546749300939192,-1.3456,-4.839357080536382
1.181626580920689,-5.1553,-4.592928291811022
1.2973786540872154,-4.1419,-4.463161387834084
1.7122880575623722,0.034417,-1.591230730490487
0.9532170729446399,0.18426,-0.5376668580759172
0.36087236681291734,0.71208,0.6797254788087291
1.7381547164324531,0.49985,-1.655741227092138
5.0165047700358,-8.2408,-0.5706008068158431
1.1385966752146859,-1.6194,-2.354558926729175
0.4615278353107923,-1.0269,-0.8150650104102636
0.4182519431877013,0.5848,0.2335585473897394
0.36168953684720995,-0.948,-0.9734991483104518
0.1762976250061873,0.58792,0.4995955672008346
0.8205718211415737,-4.583,-3.703860451535175
0.4179519708349364,-1.6105,-1.271772532589798
1.3641919848636905,-0.081304,-1.439959061820616
1.0146617589457632,-0.062309,-0.7408699079133134
0.7899831224361464,-2.733,-1.88754772343647
0.6111902135354036,0.44144,0.3619476248033703
1.3060702876163999,0.63133,-0.8065826381802361
0.8403698390359708,-0.86452,-1.489442599651155
0.5309682287633385,-1.172,-1.521684392100282
0.47627986894429175,-1.888,-1.543997682292007
0.7802441262805867,0.50281,-0.2533872806921
1.2980338997681096,-0.24254,-1.52333666117755
5.56836039285933,-8.3632,0.3323685641891382
1.279307604765909,-2.7654,-1.663582094899729
0.4750437819327377,0.54946,0.3345906776509778
0.3725903147574349,0.7491,1.068824481484357
0.5818793839273405,0.43187,0.0248951137912243
4.634678306683484,-7.7309,-1.636088752648936
0.3354736444650306,-2.33,-2.594900894831945
0.7221119409257404,-2.29,-2.947630574421129
0.9973297907306311,-2.06,-3.326110755849386
0.17825888351028893,-4.03,-4.016154864752357
0.351611887871232,-2.4936,-2.762117982750111
0.32250041119578676,-3.4522,-3.439656285837319
1.7747458353537657,0.5366,-1.118118902574765
0.4469209228195352,-2.7294,-2.611381423436588
0.3507149864623328,-3.1809,-3.125111892681908
0.6032804119358871,-8.3771,-7.97028744529084
0.5371438460061053,0.75903,0.401669272407866
0.11635981555175806,0.13036,0.0830924011787878
0.2999767969147221,-0.18688,0.1789669989257581
0.2924067581097349,0.8992,1.033631956991417
1.9532112797096242,-6.1369,-3.718985084391806
0.6098892614397399,-1.1205,-1.818025706023747
0.5795043518550854,0.44375,-0.2062463826377887
0.42213608009478526,-0.078644,-0.5184329807664162
0.5562356215137472,-0.50928,-1.158242114095032
0.3090028596340135,-1.2198,-1.507919819818631
0.1412798320860758,-3.2184,-3.112068506054062
0.21245625056679046,-3.6709,-3.840052141208655
0.431134251025222,-2.3091,-2.816813535483268
0.14778813773842767,-2.965,-3.072900982831241
0.14662228066161895,-2.8698,-3.008705237750249
0.1004983383603977,-2.1759,-2.262488073899147
0.5930718899227209,-3.1434,-3.603219373519243
0.6881036408167996,-1.827,-2.701029762065652
0.6360236985390049,-2.0248,-1.421413356870608
0.3832729611917298,-4.2092,-3.845845366891477
0.5244132391891995,-0.68663,-1.129931991673506
0.7193749511823709,0.32079,-0.3615235328600008
1.0541059749458013,-0.66703,-2.010302993752315
0.2637370893383706,-1.5208,-1.352011207692112
1.5894905417983733,-4.6707,-3.128918310372059
0.21663067790782553,-5.9563,-5.992169185100993
0.45311096062655826,-2.24,-2.649879283377165
0.3302203024384777,-3.07,-3.286497132076185
0.274920422903724,-2.69,-2.902866951724488
0.4960923547418821,-3.9518,-3.456147447870556
0.7964556300115894,-5.34,-4.579206454591034
0.5881901469051164,-0.53072,0.198447271369694
0.4378101526949995,-2.906,-2.709594887497802
0.07247826758034655,0.64,0.5775971743144771
0.19926595594572244,-2.0712,-1.931634954093269
1.0435791163155408,-0.35874,-1.673376777447156
1.294589613009194,0.57142,-1.100166904003131
0.23658419688244167,0.74,0.4134649210119489
0.6064066196040101,-0.24,0.3226752287472814
0.6064066196040101,-0.8167,0.3226752287472814
0.6064066196040101,-0.30396,0.3226752287472814
0.22728977503316827,-0.91,-0.9642195752768498
0.2833241516163623,-0.4231,-0.063645279203656
0.3432834150332614,-0.1739,0.207146638916722
0.244811363192176,-1.6299,-1.683999967707918
2.5396171969702075,-3.4633,-6.892821025304448
0.8038956657598039,-5.8955,-4.982988468086715
0.12801194234160435,-2.64,-2.553657576403958
0.5167895451862974,0.85173,0.3084774413135397
0.5985274900558395,-5.4613,-4.867234672289618
0.33884962338191066,-3.15,-3.49221877371291
0.11225079561352251,-2.5392,-2.542943712116056
0.3890938110911864,-4.2394,-4.463858903092792
1.100712644811991,-0.15361,-1.563904377483372
0.8502737042960065,-4.0016,-3.428609306757664
0.4832372951756252,-2.1225,-2.613657848899314
0.6898846141005807,-4.8179,-4.058556691117717
0.39223211288992776,-2.5763,-2.879386705138062
0.18019206519186773,-3.468,-3.488075142899772
0.5786733642046638,-3.4009,-2.773942378413523
0.371661729266066,-1.0706,-0.7721158162808466
0.35584546710062137,-0.18374,-0.2359056624590679
0.8710579524636617,-5.7819,-4.61519125906813
0.45131990608199674,-3.7484,-3.436524061473947
1.1150056637541352,-2.21,-3.644813711575011
0.4608869716256387,-4.4872,-4.018055313833604
0.79728681449466,-4.4481,-3.558720143763299
1.595770726828123,-0.026085,-1.835785345467368
0.42751188903647813,-5.54,-5.894767685099257
0.7234115296387205,-0.8764,-1.694975912114328
0.8178588944420558,0.90674,-0.0352397789548514
0.6655953508858125,-2.01,-1.450787775025602
0.2825289062104439,-2.0873,-2.377052884191366
0.5459958324138753,-2.3848,-1.798640579348342
0.3158308950175665,-2.0361,-1.847604417913761
0.6775662614314066,-2.54,-1.741848311434728
0.1823293302839213,-0.2214,-0.3439913309697049
0.20896172888854792,-0.95437,-1.094446222647232
0.19601671306265955,-3.2286,-3.250161292095795
0.3513478998199257,-1.29,-1.727962199735423
0.8720185480583846,-0.46,0.6705852822308366
0.5603144247273023,-2.3925,-1.737685566794303
0.3275945825253461,-1.95,-1.803833293440133
0.581413423844396,-2.2261,-2.847908614523917
0.8733062837849879,0.99983,0.0325574762515843
0.5994680815806384,0.57435,0.5727482965017763
0.17544650767799141,0.2872,0.378999652540968
0.4902883646000313,-1.5537,-0.9092775606601282
0.3844103317125775,0.04269,0.4198042671999258
0.5029369032038108,-2.4969,-1.915130535198094
0.3036335184296037,-2.7642,-2.453425247645199
0.49469145403230863,-2.4969,-1.972679134686862
0.3019078424191499,-0.25575,-0.5199226402762044
0.30592338429270766,-1.1238,-0.9568851057825232
0.36008075744084544,-1.0077,-0.6147673790951624
0.2197236760945049,-0.15466,-0.0945388014591976
0.1269063660799688,-2.1,-2.119428909386182
1.5221311227494143,-1.2675,-3.658862738472612
0.20216664789993707,-0.3861,-0.4055915207374237
0.8593182250413394,-1.2678,-0.0836630114481294
0.6541251522867506,-1.7444,-2.573437743565147
0.10419262207440656,-0.8513,-0.860671018468443
0.46128557902715395,-4.11,-4.320542667863955
0.08792909354982602,0.96206,0.9577097764416922
0.36458994462372024,0.52574,0.133197955609932
0.5741093073753105,-2.92,-2.434419456174165
0.23658419688244167,0.7387,0.4134649210119489
0.3590146396961788,0.79,0.4594686390567583
0.3500568989419211,-2.12,-1.777084863703306
0.4051722134923137,0.98234,0.7472187136221926
0.19006901660306355,0.4223,0.5549145132111554
0.18747527569664318,1.0452,1.033349861472971
2.0357448245262346,-4.7906,-1.938694423634238
0.14104607157229127,0.82626,0.8527730476791167
0.6788504845367155,-3.574,-4.360668691013691
0.25484078787173275,-0.4745,-0.6736238269492268
0.34512413298704964,0.96802,1.31287359947347
0.17430313482409535,-0.72623,-0.8303677479985521
0.4854320649646986,0.75896,0.2505126451742972
0.49664128112815886,0.64926,0.1525017073152763
0.45609769463471617,1.1071,0.6264506443398943
0.6182170775666037,-4.3705,-3.947370044164552
0.8763900322085171,-1.8361,-2.694032774174788
0.21979129042369386,-1.42,-1.537921198103096
1.31535303727744,-1.423,-3.003940887572868
0.9852295206733171,-1.1767,-0.1900544464180527
1.7463283561156158,-6.61,-4.575350435798553
0.5980752284224247,-2.807,-3.177937783909115
0.26710888463226584,-4.85,-4.981432977035502
0.25987067270690234,-3.778,-3.891622837636591
0.8379785505229571,-4.32,-5.200391040222978
0.3666844758917459,-2.77,-2.396547512881107
0.23350297358467814,-2.7992,-2.778217261583283
0.217041643448929,-2.7992,-2.709860259072031
1.0519480487296224,-1.8018,-3.353261531369721
0.40332626942557476,-0.15364,-0.5266856074850088
0.45073290995914134,-3.0205,-2.545172612106595
0.7483896496515702,-1.6874,-2.597781989697781
0.5774249643099411,-1.78,-2.523882392861188
0.7765285732086374,-2.71,-1.860106321522813
0.6236328919990776,-3.1621,-2.547130248473814
0.5547955380398195,-2.36,-1.855012069448464
1.5293921873717446,-0.85818,-2.832411506876771
0.9651699250970391,-5.7779,-5.226078497996943
0.5051301708681253,-0.265,-0.1183845502088627
0.7934531838565788,-3.7494,-3.152546393675057
1.0176811105711234,-4.2777,-3.412485879846935
1.4355708588648457,-4.7864,-5.41028982815533
1.1495590629415593,-5.8633,-4.962249968606329
1.067035913983385,-2.1808,-2.966774164517406
0.7658852203526078,-0.5037,-0.8335558500858289
1.2311391982483488,0.501,-0.5164918335085457
0.5034618228237718,0.67777,1.226539863682849
0.19253072134074617,0.47824,0.3015914015979315
0.7145878560650653,0.84228,0.2216849730707418
0.3533678664146263,-3.1944,-2.867765933856369
2.015220548627103,-6.276,-3.728007123817079
2.5110679633394333,-0.33842,-3.505807036914402
2.8363661262284183,-7.6863,-4.886525776129396
1.7326632595627012,-0.38332,-2.374180501774765
1.017958980904068,-6.6704,-5.672974269188241
1.572309141224305,-6.161,-4.404432959259631
0.6700138986894512,0.80401,0.3502774085852664
0.7014343779691176,-1.5083,-0.689859292308292
0.4630240623373661,-2.7055,-3.108968348653328
0.6998932004512889,-2.04,-1.30984495766992
0.5893740439567334,-2.14,-1.547138184157124
2.9133603566890445,-2.3036,-5.840912549547
1.3767808651293894,-5.1757,-5.726047085879951
4.347616052787263,-6.3948,-0.2958470935159098
0.6588649274547366,-6.1462,-6.565472436401632
0.5458937041738748,-0.79897,-0.3454318146887324
0.12277802808192918,-3.9846,-3.906928353386207
0.09445953007400679,-4.7075,-4.709599734696608
0.08662721821365954,-5.6038,-5.659594263754689
1.12368598379821,0.23884,-0.9874789351488816
0.2434402155187423,0.17589,-0.0137151672894572
0.5707284529410813,-1.3195,-1.909846914331709
0.8332322965869274,-2.72,-3.860489799589491
0.5343305019164067,-7.3,-6.710194646122886
0.634794923953213,-8.3716,-8.697707230977311
0.19629579346817078,-4.714,-4.888020677288779
0.11901918077371108,-4.5763,-4.45727536513626
0.15148926315927022,-4.0554,-3.86621161847159
0.115017957579352,-2.5672,-2.587543264998259
0.3195715637433247,-2.0247,-2.167104075534275
0.09461057906871768,-2.08,-2.128320599563124
0.7131514723295617,-0.52321,-1.053747936911604
0.46545949767492345,-5.66,-5.2958910186409
0.39848091304619077,-4.57,-4.190232583460508
0.16429108372740064,-4.6647,-4.475871522588873
0.4078897621648218,-4.2306,-4.094936576438769
0.32390897925214696,-4.7971,-5.07337703796051
0.22392881147627638,-0.72585,-0.8636797130664198
0.5613225848540673,-3.0181,-3.58740863402804
0.2300890443389174,-2.667,-2.718796853048201
0.1619606347389893,0.01025,-0.1318033009242754
0.23094808194342142,-2.6468,-2.50898771203158
0.18142963038282875,-0.60268,-0.5090343534044789
0.18049756888114143,-1.2868,-1.484649832016013
0.4065616801307685,-1.8373,-2.132982809722885
0.39848091304619077,-4.57,-4.190232583460508
0.16429108372740064,-4.6007,-4.475871522588873
0.634284404328726,-5.19,-4.417686706802123
1.1963230659376345,-7.75,-6.345607397136062
0.3694098929636197,-2.3502,-1.929277972148089
0.7350926604925051,-2.12,-2.949859540321221
0.1286598821641695,-0.9022,-0.9578378459069674
0.19216149798397794,-1.64,-1.853690164671442
0.115699365199508,-4.167,-4.133321288019693
0.19670672068003178,-2.0312,-1.924624055036149
0.4951762036721298,-2.2967,-1.845270289554373
0.34411328524644974,-1.8858,-2.094284841745968
0.10591852478156465,-3.0086,-3.045129730943004
0.16556106769389192,-3.5296,-3.364761384397927
0.2753111650915182,-5.15,-4.95257643055148
0.9630382678577463,-6.029,-4.872619675067742
0.7600855521014754,-3.8937,-4.60357599623447
0.5364196282553116,-5.7905,-5.136277492520103
0.9852329993496265,-7.0251,-6.525730510842167
0.46669775760953874,-4.4396,-4.179966750635963
0.5928562555977209,0.37033,-0.2500908143109188
0.918822839313532,-0.5626,-1.72030522438259
2.9855487932020917,0.0040637,-3.967385819719354
0.77946886396871,-2.335,-1.608190434325143
0.29858302423735045,-3.1959,-3.411441688968111
0.3818500364465567,-4.52,-4.673122457734148
0.48637272525574865,-2.8982,-2.483311414868616
0.5568017426397249,-2.7883,-2.210866605134306
0.6556283375712384,-3.4428,-3.863083047801673
4.173439175102275,-1.1031,-6.373285738980252
0.24227295437359112,-0.527,-0.2855019415675896
0.19830652917226987,-2.1519,-2.004093608464265
0.7032298131324705,0.82328,0.0706662427104832
0.47704805543009776,-1.77,-1.334022749664348
0.22127362688172553,-0.57924,-0.3880038168453439
0.11253003239632052,-2.3358,-2.389131530135013
0.06609399621135997,-0.96,-0.9375789774925144
0.11880439956402794,-1.9061,-1.957043530980264
0.4003927335713568,-4.5196,-4.116602240804138
0.07136212567916086,-2.5384,-2.472696042879381
0.42926682457375476,0.3621,0.5373409823945772
0.4341635275963819,-1.5758,-1.677495542076013
0.4834126126104133,-3.3494,-3.007952994272553
0.10915582773996668,-3.6537,-3.646231744598691
0.5758995577112181,-2.5589,-2.135424318667362
0.7599341017291631,0.2622,0.6418105712765652
0.2818195532585582,-3.4744,-3.670856914822516
0.7000697376505468,-2.5743,-3.446860539306723
0.4680551024633964,-3.64,-4.537713592867624
0.8278489229181193,-4.26,-5.014845112988235
0.28573357009285283,-0.09,0.1911400653039764
0.0392072643399061,1.0452,1.03457732385203
1.174871559441856,-0.81468,-2.158808603551161
0.25770165396295575,-1.9319,-1.72168265328371
0.4698052102008874,-4.1136,-3.709584075707823
0.3045717825567863,-1.0834,-1.285294543763552
0.5933883215298887,-3.9781,-3.397011595086051
0.49382584735007845,-6.1009,-5.650835586076441
0.344885327983192,-5.61,-5.257713607248141
0.13240800535227154,-3.64,-3.74566618729818
1.3397437691946428,-2.7738,-1.120920805036388
0.296105401747251,-4.11,-3.816958735476638
0.7313833778705718,-3.5,-2.961381680083527
0.22529980734815894,-3.3711,-3.399063335366989
0.4472184851080259,0.12402,0.617600245029893
0.29188309914519056,-0.1528,-0.5189659943435484
1.575682590415178,-3.72,-4.569257538528305
0.5097549216735835,0.29029,-0.2264974625253318
2.1660009873355492,-0.58921,-2.776064339342271
0.0918691663206655,-3.593,-3.511617729602426
0.5477155526804544,-3.4735,-3.880774226729383
0.6813885909879484,-4.1972,-4.836349878879005
0.7704630611422553,-2.6954,-3.429006341831934
0.12541767355584071,-3.67,-3.62958096452427
0.35276271109741464,-4.7587,-4.940859485340757
1.3909130591368473,-1.8142,-3.232401825196442
0.06912707243908957,-3.19,-3.170049842539023
0.18644619738308876,-3.48,-3.388545757868122
0.3883164596797958,-3.526,-3.770659215662243
0.0918691663206655,-3.85,-3.511617729602426
0.3083124897039082,-5.26,-4.974147465530107
0.5904369195755281,-6.7,-6.249672738059367
0.28669118080022804,0.6311,0.3424929643248826
0.22289822758316571,-4.34,-4.414261595060234
0.6619062943782953,-4.62,-5.335071579748442
0.24154485759058145,-6.22,-6.465963208263078
0.3149384728295912,-2.7,-2.21099985154093
0.6736009636160581,-0.42941,-0.6396707996530948
0.27448503449994766,0.26578,0.5693708678435658
0.5775500168762917,1.08,0.4479257104792158
0.15473560665537472,-0.58311,-0.7806009595840337
3.5757416747408204,-0.74434,-4.307899595657677
0.2676446249550727,-0.5888,-0.8445559714704527
0.1129132637641499,-1.1194,-1.111082355512065
0.14350480702725085,-5.8487,-5.700023770447282
0.6421155416375179,-5.0704,-4.565705631881301
0.10231779503673151,-4.3341,-4.353889963899833
0.2683137333170318,-7.32,-7.183901355681828
0.9362751596101999,-5.52,-4.468661280470089
0.6460321158529991,-5.6615,-5.049080510923407
0.596518145004663,-1.4299,-1.666844095128484
1.1622843658556308,0.68088,-0.4942840066220306
0.33790979464436377,1.0402,0.949592489189928
0.18261721268021,0.70408,0.8483326077788863
0.9808857635930878,0.44603,-0.6195126451302422
0.8738791072761134,-1.9808,-2.618226813239668
0.20077630318887288,0.63429,0.804090721592287
0.35178190321608227,0.55421,0.9868302916289676
0.9243471247902981,-0.34368,-1.273758689604278
0.30948173835865594,0.28775,0.5592536853880357
0.5822437252948636,0.75469,0.2222476472004151
0.18261721268021,0.70408,0.8483326077788863
0.26556648063504174,0.64741,0.7297243162488034
0.5573625170714434,0.31856,-0.1744293845050305
0.2557507853661588,0.32407,0.4537102170476242
0.3344751644764388,0.33521,0.6773610941316526
0.4024222520199924,0.091928,-0.3335805846107944
0.39851442321403285,0.23299,0.156927484253963
0.17355578044346406,0.6088,0.6315947852102223
1.1982760545317133,-0.070169,-1.549575721622089
0.23433621624284648,0.3891,0.3815767587076519
0.23539506981035255,0.32222,0.5550737656131388
0.09376898866880523,0.45821,0.5154718799967803
0.11903134198843095,0.29736,0.4116216190431676
0.20251069992589493,0.36427,0.3335380927901498
0.10756627918824067,0.28545,0.3438722317077769
0.43029670350697896,0.37851,0.0522804860115762
0.04991073805572084,0.32588,0.3411308670539989
0.3015901244502131,0.29226,0.4939329490371387
0.9176700988126814,0.11428,-1.02273414331811
1.4497240446579276,0.024412,-1.75409224325971
0.6927346499471722,0.17653,-0.4862654151418391
0.25974558148099613,-1.713,-1.537331420985107
0.8780185254920098,-2.47,-3.376684965033334
1.3220562676058796,-4.5226,-2.759674694720913
0.8668167970219247,0.36432,-0.652325314681258
0.20415579157437083,-4.4413,-4.38018061584066
0.3619787123462603,-2.9749,-2.799731220689141
0.3358002349516266,-5.1091,-4.920558680875457
0.6399192766170811,0.42018,1.091979722238939
0.6729111792066239,0.65553,1.356396150438081
0.1668678772752771,-3.6939,-3.832318059693232
0.3462638116061673,-3.6788,-4.05135616117185
0.5832344061686653,-6.7304,-6.15918882021167
0.4778514846457571,-2.228,-2.651108379203707
0.25829313615455957,-5.7394,-5.586554146005613
0.8826943272053646,-6.1029,-5.070492307791776
0.3334178938727767,-2.7129,-2.505808560590924
0.514558842671423,-3.6905,-4.140138401119257
0.43345564304197964,-4.9163,-4.501821687266002
0.5264357894633026,-5.867,-5.336453649228318
0.20733582151755134,-3.5603,-3.801270324288479
0.5596965848666136,-4.3643,-4.717003841282232
0.4414644044989744,0.61156,0.1457488069528795
0.214439207316876,0.38271,0.3044813126160173
0.21934429246018305,-3.9483,-4.121473372402312
0.5356968758231957,-5.657,-5.083795693306849
0.5611652826710286,-5.0265,-4.489688151510263
0.32683407109586043,-4.7204,-4.902810875062376
1.1638879771064006,-0.031496,-1.388268175093679
1.6327806899507293,-0.6502,-1.875194539208122
1.1351019151655282,-2.2101,-3.282497724068082
1.33789377440445,-5.0758,-3.665809725866653
1.8049642895273692,-6.8424,-5.22159505482319
2.634083626800483,-5.6618,-8.43527734011187
1.4018860812431937,1.0354,-0.5005250474073195
2.8536590910807575,-7.0443,-3.437578849269844
0.30698786021762503,-2.5652,-2.850876355768703
1.1689035008948014,-7.9407,-8.04743485776464
3.739014372368984,0.5293,-4.161022934973486
0.47198740736543165,-1.8948,-1.458955625419962
0.7264654959872128,-1.6785,-1.037685410622688
1.1680013600147676,-0.55017,-1.892256430963747
0.28276501473977494,-2.65,-3.00537969100633
0.2854159481713435,-2.8928,-3.144900030387696
0.21018252920508618,-2.5914,-2.386078690498451
0.14871112306339326,-3.8959,-4.033079851008572
0.5730440582972818,-1.19,-1.720580199668059
0.8818067613727546,-7.4123,-6.477003921047551
0.05376884542347232,-1.9813,-2.043061035925047
0.4256361616847469,-2.33,-1.822132365021397
0.32083388231202437,0.033137,0.2595394014787941
0.3784458617145379,-2.3196,-1.954039234811569
0.18332764634882942,-0.044932,-0.1817060575883095
0.46126795273281346,-4.046,-4.477186162996214
0.4318469964047243,-2.2685,-1.921397638490929
1.2208430809621436,0.96274,-0.3804264843394542
0.09433387694566012,-2.4636,-2.464636085343956
1.3505700623177148,-5.3792,-6.809417058954026
0.18933707573234318,-1.2842,-1.189377232732128
0.05376884542347232,-2.0613,-2.043061035925047
0.8896363402107926,-0.2311,-1.22107959053699
0.17003362719181367,-2.018,-1.913920095980541
0.09085421580110298,-2.1813,-2.175965370056786
0.07592548992753943,-1.7111,-1.726384820590356
0.4915872783120621,-4.4511,-4.927083266476631
0.5035155597873988,-4.6883,-3.988020342851333
0.69126002915532,-5.0877,-4.469107473192739
0.04677246980052418,-1.8108,-1.812505840660361
0.5261849415303683,-0.9895,-1.631427449023467
0.37429976429343503,-4.7,-4.59653485684302
0.6296778997801827,-4.2822,-5.108380153966415
0.23300722851587927,-4.0491,-3.936918432708346
0.4192665423526139,-2.19,-2.490810741515874
0.7221506735753239,-2.2892,-1.456197846307642
0.11444455900810734,-1.6104,-1.591031981053829
0.24241203773133407,-0.77962,-0.9832259833578
0.5199709018042538,-2.76,-2.264298686281693
2.7357015415563546,-8.9474,-5.407350134403337
0.11503633580999105,-1.99,-2.109251748310157
0.8737456781382591,-5.67,-6.306068845202185
0.5912891209614713,-5.8511,-5.757541632095103
0.8542488108091487,-1.6046,-2.485519831247507
0.44548668851708006,-3.0744,-3.222744938226108
0.23015332354874904,0.65858,0.7092085427321306
1.8104041605127261,-5.9545,-3.665184323071581
2.3524878209851856,-8.7249,-6.142337007366275
0.6161929217692628,0.40842,-0.3067968028840808
0.5421852337862919,-2.81,-2.994563530904298
0.13880933361736358,-1.8603,-2.035457208034823
2.209265765590589,-8.731,-6.085267374457842
0.3706504415732478,-4.2923,-3.984160052983853
0.17267184695819401,-0.19711,-0.2933364250726707
0.20188842077195485,-1.275,-1.464558315242028
0.14492154860899265,0.13173,0.0396618892405758
0.28624593904690016,-3.5974,-3.879637656018304
0.7174135785821011,-0.92485,-1.79533617721992
0.880432558428306,-3.6804,-4.565825778963375
0.14280714616189283,-0.23061,-0.2754867135040447
0.24950885939225642,-2.7728,-2.929192024842352
0.3651049420115015,-2.6214,-2.942916882444095
0.25913632258062386,-2.8193,-2.98507296301008
0.38453411208983485,-2.5527,-2.336005401393971
0.6013802001192021,1.1563,0.4368040344426855
0.7151276931706292,-5.9995,-6.356735371004886
0.3268091203990885,-0.18125,-0.4940822350213621
0.43967694640550115,-0.7677,-0.1958943506994368
0.16547178494954512,-1.5763,-1.666039153737392
0.43995594684796546,-2.5614,-3.049316642402714
0.20018776764746118,-2.2212,-2.156619367850028
0.29975672703035705,-1.3655,-1.494840390907502
0.4202171855819257,-4.95,-4.605340104162213
0.34222560866749224,0.3627,0.1322657433530429
1.2522810127111392,-2.09,-3.738549602499737
0.3397765924080034,-1.71,-2.056736386567565
0.13538268760313193,-2.36,-2.288234896470015
0.20669777654915056,-2.536,-2.570111620485985
0.22293451794085573,-2.12,-2.210376563261415
1.0203588300504516,-3.92,-2.873869938990998
0.4707260717142833,-5.5189,-5.039706674238348
0.6460341870814958,-5.9833,-5.147974572873171
0.41159620051214596,-6.1056,-5.731966347151643
0.15053695455703095,-4.5787,-4.590032211689993
0.17826023272267982,-3.3352,-3.512769734269974
0.6202189161191584,-3.3944,-4.020637766523546
0.31991338449377604,-0.5579,-0.2690160547300152
0.1296807033021044,-2.9742,-2.845767861856288
0.8542488108091487,-1.5924,-2.485519831247507
0.23932130680307517,-2.1723,-1.903595582784717
0.30099054299207134,-4.6727,-4.832481280586466
1.33678287773519,-3.8504,-2.631879357635014
0.25146068904151375,-2.36,-2.603462505129631
0.3183757586061371,-2.3502,-2.09130788395822
0.5077112710784736,-2.1357,-2.385056400698764
0.528447318581542,-1.9723,-2.574803117531049
0.7841477485884734,-0.80826,-1.557606412713337
0.8485073412276314,-3.55,-2.261860705861165
0.37921536487246954,-3.9865,-4.321352900480911
0.23144319577988845,-2.7659,-2.901216072609456
0.5486191711283596,-3.7331,-3.065615793230746
1.0237648700138668,-3.62,-2.406427666124606
0.2856542679670596,-3.2134,-2.986943194706923
0.5198318198637066,-5.2517,-4.512301668011499
0.7372833540393627,-4.7793,-3.858394845625396
0.17876613744172257,-0.85711,-0.774868028485652
0.22496317446479586,-4.44,-4.168896089523241
0.21015179316084148,-5.05,-4.887108024913787
0.50594136166447,-2.7615,-2.357534960641359
0.7842072695976099,-5.3975,-4.343172292698805
0.1273956398811707,-0.16465,-0.0527283711073362
0.8951618098245325,-2.8919,-3.886593223898091
0.3937778783491389,1.2434,0.8726236084272292
0.40088369381876243,-3.7002,-3.607856454468754
0.1639483135333271,-2.053,-2.059658890444358
0.5145438585333022,-1.48,-0.9921432012261604
0.15813728243071548,-2.5111,-2.552896349379446
0.24358925121479447,-1.48,-1.41126612155527
0.36739233815512784,-2.0513,-2.253527291588536
0.3667511410819653,-4.6913,-4.360044331932157
0.32589232016296565,-2.8356,-3.130452414931044
0.6425393408103899,-3.3757,-2.524336018282033
0.3009509701041533,-3.5282,-3.240282105808116
0.11586008182787705,-3.0429,-2.895983027835008
0.33785077154389576,-0.294,-0.4831993248832356
0.5463311591549003,-7.3847,-7.005380880274355
0.4668255447923213,-1.0034,-1.375282123367232
0.28585814732276765,-1.7424,-1.462625984718621
0.37491976292197726,-3.5194,-3.684869246022659
0.3698971486288793,-3.1557,-2.824382334072263
0.6013415283829459,-4.8504,-4.138689865295554
0.22866566231543708,-0.8313,-1.007669087551054
0.4432257505810412,-1.4665,-1.071966822531642
0.34312319234873767,-0.4579,-0.1795792860649378
0.8155172815069381,-5.18,-4.32712743666306
0.20762608164118862,-2.5222,-2.788895553222889
0.23321395508080073,-2.623,-2.479614330218197
0.35450216462575723,-1.1001,-0.7653052271965416
0.3660471320947443,-2.3379,-1.948108520330427
0.11429124706793002,-0.19,-0.2045697873488385
0.3910266631714353,-1.0531,-0.706861322361158
0.3308474433748062,-0.41456,-0.6218527321598304
1.3793674514592005,-3.6614,-1.855858450384503
2.0240935930576502,-4.0348,-1.560635822889138
0.9775678585260396,-5.2373,-4.279313082102113
0.22886814092423893,-6.0693,-5.946240469655468
0.2580216733161229,-7.1019,-7.271594681847597
0.22572836013787498,-2.4601,-2.33748011228752
0.30155821260304644,-5.5641,-5.537411489983928
0.21854030646975658,-6.5919,-6.598606255205891
0.8581125873678924,0.7953,-0.1904803254368798
0.8390697685122268,-6.1709,-5.358393096004589
0.2121991364463397,-2.1,-1.912488029190503
1.8094504102597366,-2.4543,-4.800379916455564
0.44074307791519984,-1.0384,-0.5456926839124465
0.72985528503667,0.2838,-0.4759238269421405
0.9550541422625607,-3.59,-2.520800402362198
0.30842199433602313,0.96839,0.6638648084367842
0.6726741159104087,-6.086,-6.818454789238935
0.417661681336289,-0.80893,-1.186206381486649
0.34790789993828264,-0.94238,-1.255326646254842
0.9054797545347111,-5.1695,-5.940729044871892
0.5386688224113333,-6.1662,-6.535049780388613
0.5498954700949402,-8.75,-8.282304492897495
0.11685597696638497,-1.6746,-1.6313049611171
0.28250644953188836,-4.45,-4.684080043910692
0.41787304687153326,-5.59,-5.429714950256189
0.8511302018161198,-7.8,-7.366799383023896
0.6152074865929963,-2.3608,-1.908826999999973
1.2401981154975044,-5.31,-3.776139825801088
1.0058499675885424,-6.6467,-5.709208100450482
0.18588913614256752,-4.4662,-4.454056550015515
0.31142286553793236,-1.3867,-1.256776542160115
0.1976796962091418,-2.457,-2.342167250563715
0.9435783603525416,-2.6,-3.579948787310264
0.14148550367894727,-6.6232,-6.548615579352742
0.21917628958641724,-6.1049,-6.222327015919533
0.19298535615140722,-2.6876,-2.521428819926179
0.3315368877280167,-3.7562,-3.835089591790683
0.24152472599905322,-5.0701,-4.904473396928504
0.17094414804132227,-1.7964,-1.700437304071878
0.33340615332014795,-8.23,-7.972810205708289
1.0730587621996635,-7.8865,-6.432276955070365
0.7686079402140058,-6.2447,-7.195760211867514
0.6418707937181639,-3.4768,-2.894093470919994
0.6787777828295901,-1.2919,-2.065949488131556
0.5308795180254272,-3.7036,-3.163874421900684
0.22778666258084676,-1.9118,-1.754355249789471
0.43948612888193545,-4.7391,-5.074453221080979
0.7121793878793531,-5.8876,-5.130593722109151
2.311209634378417,-5.6009,-8.659479783778533
0.3363029455196297,-7.3854,-7.383125115370738
0.8329091871043827,-5.4051,-4.937525036749333
0.11810773565127325,-3.8033,-3.845218588525897
0.4841663546982201,-5.4,-5.157906463796929
0.4455834493869273,-1.4909,-1.792263035493545
0.7300856066694632,-6.7886,-7.353513283559858
0.9127672869796668,-3.811,-2.843364749248823
0.4012938078036725,-8.1782,-7.835129457442576
0.6693123567237339,-1.64,-2.493771598546549
0.09648688761067774,-3.1424,-3.180700478730545
0.3515271559907001,-5.62,-5.80654577210118
0.14063388438256466,-2.6801,-2.737764888636677
2.1212062499472144,-3.9684,-1.289736104648942
0.42112344176056254,-0.82651,-0.3348163839357934
0.9316805148870952,0.78985,-0.3741867531458116
0.8510823657017368,0.82912,-0.1548897918174544
0.3495866952699942,-0.03102,0.1947018381698287
1.0149235641594159,-3.946,-2.838420463172744
0.7364550295634702,-2.4606,-1.638338562846583
1.0353958530956457,-2.0548,-1.545181714800351
0.28129315847876424,1.055,0.8113295510431704
0.20677487075908615,-0.45266,-0.5740087229514739
0.29362332497907134,-1.6029,-1.789615059012359
0.9188094863099819,0.7924,0.0515726994722355
0.4361303281238835,0.89717,0.6831491206812905
0.7050848470667035,-3.96,-4.496290182337212
1.0064335450209547,-4.6,-3.422996380524138
1.8314169951061219,-0.88596,-3.148521076328844
0.5831312728121422,-1.1293,-1.670885275324988
1.443559601822162,-3.95,-5.378641861949727
0.2907770900685703,-2.3676,-2.137033190328673
0.39339207427723366,-1.699,-2.311163286796007
0.13337308831825115,-3.8027,-3.778391124656155
0.27197865816263017,-0.12827,-0.0836636724084407
0.5663217217248426,-4.5149,-4.056887320577673
0.26102264972284056,-3.6185,-3.701180633818883
0.42005308665645574,0.83377,0.9178577674585188
0.31446225804524086,0.1446,0.087134630015758
3.9611198803603997,-9.253,-3.774093336157465
2.0451556588698345,-4.7672,-2.308873025047551
1.158551214302777,0.54143,-0.5984133109676751
0.5221504067003494,-1.8549,-2.374412358690721
1.7312292146860804,-1.5219,-3.509389138893565
0.43375204689237656,-2.8661,-3.275013605621299
0.7914081622399154,-1.2348,-1.910917402181374
0.21641690490873852,-0.72,-0.9205733348993684
0.34132270569311857,-0.070296,-0.4428099087163007
0.46562978599477284,-3.1432,-3.609181615256469
0.9141233919000358,-7.2632,-8.207297554164636
0.6388407083969077,-8.1019,-8.726970619869055
0.8043170772783377,-9.1969,-8.279497694724892
2.7513430011374904,-8.7053,-5.260232396876438
0.8859259927733356,-7.3309,-6.396439409260897
0.5813665156137671,-3.89,-4.419583333287822
0.39014570797930176,-0.2332,0.0814468164665785
0.1866249838022775,0.3797,0.3275292574289691
2.6497049611526653,-0.98651,-4.276884937820798
0.7109594987856943,-5.12,-4.612163410733737
0.7430055621471966,-5.17,-4.457563733845803
0.5417765160977842,-3.5636,-3.725234937363029
0.719366411732233,-2.7349,-2.070409659998281
1.0916114330526734,-3.3236,-2.016142026777255
0.2425057188185697,-1.7296,-1.85736999245214
0.386889817110131,-3.3104,-3.691284999648691
0.5738028078431668,-3.6367,-4.1717151221205
0.14263203455849421,-2.033,-2.112967796638748
1.3004265509199817,-2.0179,-3.828608899208334
0.430622888255143,-4.1342,-4.378668269285606
0.5616059266229879,-5.242,-4.838511447508463
1.0966362385167518,-3.5655,-4.977571281705889
0.14660588230191826,-3.7271,-3.606955612406617
0.48036131046587627,-2.8941,-3.368442133555166
0.14717505421454502,-3.7271,-3.643657516600864
0.32080199596177317,-3.9056,-4.126750844896529
0.2526133635792955,-1.1956,-1.405462465393807
0.30522184438869243,-1.2991,-1.587779488513978
0.3619061678408137,0.991,0.755450092332475
0.8901545574821634,-2.9037,-1.799852443780193
0.22358591029773225,-3.5482,-3.751487384640428
0.7264497241841705,-5.836,-5.164791126020553
1.6953423462156367,-1.0094,-2.646104491291507
1.9741765719461628,-0.89259,-3.287838663989243
0.5865846630154626,0.99523,0.298847814179782
0.14758405566936156,-1.4106,-1.27770922645272
0.20646760280529977,-0.4513,-0.3255470284758425
0.26590933911270503,-3.655,-3.873148775773632
0.5688206775655711,-3.27,-3.674073534208376
0.7731784668527567,-5.4747,-6.146385375950591
0.3109787609474211,-1.8686,-2.233288759566452
0.3759720421370561,-1.9185,-2.345527204901385
0.5455105166470083,-0.2162,-0.7874893638011007
0.9040288290987197,-3.3785,-4.434664927918679
0.38926998972961824,-1.6807,-2.035517740356317
0.1269965438178245,-1.2196,-1.202945642533122
0.4695393958037036,-0.8494,-1.313202011594662
0.9072730508396354,-3.8871,-4.385257644010756
0.8970965968597596,0.0072752,-0.952216107781484
1.3493959066463825,-1.7588,-0.0538853401252209
1.219940349334771,-0.87373,-2.611859371094202
0.3025862983657287,-2.2533,-2.50400755552347
0.7417204530747162,-4.4,-4.867394662240399
2.3358424588668023,-2.74,-5.584571256884368
2.2769619860787462,-2.05,-5.04480112918843
2.2963656161515416,-2.7,-5.942774526830603
0.5976699279445453,-2.1772,-2.828902545860092
0.24992493421852832,-2.38,-2.305653633573328
0.23647246826136253,-2.89,-2.686714879582966
0.4983730311820886,-2.6359,-2.279672620891696
0.2738285426051494,-1.4749,-1.480021672750844
1.6549878646308245,-5.1584,-3.170755561537498
0.7703213035194552,-2.51,-2.931125682551564
1.0351223755031471,-3.5251,-4.848027727980391
1.0027041113277213,-1.4749,-2.807684034977897
0.8185529584855001,-0.061262,-0.9605751346608506
0.7542905473663923,-6.9637,-6.41266517276145
0.5227567906063214,-3.08,-2.485161906385204
0.2795439407313997,-1.8051,-1.92441132044566
0.4269228211543542,-4.4407,-4.126971869941507
0.2669174397060912,-1.78,-1.713944134783746
0.2773709844633841,-1.2319,-1.349903273719158
0.2410371644753824,-1.91,-2.050917702584903
0.24969972199149437,-0.93173,-1.176150530756611
0.23106807817458497,-2.251,-2.075895846523299
0.7158639618728649,-1.4612,-0.7870389750662268
0.5208430571933648,-3.6116,-3.150202867245231
0.861043719093091,-1.9579,-2.961912056957644
0.25211090213973714,-3.5291,-3.545799543945445
0.24769183161005007,-3.16,-3.074086791091636
0.17284429504073853,-4.1062,-4.019898900152956
0.41975473758784543,-3.53,-3.218494212252143
0.5550636271391484,-1.91,-1.566805655754153
0.8113298816797117,-2.2,-1.219511897461226
0.967543338454668,-3.52,-4.217297507659941
0.2088873000809085,-2.14,-2.023458397281643
0.6867515036575516,-1.3871,-2.025976425541334
0.18065675099793832,-2.14,-2.179636331542461
0.8198303766229906,-0.73,-1.752133825090494
1.069308275120199,-4.984,-4.079594407359226
0.3535592823520329,-4.32,-3.945563718143359
0.3742153640287536,0.31763,0.0828296430221944
1.1554996152630956,-2.0618,-0.5889438354102724
0.5069433830379244,0.32867,-0.1547370723370998
0.32198063920145764,-1.4128,-1.727567509947952
0.6200839249587241,-2.453,-2.891717929794288
1.5214580729704634,-7.1196,-5.898178380366692
1.4971709757571547,-6.8295,-5.04346723581418
0.5642544997987529,-4.95,-5.479885965358017
0.44831855203995685,-4.43,-4.771234735507246
0.34270792692602114,-3.4963,-3.62271978432014
0.745030017326955,-5.508,-5.211283070677707
0.07728198227394949,-5.284,-5.386093218446803
1.2169693848377254,-7.0257,-5.391404164038887
0.22332056022660943,-4.9958,-4.839583067183501
0.49999307865008746,-4.2605,-3.799929399745764
1.871746872672772,-3.0214,-5.057068373619078
0.19422972569961378,-0.55,-0.4104447315091911
0.9172363937149377,-7.5165,-6.662823685483741
0.29737789967359657,-2.4154,-2.398964714550496
0.3605400648576129,-4.9756,-4.643626056399158
0.2584579400022077,-2.5194,-2.528992797570434
0.195812000373393,-4.9013,-4.700507868197303
0.5642544997987529,-4.9057,-5.479885965358017
0.34631358116922206,-5.28,-5.497056463790725
0.4670035525610207,-6.33,-5.867582493757936
0.8828316598435185,-9.1645,-9.257951932998164
0.2567634020526923,-2.9903,-3.247205510043537
0.2921806288556329,-4.44,-4.365233129055611
0.56740991149024,-2.84,-2.233838860451659
0.2264001128939725,-2.5696,-2.656306460155713
0.45421536371858123,-5.5557,-5.314095496401549
0.7370730917498025,-3.89,-3.034014813615718
0.4924605728936282,-4.14,-3.678742676822115
0.5696702768707965,-4.44,-3.983904978004014
0.24925279109575754,-4.4957,-4.718273924135125
0.774353048678417,-3.6591,-4.261633886531531
0.194946283025515,-4.421,-4.559961899729165
0.19934633535652246,-4.3692,-4.294958413451512
0.4502332059861736,-3.8446,-4.328323688386563
0.48358862705020544,-5.5777,-5.175155203681168
0.7026014286853695,-1.5686,-2.280816187793268
0.4896169766760068,-3.3723,-2.830997738459926
0.2012801446047796,-1.1296,-1.280608511687748
0.8149654442155095,-4.6963,-3.902936853956395
0.28036113893568054,-0.6737,-0.8476851649309334
0.3407857711985615,-2.3762,-2.647440557970635
0.3546926447473234,-0.2046,-0.5621493840977323
0.5681534156648597,-2.7,-2.12265541448943
0.42556218308019544,-3.34,-2.949712906968801
0.5295704754165459,-2.555,-2.108081489682969
0.3181080052661796,-2.4502,-2.194206379824369
0.5235514830567083,-5.0397,-4.586159735673682
0.18558262255939073,-0.3155,-0.3280158528738122
1.133189320347103,-3.9435,-2.808372336684002
0.4478089910591478,-1.2447,-0.7295469831456898
0.12672764172435247,-5.3266,-5.333652223433919
0.11384514360228676,-5.2064,-5.266649808588149
0.04079592716442315,-5.2064,-5.212836058282697
0.5292042195769187,-3.764,-4.53728688592975
0.2781923518440695,-5.5154,-5.26231506022773
0.06031988199409507,-3.905,-3.901083866402677
0.07999353963888085,-4.4041,-4.44124687900493
2.239695880540303,-9.13,-7.031441279301819
0.12913935553008649,-3.6137,-3.750400485829407
0.16389867888442325,-1.3634,-1.469149725313001
0.4624398332407027,-4.8245,-4.941992797783253
0.3944056043854784,-4.4857,-4.967172231263462
0.4153432143068846,-3.6753,-3.225272633167428
0.40748206068100573,-3.932,-4.321897624729536
0.2717388060018873,-4.9115,-5.041800640502794
0.5873667049845236,-3.5463,-3.024024530439372
1.9647131257754742,-3.875,-6.214720244841427
1.1384816489124534,-6.2014,-7.395950101636555
1.0417012964606167,-8.9792,-7.910074557978355
0.5359230245094792,-7.2923,-7.595050492604202
0.4784338340747734,-1.2207,-1.778104642111365
0.3184133725606784,-2.7038,-2.408955548872026
0.4006518659947344,-1.7447,-1.259805420442195
0.451863875132689,-2.5114,-2.612146092690812
0.3874326994188381,-2.0478,-1.745279194347646
0.07347663435034328,-5.51,-5.460994524721306
0.2946028695322772,-5.1244,-5.252733806667938
0.22485939515740064,-5.29,-5.45468235314877
0.859205755137554,-6.446,-7.173408172364662
0.19297497863348126,-0.41,-0.2203996165934689
0.5608953842366065,-3.43,-3.814872011558074
2.051708756697646,-8.76,-6.483786059989735
2.051708756697646,-8.76,-6.483786059989735
0.16693166541224372,-3.72,-3.680121029283566
1.48664109407094,-2.54,-4.478157470287234
0.18658587476021243,-0.73062,-0.7275016134664165
1.5646720002876442,-1.6347,-3.44608931450304
0.482619926863836,-5.3386,-4.954479528387653
0.271650694765974,-3.62,-3.581177281642822
1.5646720002876442,-1.84,-3.44608931450304
0.5638161753386945,-4.1928,-3.782007432323189
0.16286300273199747,0.36472,0.3176330765615877
0.17569763766192648,-4.1206,-4.018225419383119
1.0479397710541662,-1.9452,-3.250481709028244
0.6468155730174007,-0.3279,0.3482607145720882
0.9486627327020145,-5.0291,-4.001970928078465
0.6156687391961299,-4.4552,-3.730080518908648
0.5134662378600443,-3.1319,-2.580902183100724
0.19395563843933694,0.54107,0.4696881070485482
1.0307306181132123,-7.3753,-6.356973396886302
0.14260786970120784,0.2453,0.2471785793084354
0.3522130856059498,-1.7536,-2.133742552328757
0.17610402645950568,-1.8321,-1.851727996500882
0.273078493018701,1.0548,0.8128876850232805
0.29950443386648695,-1.1648,-0.9281326855980484
0.18280001312986235,-5.9638,-5.851931146632811
0.5827835342021396,-4.5364,-4.079898264751892
0.7282460307438359,-3.2779,-2.454602883318758
0.17672966771414636,0.1602,0.037505326537261
0.22573940044864002,-2.7527,-2.823599617587866
0.3689692921585223,-4.86,-4.699867410640596
0.5594816202802855,-2.8749,-3.117882502629394
1.2218529998657912,-2.9076,-4.332097077574129
0.6241268281428344,-7.1827,-6.699435402777921
0.5083604756317752,-5.7692,-6.193195699629134
0.7688169091651271,-8.3221,-7.565921865046883
0.22117007483718454,-8.0,-8.039354288457305
2.1298399142876763,-2.6928,-5.7471261907682
0.7439590344711743,-0.4056,-1.15487154400605
0.30125497118537065,-2.8303,-2.212814164732387
0.04946141940742518,-2.4203,-2.440004418699325
0.38579317859352175,-1.1412,-1.568373674786387
0.7223143204449191,-6.21,-5.392478816979361
0.5248384316514453,-8.0125,-7.531274527630931
0.39091473988728126,0.1165,-0.3476194624071403
0.2897372667871124,-3.4892,-3.690054182585504
0.2104132279920515,-5.9957,-5.809362330728767
0.334010780120783,-5.9957,-5.660613111468914
0.3636704656466722,-5.039,-4.853511231458553
2.4242381541166362,-11.4757,-8.599421789141854
0.4064776010017009,-2.06,-2.344243399528629
0.19008819510212252,-2.59,-2.754298574770429
2.194307202316306,-10.0504,-7.136410954539842
0.07387331289472802,-1.9569,-1.919723864190827
0.9684489488876585,-11.0219,-10.32181362902882
0.36298292763445944,-6.5087,-6.478271091860657
1.2282116216776429,-8.9354,-8.353213372693839
0.13353896539729251,-3.9126,-3.909350863150158
0.2362663294670523,-3.5952,-3.695264714429074
0.554998463852033,-0.71959,-0.1992604118097281
0.13179068287726026,0.28,0.2502090979442803
0.6421966902147784,-6.43,-6.826117914640393
0.19987265952392863,-1.103,-0.9553013433481234
0.1036168421747072,-4.7481,-4.681911619580562
4.8262311787350916,-0.98278,-8.369145513693471
0.04220704212010345,-0.19065,-0.2226068384210216
0.1872114888695693,-0.4073,-0.3006129195171549
0.09365770933088705,-4.1075,-4.054991675118875
0.11924640823586842,-4.0834,-4.070183535064317
0.2816492142528774,-1.3583,-1.161182943610909
0.39443095921541554,-0.28489,0.0455405241078913
0.7439590344711743,-0.4,-1.15487154400605
0.5451585600485312,-0.7,-1.131285343025096
0.2907593293638183,-2.38,-2.249987242396553
0.8690155342769365,-1.69,-0.740697007731207
0.16606966615948696,-1.22,-1.363693706426324
0.3528422701344235,-1.3813,-1.245367920556397
0.2007178531193189,-1.6,-1.405569444008778
0.30288022602476106,-0.8953,-0.8942658328933906
0.83525853050864,-1.69,-2.335254089696625
0.9477479892031979,-5.16,-3.932947069285794
0.7463975709877171,-3.1017,-2.617269530678135
0.2095862099852191,0.0057842,-0.1968344139790743
0.5126319467873347,-2.5313,-1.990267032523866
1.0394680274659702,-3.7959,-4.694084479153616
0.09008416475512834,-2.3903,-2.433059798888435
0.3590182468090145,-3.4599,-3.940469537227913
0.35578575330900036,-5.3255,-5.069305641332612
0.27480979450301535,-3.3027,-3.017493375514302
0.17577315944365107,-2.0681,-1.942623855834392
0.16157534578402394,-6.2301,-6.353686327734991
0.17879549188331825,-6.2856,-6.426577007473982
0.1314408116931085,-4.1898,-4.149046754377977
0.8945381899832685,-7.0038,-5.604960438446629
0.5964830563711563,-5.2239,-5.714347862169594
3.012820914978487,-8.6249,-5.338806526562792
1.0386388684158234,-2.48,-3.58198591154917
0.4389971778090393,-1.095,-0.7045892262010458
0.17392197872883375,-0.32792,-0.385670269351446
0.17365902738751435,-4.7052,-4.646434549020772
0.5297046644871468,-2.1244,-2.627016551275475
0.2007178531193189,-1.6013,-1.405569444008778
1.046617226485649,-2.319,-3.510645334125616
0.9143596292234403,-0.17,-1.333525260650707
0.8638446421119795,-0.69,-1.545740018053748
0.3650965079709859,-1.76,-1.883543060073268
0.5199494258135845,-0.11,-0.6192894095308228
0.40530117073408484,-3.4561,-3.140756867234283
0.148056804454814,-1.38,-1.227111967114876
0.4119864082618476,-3.3314,-2.88515460567841
0.34754816534931526,-4.3605,-4.027023888262327
0.4660863979709176,-1.9258,-1.543746753240174
0.2570254670292351,-5.05,-5.309133524022289
0.09194195738465603,-2.6126,-2.537490733728285
0.5971250529791294,-5.5751,-6.028466739070371
0.148056804454814,-1.3813,-1.227111967114876
0.21453258614716708,-2.287,-2.05984241020318
0.7665141572559547,-8.46,-8.369617158877862
0.6463174731055347,-7.3809,-7.031230607699338
0.9566504272636461,-7.9926,-7.548316440301951
1.194358103426626,-7.0865,-8.368130493721765
0.6334771067417528,-7.1802,-6.905523364624871
0.8306033724531166,-6.6301,-6.201870911184569
1.1769406881016755,-6.382,-7.501960017775718
1.0260131253213345,-6.6218,-7.552760271974719
2.472524810423905,-4.0572,-7.15000184204545
0.5533730018662492,-6.8699,-6.272961822630439
0.37117501401119163,-4.285,-4.027114519463813
0.6294053042830072,-4.3707,-4.786528918314535
0.16855673439560392,-4.4685,-4.347621568508224
0.06525762607701266,-4.4707,-4.414082913447567
0.39686362460100094,-4.1,-3.947209588236257
0.8593758339564882,-3.56,-4.484321569427552
0.3335749274675735,-2.2119,-2.477814253318567
1.8377778525514674,-6.1884,-3.635377086961483
0.2900723129378872,-2.05,-1.959548354923309
0.3432235522275731,-1.8503,-1.628682404358395
0.09545023791045003,-0.41286,-0.4904548192372733
0.23957981311786775,-2.159,-2.03188658556618
0.17470717649460105,-4.7415,-4.695170254338505
0.30080694989516027,-2.9437,-2.649782021890067
0.22674583212958255,-4.576,-4.46064221770254
0.5573209042119004,-4.17,-3.687266732271768
0.3493025429276138,-0.3,-0.7165833287355311
0.1822771648516658,-1.9237,-2.046038683849057
0.03890175292655407,-3.952,-3.978594199330542
0.11724947369051769,-5.1286,-5.003624119152235
2.126065095954974,0.57786,-1.940301443521296
0.42245415419434523,1.2283,0.9473463224096956
0.6479881890785176,-3.8121,-4.43986991343416
0.5165401434870004,-1.95,-1.47687746614314
1.578907594456458,-1.2597,-2.823109716372776
0.41405068236320525,-7.4516,-7.134848387952783
0.522806272180532,-5.0727,-4.597634935769741
0.1653590280901594,-4.179,-4.132573699006132
0.5560119053253466,-2.68,-2.02270637799555
0.14508826737604316,-2.1212,-2.14640203598014
1.2776840120555153,-5.5307,-4.102625894345806
0.5787304766781632,-2.1957,-1.581856845932957
0.2980263136566736,-3.6351,-3.926185962952514
0.1788263743792305,-3.9028,-3.807134553867694
0.4349763945964926,-2.2694,-1.804711744305169
0.9181114271148201,-2.81,-3.699014576731819
0.33742144298711296,-2.85,-2.728779260397137
0.16167241213853664,-1.3729,-1.415383191899056
1.0307508402110832,-5.2635,-4.10690713773193
0.2613669236929026,-0.3574,-0.3201290083260058
0.24339507861523046,-4.53,-4.723204112245958
0.37782567653146193,-4.561,-4.760108955404394
0.5528344353037372,-4.2605,-3.613767837883531
0.12438694152405878,-5.0706,-5.103194429807724
0.24382868616542147,-3.33,-3.128219084760089
0.6329524984739794,-2.8773,-3.623289655637298
0.3588653818973884,-1.7293,-1.422916760882992
0.26819409431125746,-0.98829,-1.194821732566806
0.70059561030028,-2.3662,-1.528747048201284
0.37273720758345474,-5.615,-5.377331539459874
0.3687140711692609,-2.66,-3.021143505517448
0.6394222921379356,-4.3,-3.595912776565413
0.37400986447902307,0.0549,-0.3522062103338409
0.26403192803590253,0.48234,0.6520830395428165
0.23582940030528943,0.63135,0.4230998446595972
0.2785548116314462,-3.3626,-3.193827714701658
0.6139026360153835,-2.24,-3.046600585749006
0.13752656794445303,0.28048,0.3459650707871102
0.448902531397593,-3.7562,-3.351691072992534
0.36272889366591143,-4.5413,-4.199747114978885
0.51550297044723,-3.0876,-3.558615398840037
0.17723368679860546,-3.4237,-3.421097432442005
1.008978327888084,-5.9642,-7.082973827855453
0.21317569777537484,-4.6925,-4.819386063202657
1.440505956659096,-3.7018,-1.649117976579598
0.28669118080022804,0.48,0.3424929643248826
0.6688221517526581,-2.2648,-1.479614207224827
0.37454478001896974,-1.8698,-2.338331597957651
1.426111390657949,-4.9225,-3.382559548665138
0.43164815538062007,-5.1093,-5.621058915201605
0.20888352855377998,-4.8532,-5.001406395178938
0.29257803186743464,-5.7182,-5.565852231752016
0.2418192569039839,-3.1013,-2.936704833312608
0.10817358748233674,-4.647,-4.582232510967284
0.33812299005317925,-1.884,-1.991805051178576
0.36460118876103964,-4.7431,-4.559747154613618
0.40603853879545454,-2.3074,-1.818474224067341
0.6186156442927638,-1.73,-2.460263553156073
0.4680551024633964,-4.1675,-4.537713592867624
1.1143640034721232,-6.1025,-6.891470998212185
0.13637100072788333,-2.66,-2.595682533073342
2.2168368735346338,-0.43765,-2.926860565374401
0.2863742135241032,-2.0515,-1.803106977053745
0.5675262886382623,-1.4374,-0.8320516318306885
0.16358727386075728,-1.8898,-2.021535687699014
0.05666045892036523,-1.6115,-1.611659441322191
0.6089085386111943,-3.8552,-4.456903907110818
1.2327446722010817,-3.172,-1.882865680139929
1.2131155985027915,-3.9422,-2.513867572343325
1.4875413080814608,-3.9107,-2.370417232153725
1.6272213655372179,-8.1939,-6.297340202960117
0.24486195902917351,-4.0568,-4.238574966997458
0.1917802033422985,-2.0796,-1.979170357991888
0.4621366756513662,-1.6937,-2.017162522382548
0.25207093420800475,-4.5955,-4.573361915156134
0.43974598874276594,-1.0118,-0.6075785784184949
0.5775500168762917,1.0327,0.4479257104792158
0.4466930789851285,-0.9012,-1.398868065635243
4.047038893377079,-7.6996,-1.534362079800943
0.45582550612041195,-0.78753,-0.2631242062431993
0.21739853386452979,1.13,1.009824237220894
1.0322265626104044,-1.66,-2.923891639227492
0.32724682510529285,-1.6839,-1.376938076159854
0.270203750907926,-0.1822,-0.4525263169942036
0.7552697236544504,0.42046,-0.2309077912745342
0.6437349787288216,0.5249,0.7531667788350652
0.5500520948674898,-0.70351,-0.0947237009566886
1.0080089869826505,0.64545,-0.2180866584071319
3.5757416747408204,-0.09,-4.307899595657677
0.4467081374585094,1.0914,0.6535386257932407
2.9497848566023013,-0.23519,-4.475608666258825
0.25033269248708656,-1.23,-1.058709912841501
1.1720004616575483,-0.28,-1.728440312096873
0.2991349079515603,-2.7674,-2.542149346024308
0.5278845331906331,0.7899,0.253371725670938
0.21414294394771716,1.1243,1.263685243001798
1.0822073610052092,-0.086774,-1.35534563115052
0.19326050348239884,-1.1475,-1.218908236684319
0.44580014784711636,-4.3292,-3.982088246813877
0.40155805271126177,0.8723,0.501956850215698
0.5032683716163932,-0.83579,-0.3096503342136209
0.25103916508820134,-1.727,-1.897355429822128
0.2992676188451355,-1.668,-1.551763007954529
0.5041721206323914,-4.7309,-5.052415007006273
0.15759223889397522,-2.6392,-2.65962793992371
0.16733899578074257,-1.6248,-1.555559054787708
0.060127505481303814,-2.266,-2.192200021542452
0.5164692294904488,0.16224,-0.3447466205653251
0.24285156488089613,-5.0211,-4.918501894594741
0.4748999684439189,0.0599,-0.4613575007542081
0.25627855998878624,-3.569,-3.332595867442248
1.2921139752014665,-4.8,-6.311523830694107
0.45384708234913296,-3.0698,-2.638635142587114
0.5613863386435275,-2.0452,-2.754991227929401
0.10639938160460032,-0.78585,-0.6969993214766876
0.9442699723260123,-5.19,-4.213355503913415
0.803177677570047,-4.26,-3.764545553534356
0.6200142827399763,-6.01,-5.379189386674274
0.13940704553448272,-0.67527,-0.8156208096951095
0.1773138999498708,-3.38,-3.621673070285984
0.0218982334632154,-3.89,-3.900250213323732
0.21076698376245095,0.62985,0.4331401095837873
0.055880913574216734,-2.82,-2.750861100545508
0.3708060544862223,-2.63,-2.900280346098296
0.1239719703362276,-2.34,-2.27837295020164
0.2943335811884004,-5.3638,-5.317176286951758
0.6450010242372144,-4.7729,-5.3796321071494
1.327115503972894,-8.0294,-6.628532061934414
0.4897973066968167,-5.73,-6.114480026508179
0.14152525793713766,-0.72,-0.8707198218441274
0.17786756556342617,-0.7875,-0.5202765143628192
0.10802156253553194,-4.3914,-4.359794982694439
0.092323468551667,0.31,0.2235883067660842
0.5997676009916743,-2.57,-1.854564196048642
0.055880913574216734,-2.8266,-2.750861100545508
0.339023634248572,-4.082,-4.16200765344246
1.0728772062721468,-4.8917,-3.475378055256542
0.3671181954668347,-4.1079,-3.134752090195324
0.3671181954668347,-3.1,-3.134752090195324
0.5689960184647814,-5.6015,-5.446380690641566
0.4704521481161773,-1.1622,-0.9312757277923072
0.2867953862382198,-2.6057,-2.390723859636966
0.1403869358234585,0.35822,0.2860846338474879
0.3576556965675043,0.31674,0.1435495090126334
0.15784115676893512,0.29736,0.4082184658962723
0.10032813770400731,0.40866,0.4259677983489014
0.14202137686027633,0.40756,0.5481932324410924
0.09834968190402846,0.31317,0.4246047520047059
0.20404753172179946,0.40422,0.1929635439805846
0.7619466396992294,0.6123,-0.316508354145956
0.3398635750208524,-1.9974,-2.221360600216365
0.11490485593968466,0.37851,0.3653066606207879
0.470696333774122,-1.7234,-2.305846452727147
0.10645015174097963,0.30081,0.375748970166022
0.9265974550055166,0.070851,-0.5616416159619761
1.1991766448960315,-0.32264,-1.8067364597056
0.2859580041906696,0.25788,0.2523952113073679
0.2774538337980974,-2.7557,-2.541719517381636
0.0635664610451335,0.40647,0.4541404460477777
0.8846872114435022,0.56193,-0.6983887258925237
0.3277074675050332,0.33128,0.3894233171275854
0.6756855767964488,-0.0072657,-0.742318048536471
0.7511450881726374,-1.2579,-1.812233006153417
1.2911487140366436,-0.44405,-1.830403281265303
1.3252205409186815,0.1832,-1.318595447438775
0.4170559622785946,-1.7701,-2.206034319945305
0.901353167220762,-4.8859,-3.818168264038296
0.6160983344925417,0.36221,-0.2245807661229589
0.7175139474080329,-6.3334,-6.942069915546083
0.5133234458965746,-4.8876,-4.413678233915719
0.8303722323647835,-1.4669,-0.5539366287337211
0.4031788970380001,0.37443,0.0992738321960657
0.18639354247626794,-5.8166,-5.754132627720184
1.112187511559413,-3.1473,-4.392342788080787
1.373194035933132,-0.56586,-2.241340288615485
1.0473500350359597,-5.7599,-4.518198517094966
0.30724385618806893,-4.208,-4.45220965875076
0.3823000906801805,-2.3383,-1.88293221608838
0.24739096717717385,-4.043,-3.909505025308459
0.17346858970228898,-3.2463,-3.405111995161123
0.41796206229906274,-6.1434,-5.78446337471229
0.6808473042369095,-1.8197,-1.165421611922876
0.22546049727588433,-4.8686,-4.771927387314415
1.160879447692573,-7.1681,-5.436913129016625
0.26804120523334973,-4.9729,-4.981059726212658
0.7661532576559698,-4.2059,-3.307054958288078
0.17197328488959202,-3.7599,-3.686968836477259
0.9013284836553827,-5.0757,-4.127704216525903
0.27927579680116654,-4.0145,-4.212941823260918
0.19182373236073416,-4.1864,-4.047003091850842
1.042045661192141,-1.953,-2.034263773231185
0.1961016936379717,-3.0534,-2.92628492579261
1.1964287305185541,0.6086,-0.8579666145221645
0.5782639770125002,-5.6475,-5.232367482555809
0.30076806641968257,-4.9513,-4.474374064710374
0.17232558262642342,-3.1313,-3.280719302544626
0.07136212567916086,-2.5413,-2.472696042879381
0.2086490885986471,-1.5445,-1.684435872465694
0.25137292603441513,-1.4213,-1.640748106459774
0.25137292603441513,-1.435,-1.640748106459713
0.08775409658856892,-2.4206,-2.242326103874818
0.8900112666513518,-0.61,-1.597333898185154
1.4685294641553235,-6.9197,-8.528019798074586
0.03167988492026081,-2.5937,-2.571632659854505
0.5043837758906345,-3.1825,-2.046319269905478
0.12833145442960284,-2.2702,-2.191949216881969
3.1516333529525116,-8.5803,-4.103829085997891
0.5288352116832408,0.14206,-0.3037463593645372
0.546277926514912,-7.2893,-7.445065992096516
0.34026101583376844,-4.5892,-4.279571613010944
0.42846478609577654,-3.6124,-3.203060154828304
0.7920029786769214,0.52874,-0.4135786785748283
0.6824885380791619,0.10341,-0.4842009856873007
1.0959341675183816,-4.1708,-2.841285685461206
0.6219172543608604,-0.85982,-0.4641652380763314
0.5476474951176973,-4.4077,-4.593342282580852
0.18817699521072695,-3.2068,-3.225236994717116
0.2836905044951566,-5.0995,-5.270908411760818
0.30344221778987657,-4.1508,-4.336174434506618
0.4006654788214459,-4.47,-4.64403946921137
0.35018321498268196,-0.094549,0.2051639107429515
0.9702224903817342,-0.85,-2.047499647982979
0.5543996772225769,0.038474,-0.3856400353795865
0.7257102019020849,-4.6162,-5.401404807630049
0.14363640042783055,-4.3859,-4.362924832435901
0.33000608234256773,-5.328,-5.47324718527187
0.15619308845260935,-0.36701,-0.4473194920571879
0.5916761021166864,-4.6511,-4.168825301349347
0.17762143690610624,-2.072,-2.092668626258782
0.6920300010239938,-0.30738,-1.068322452448687
0.9613754468600901,-2.688,-3.54390240539662
0.24445756732147272,-1.99,-1.98172574221829
0.9598905002343843,-4.0,-3.120517503427386
0.7541829476996373,-1.4597,-2.15362799949522
0.921835992239528,-5.639,-4.645827548662513
0.6164913136121531,-3.1546,-2.631205402087406
0.9774617244885893,-6.9258,-5.766476171688929
0.5513396408041035,-1.58,-2.136776231073965
0.33629674405883103,-1.66,-1.397284522792579
0.45698772684479466,-0.6608,-1.025324501999239
0.9295812664833859,-5.7476,-4.586156483340598
0.2826939441592204,-1.7882,-2.127906777410502
1.1305539398568067,-2.6994,-1.624859135932911
0.45909973400222354,-3.03,-2.617512193907618
0.3982628690397709,-2.5878,-2.293009009963467
0.6606108919062668,-4.7726,-4.07053113834608
0.18309366044981154,-4.2558,-4.41597133302996
0.28839010790124786,-2.6475,-2.863498845356113
0.43133850518247097,-1.1,-1.43731279852745
0.29803844765049964,-4.6532,-4.441094101056342
0.6138902419668735,-0.93694,-1.676100658445139
2.1503347365450423,-3.2263,-0.0604946444505296
0.9700616095401908,-2.41,-1.279134506419078
1.4416776854780684,-1.367,-3.23821124960762
1.4146880356208766,-0.66054,-2.070011524726635
2.1399416500201913,-2.3162,-4.794218320607665
0.18560994319692375,-4.4791,-4.639173735632252
0.2912691833262673,-2.7975,-2.715247078961155
0.8472780089716828,-3.8391,-3.59791958591725
1.7365210933218242,-1.2371,-3.010700535191329
0.5856938810366041,-8.1416,-8.605764127196384
0.724849863424094,-0.88012,-1.618524915758988
0.7897721408087296,-0.69915,-1.602922119220221
0.1936020501465334,-3.6857,-3.43388884272392
0.0918691663206655,-3.5913,-3.511617729602385
1.6083650876763744,-8.1,-9.788386009542933
0.8728306784182923,-5.17,-4.19619838164154
0.16088471903433987,-3.8513,-3.688732007175866
0.36065301849219994,-4.25,-3.87496861750165
0.38735102484326484,-3.9807,-4.333486719660176
0.32611166018964327,-5.32,-5.059079994192552
0.24349483614858985,-1.8513,-2.048550805332694
0.36295221320926707,-4.08,-4.276979144632108
0.5043837758906345,-1.9836,-2.046319269905478
0.7180877803261183,-2.68,-3.583399106227558
0.6152351437621162,-5.1357,-4.371836611913611
0.3828213343543585,-3.6913,-4.021978480262139
0.08457581667116502,-4.64,-4.615538265212745
0.16404399361713684,-4.2813,-4.297478621439462
0.6965054994784775,-4.9004,-4.177269142652623
0.9165177714844422,-3.76,-4.878176371217857
0.6343514798957095,-0.094157,-0.7141756782352793
0.36279690963535755,-3.3379,-2.950494187586459
0.21103829587474185,-1.8219,-1.805726513868859
0.09727917189912332,-2.7142,-2.615111126400123
0.37357762504419556,-2.4312,-2.142353309395096
0.6248653371571852,-7.01,-7.428197161448209
2.445621732731522,-2.0657,-5.065043091686789
0.730691433684882,-5.3112,-4.736713890495587
0.342931586954988,-4.2717,-4.050895755356815
0.5952359885241244,-1.4534,-1.779431525224674
0.22414065372464523,-4.6021,-4.46449145237404
0.15737528943503587,-3.2707,-3.303169350840875
0.17455666233438652,-2.7726,-2.725426560175197
0.5511981393668385,-3.5679,-4.071877317642651
1.824495813786092,-1.0176,-3.539301807709272
0.2561208079707315,-2.641,-2.648413475671137
0.29745990104852504,-2.1853,-2.315169679376865
0.2243917249690867,-3.171,-2.97776201652715
0.7602673930912216,-2.6625,-1.767581077088459
0.8820468602810857,-0.497,-1.510982729332378
0.5533368169737094,-2.5738,-2.106706779927273
1.3364039636702663,0.3947,-1.297424671455654
0.3233617318984321,-1.52,-1.687009977154544
0.4900004767610872,-0.42443,-0.8954254776899229
2.2350823538125555,-0.3613,-3.492793213859259
0.37865052372287167,-1.45,-1.145990479926927
1.8689874199473773,-6.1454,-3.558438778541522
0.6674887909025652,-0.27634,0.2005159943930621
1.939472996374686,-3.4147,-1.165128257211451
0.11952458128191477,-7.44,-7.495818050636192
0.16336390376603888,-7.31,-7.354294277463115
1.3628388324662537,0.03,-2.037475260401268
5.29184866474115,-8.8745,-3.214752054746219
1.4214173182634982,-7.51,-5.837241989056928
0.7905472050533398,-0.65268,0.2616420450819373
0.27425583114822827,-3.89,-3.822868052694268
0.5898783503030708,-1.5291,-2.197904268061263
0.31722864349466035,-2.4115,-2.048552316921777
0.27343046973009555,-3.8357,-3.64882821266871
0.35563700065687043,-3.2099,-2.765029196034877
0.3990704968182128,-4.9529,-5.224705410853002
0.42884774766026995,0.66216,0.2236300073554892
0.3408893395522845,-6.0916,-6.040324984921831
0.4027356751787702,-2.7447,-3.113873624083105
0.37148835185484297,-2.4332,-2.765954992365854
0.6714698098837785,-2.7896,-2.076592372458196
0.6235915537515175,-3.9904,-4.603846714309758
0.40293533003109155,-1.8195,-1.564298864966259
2.251301163054624,-5.497,-2.594431811313449
0.48490058450255147,-3.1719,-3.684189480101199
0.4010079777465959,-3.1234,-3.546031734065851
0.276308252662836,-3.0,-3.183172026327676
0.19150136482525082,-4.29,-4.398883542453284
0.5994140401687799,-4.9172,-4.259987197414788
0.4751962892707188,-3.0749,-2.558342104530411
0.7515205812001677,-7.4761,-7.36178710332562
0.08920169221452082,-2.4495,-2.398358188518578
0.30379843124694716,-2.8815,-2.606863582791477
0.6007916524552569,-3.2166,-2.704667963867962
0.8146088446494402,-3.4088,-4.434195700092433
0.5598596664706447,-7.2311,-6.872137621245603
0.5767044601566358,-8.1468,-7.901845329730272
1.019136138004784,-6.979,-8.074900172797467
0.18651082330083987,-1.552,-1.513315268351098
0.19766626084500147,-1.2615,-1.3262600525765
2.343173741034851,-7.4625,-4.452206878068942
0.9240095977520442,-6.1565,-6.886203916645959
2.0319077572441846,-6.18,-3.232462991521999
0.33789333163106255,-3.3761,-3.042310733737433
1.4318665840404565,-4.836,-3.282091950475508
0.5933883215298887,-3.9781,-3.397011595086051
0.40382038182386054,-2.9801,-3.404438398068696
1.0880659001286213,-3.0585,-4.354713679464178
0.8350034409044533,-1.7894,-0.6914680795032067
0.18955895040360726,-6.7013,-6.562851057761335
0.12323260686493652,-4.037,-3.961853855143513
0.17183032563884562,-3.1976,-3.32698676140973
0.08343003856517106,-2.3967,-2.425067200744328
1.3358454586682902,-5.7452,-4.519028677414916
1.7933924726336647,-6.2638,-4.380305781383129
1.9820840293486446,-3.4523,-1.073975608671268
0.118425484737489,-2.1004,-2.004102124786962
0.676521254708573,-6.3058,-5.720201531156841
0.3705421847318563,-2.8964,-2.607619904654314
0.6941270273371835,-5.23,-4.467893412301223
0.42800309494330896,-6.59,-6.995165804599268
0.14953722471818415,-3.6789,-3.647841416964817
0.7418865868975417,-2.0321,-1.436441431817083
0.26218564115550574,-3.6639,-3.456505073896254
1.5573390021256919,-0.85851,-2.769982171728786
0.16878303147863805,-2.9399,-2.984587111821448
0.5665268758213898,0.58473,0.0545240243015683
0.42467921505367323,-2.51,-2.01575198997857
0.14383491318860653,-3.1599,-3.030373489465712
0.4349756982778111,-4.586,-4.238986885307249
0.5550299510861585,-3.8395,-3.273938027783609
1.1606964209669268,-6.4056,-4.975526895879288
0.34490828606559526,-3.0736,-3.201841539338896
0.4647608884655225,-2.5967,-2.022341140906669
0.3441508985286119,-3.1127,-2.717594627325881
0.24476267763830953,-3.0646,-2.820824906079836
0.3181784308510287,-5.6246,-5.455055265127806
0.5319816779836739,-6.24,-6.138913643784133
1.2055059048093242,-0.11787,-1.462361698603431
1.6136207830220757,-6.7984,-4.717771112934588
0.1656518578223688,-4.5205,-4.447705461606064
0.04946141940742518,-2.4207,-2.440004418699373
0.30125497118537065,-2.5097,-2.21281416473245
0.33650412475587005,-3.2883,-2.998038549921237
0.7045087312566076,-3.5444,-4.309905020756893
0.20816305886020608,-4.3155,-4.369695426418883
0.6978141315310128,-2.0064,-2.787465970779182
0.18600837345390991,-3.044,-2.921204928896612
0.15845741614158493,-3.77,-3.90832748748023
0.1923213885726825,-5.5272,-5.34625198169348
0.7844503276683953,-0.57673,-1.503207244525028
0.13613073450608318,-3.8997,-3.981709736937896
0.5689150206126161,-4.7213,-4.123616747638923
0.6346998599130699,-5.2414,-4.604676063591839
0.198205247407822,-2.7946,-3.029528884971274
0.37399585290605714,-2.8989,-2.52080301463382
1.0086058062349408,-1.7192,-2.894109891407624
0.2975150266709792,-4.3284,-4.140145640803736
0.06913355356439894,-2.0322,-2.000091088077545
0.09190577672699413,-4.1727,-4.2232378808577
0.8105435446309482,-2.9535,-3.974944920848609
1.1188039176287738,-7.6782,-6.521264907322138
0.46946097648344415,-3.9583,-3.393561263727901
0.37337444654150503,-1.5038,-1.82425504324532
1.0312926859946747,-5.5864,-4.76803729238319
0.1319269581071544,-1.4942,-1.467292979502413
0.590894350401423,-6.5356,-5.897719405687884
0.6551072416865498,-5.2918,-4.562658058737965
1.0228170207543266,-5.0368,-4.23760057446925
1.1928031607469556,-5.2918,-3.855652963533656
0.13542094698302198,-3.43,-3.361193490783393
0.2997706028743827,-2.3114,-2.459827343553244
0.2928073966583246,-2.8815,-2.698347203262744
0.3522695371726745,-1.427,-1.470449507440726
1.0451006806550576,-7.5492,-6.292771060168267
1.0250644683291676,-5.1044,-6.307673722985511
0.17517832699254351,-0.99817,-0.9124145612025418
0.31823746018236504,-1.0938,-1.31364404253963
0.9871986317698616,0.62453,-0.3281678454888621
0.1277771215808258,-3.2307,-3.255553779633453
0.3635719333472162,-3.34,-3.651709025997929
1.4477354017948683,-0.66793,-2.54894660616778
0.3722935966302521,-1.256,-1.005196633680712
0.8324521597256554,-4.3739,-3.496346336049212
1.189252579195669,-6.8946,-5.259276428491362
0.868331412410017,-2.6222,-1.688888144203146
0.3205339361822857,-3.9417,-3.860744770378989
0.2307928696900187,-1.9873,-1.834618879979224
0.27242717174049985,-3.9784,-4.103049576672218
0.49057355066201913,-3.14,-2.653830090271206
0.3730466132635267,-4.89,-4.405340535385444
0.8785856484712091,-1.2309,-1.95320486062167
0.43213653805126134,-3.04,-3.420530689708725
0.6105128198237777,-5.8541,-5.261105915244862
0.5962909198505366,-3.2445,-3.974403812145953
0.7741178544903741,-7.55,-7.028585790250751
0.5795687113136254,-1.2,-1.817335754987972
0.2957406314144368,-6.8162,-7.065192447087348
0.18029163568352494,-7.72,-7.515380095780592
0.328870690509822,-1.94,-2.315328338298869
0.17448608256627673,-4.272,-4.245699362853405
0.2548615793166346,-2.6616,-2.474375611582324
0.22443045620177887,-4.8015,-4.671367838578362
1.1530582204949358,-5.3698,-3.945228537742342
0.19023938940185686,-2.1435,-2.04782551120902
0.34080423478261856,-3.52,-3.174630671831796
0.799962571850196,-1.2736,-2.30757185827953
0.15920349224813002,-3.3332,-3.482334537368036
0.15180537745660833,-3.8997,-4.047569663295088
0.22044282724094408,-4.8532,-4.686746853708513
0.13317510051407433,-1.029,-0.9380435171334496
0.17816461371301742,-6.8298,-6.985842542692442
0.16794003515126324,-1.1675,-1.287765807647513
0.260564602511289,-5.2347,-5.291828862946939
0.2612529358202473,-3.845,-3.863459340579792
0.18640004842195257,-3.2621,-3.32621085865829
0.6178911253830148,-2.7106,-2.141737632702447
2.386063903141203,-3.6916,-6.603338027327537
0.64171683078081,-4.414,-3.78249269772434
0.1286242845066835,-3.8733,-3.810098172363467
0.15354504350671092,-2.8926,-2.793405954372717
0.05193888942057012,-1.3012,-1.299417853299573
0.6009076385746545,-4.19,-4.917617113209839
0.4089801648498403,0.45,-0.0537735817149724
0.3211408442732284,-5.1617,-4.959986511304074
0.3227589411849429,-5.8005,-5.956235314139031
0.45764287436468487,-1.8378,-2.416344960715118
0.5475969074200963,-7.1774,-6.811195184252945
0.23775205246325484,-3.41,-3.284444788258227
0.12394870082636243,-0.90042,-0.8969632653102306
0.6257898594247269,-5.7769,-5.233172919065582
0.5764046613663092,-5.06,-4.502204041257252
0.29183193468357554,-1.7544,-1.499457381174839
1.116359927872535,-1.1083,-2.405946677352909
0.07501786382962464,-1.8795,-1.85696366102274
0.08812916943676743,-2.1435,-2.036407365462169
0.588641609686982,0.60517,0.3039396606208212
0.12228419985421718,-1.2309,-1.300710224102581
0.7513110291482549,-1.9657,-1.080158251812509
0.13090319577080933,-2.2267,-2.346215499525239
0.6006958783535279,-2.23,-3.097974182143979
0.17039687215422578,-6.2613,-6.4519986859975
0.14013708979757283,-3.76,-3.810958998997421
0.3754551068222476,-3.6111,-3.778468605636875
0.5797831747280674,-3.9583,-3.295664034667827
0.5651637275481213,-7.6943,-8.022905878535495
0.4980156722179988,-3.5958,-4.200305896019159
0.15942384483775499,-2.0392,-2.104043651460505
0.09117443029517443,-2.8448,-2.883715020883471
0.4382629564535428,-0.45724,-0.8625195972753779
0.41259532837815277,-2.0507,-2.006014022761745
0.3673406383263172,-1.1887,-1.698452427228993
0.20417727199626245,-2.2552,-2.084317453858625
0.298804445165567,-6.5577,-6.366632109598541
0.19176292094506692,-3.8613,-4.039418492561349
0.20464849405729515,-3.9814,-4.113273339656289
0.08988860321081801,-3.0198,-3.025987382183325
0.36707758035897586,-2.3325,-2.076993631491075
0.49490622613795177,-3.3846,-3.891679588847067
0.2850498106787072,-3.6901,-3.402846829655279
0.5778097462384453,-2.8842,-2.284476684040486
0.4423750848499007,-3.3058,-3.785748021360862
0.42415093137363996,-1.8315,-2.353450671265682
0.32363192357039233,-2.6162,-2.334144978902417
0.5318220192981399,0.090131,-0.5347690294679422
0.7327136297248776,0.02,-0.6853931732631318
0.11083236424454275,-1.16,-1.194527611352882
1.3170588452601917,-7.54,-6.022442235443694
0.3367066173383955,-3.92,-4.077460652584318
1.4570590790530087,-3.6761,-1.860021838320021
0.1786481615974952,-1.4506,-1.316172560026083
0.43023127264033667,-0.55954,-1.04015608957131
0.13977203178047146,0.4887,0.5561677199325852
0.48504406431729796,-1.4953,-1.06266802266079
0.23647049364207853,-3.6,-3.715202755488745
0.20984311411914916,-1.65,-1.775633418574758
0.3658849811141455,0.06,-0.2861478902075252
0.09027772421718963,0.68825,0.7358139235118235
0.7235587404464698,-2.6783,-1.853844693853245
0.2683137333170318,-7.32,-7.183901355681828
0.3112420944080887,-2.3936,-2.190298305901784
0.3610626825259488,-2.2768,-2.148406662302982
1.8904805532013815,-5.85,-3.473510786377144
0.36525864542620107,-2.5191,-2.742309042344213
0.6522458244701366,-5.04,-4.51077806163162
0.43369285442379324,-1.3063,-0.950236002466362
0.5418665861904093,-1.4309,-0.9813768347703954
0.17892871806652635,-1.8448,-1.841223426030186
0.5350044161271025,-2.38,-1.95056497791516
0.30671325947167366,-0.59407,-0.3423136078830558
0.38838735681196035,-0.57031,-0.8560411877035624
0.22943975050235,-1.7914,-1.906796975990631
0.6612868295467219,-3.6937,-3.026273154878999
0.844535227733488,-5.93,-4.964849873702693
0.18859414842245517,-2.3522,-2.469074388099199
0.212722831376894,-2.1129,-2.066600333728332
0.5942862704653601,-1.18,-1.914429872336425
0.5128572703730994,-1.4026,-1.896672975058985
0.5409254110999572,-1.715,-1.234596108347367
0.6250344273455243,-5.9645,-5.656130854505247
1.1636643923723005,0.47203,-1.130471809162965
0.7833190075544444,0.49031,-0.4068925537747401
0.36037503473870525,-0.33,-0.0023080824393468
0.36479577507872357,-1.6,-1.771931062194124
0.5142164414607239,-1.3469,-0.8146637707906021
0.2328057494801417,-3.346,-3.390029931552901
0.8954086603647713,-1.6276,-2.748708430577289
0.5624486958357047,-3.61,-4.287985902731027
1.6862883838208627,0.56016,-1.498636653018119
0.6395997755308284,-2.6025,-1.863896975741814
0.26904687308834896,-0.47,-0.276986673498929
0.21850170006514372,-4.81,-4.7715486083042
1.1236730622269966,-7.3608,-6.145313716998679
0.4523131640625946,-1.1332,-1.43161476658121
0.5663381403223462,-1.3063,-0.7077353957036562
0.90477428713276,-4.43,-3.428044342175188
3.0348063006511525,-2.71,-6.793050849719804
1.5325007436849671,-3.5838,-1.795600406441695
1.5325007436849671,-3.3353,-1.795600406441695
0.6398601328418109,-4.03,-3.824378726676816
0.8974233359453411,-1.7041,-0.59156087890827
0.3399732237166293,-2.6157,-2.79982639575426
0.21306875485572582,-4.23,-4.339498877690242
0.23077827950465538,0.3973,0.2844587787702217
0.30276643035636885,-0.0575,-0.2322941702630528
0.22547298079684439,-3.1363,-3.311466409391103
0.19973644579718722,0.8789,0.7208073528830561
1.0163516875036247,-5.1479,-4.004798150950567
0.6714595740513218,-2.2544,-2.989770856102937
0.17382245220846035,-3.9923,-3.874604035314782
0.5951785435857455,-0.43766,-1.049465015305016
0.3367021569381999,0.90633,0.5756799814268407
0.30877871701566645,-3.8532,-3.961603890066491
0.1480423194518336,-4.9391,-4.916088698461495
0.47846130233764717,-3.6658,-4.204583850987371
0.4037759834195548,-3.5685,-3.973640621714586
0.6188461311855374,-2.9956,-3.771415328710468
0.18707026275610386,-2.6044,-2.418045343229249
0.16863489922185187,-1.925,-1.972262342428829
0.09962512580255982,-2.1645,-2.133461784320008
0.17895119528493558,-4.0651,-3.969623235787338
0.4290042945319596,-2.0018,-2.404596494436446
0.26404231049119287,-1.7173,-1.421666859872894
0.67687300734153,-6.0024,-5.25261604527264
0.8670566237153434,-4.4903,-5.229263256212191
0.19666228561048432,-1.9393,-1.788815921895749
0.20399672935990854,-0.49898,-0.5745819578827835
1.1018186005606772,-2.9463,-4.317518999292961
0.6065469522595024,-2.9463,-3.693587158297894
0.527297021095692,-4.8907,-4.973774004343001
0.4265303620121227,-3.71,-4.158073042652099
0.5037974401136166,-3.6944,-4.234587224324315
0.1083128145202261,-4.2244,-4.095224215151674
0.20116499898738666,-4.2189,-4.100693647062548
0.05518593537139529,-4.4583,-4.445157350650644
0.18520436832834442,-3.2343,-3.340530459186685
0.11469597372626784,-3.1429,-3.229766885020994
0.08786460638158967,-3.8539,-3.825637349093125
0.6522172095264043,-1.9991,-2.69178123510097
0.15399523269709883,-1.3202,-1.353749412905943
0.671850308158404,-2.1084,-1.368626360864503
0.29197534122495983,-2.387,-2.201654574292654
0.5800797755598579,-2.6879,-2.923688129050995
0.08384874060658758,-1.735,-1.744195504556104
0.24034214671534937,-3.1108,-3.216590551120357
0.1585249361386578,-1.65,-1.736507656086945
0.41092440404582753,-6.1674,-5.860282746662628
0.24179275333372005,-1.2906,-1.026304519853461
0.19438414773510204,-0.8622,-0.6752258606262792
1.2525322807591968,-4.41,-5.842160074791137
0.7983430745286054,-7.5347,-6.805512908840474
0.3244195535023463,-4.1735,-3.842201813590473
1.3243503192741923,-4.6576,-3.011070010946739
0.17844413801131484,-2.2,-2.116751435031526
0.3850941601098849,-2.5464,-2.183296894737954
0.3996116672920584,-0.77,-1.184177163123185
0.36080803996908584,-0.81,-1.23788562458031
0.1492479286961085,-2.39,-2.464606808187617
0.3262612873604731,-2.78,-3.035999779454415
1.1219992440273872,0.25663,-1.245085253865075
0.7045677405952705,-2.765,-1.840773747451945
0.3328707525313252,-1.2388,-1.488520877679101
0.24676171960894325,-2.5624,-2.663111341292167
1.193630522922048,-6.4955,-4.915625583894653
0.08357238841338069,-4.3254,-4.350924320042806
0.17456189168441308,-0.97956,-1.119693743116624
0.3518168967184924,-3.5135,-3.257732652262466
1.392521579153786,0.088219,-2.015686134974462
0.9193696972072125,0.41938,-0.6352537001819423
0.15292784073025897,-2.6943,-2.544998282472855
0.2980237277206631,-4.4508,-4.446754199261008
0.16698177533125327,-3.91,-4.004166073465398
0.7134977406922575,-3.95,-4.71734330960277
0.11770529532313889,-4.07,-4.066045269875328
0.12716706782311193,-0.35595,-0.4364375047812439
0.6200142827399763,-6.01,-5.379189386674274
0.21721949019105682,-3.0426,-2.754317318332799
0.14152525793713766,-0.7213,-0.8707198218441274
0.04635028898418415,-5.705,-5.676799543802487
0.3170143621689466,-4.715,-4.369444846296262
0.20646160933238072,-4.744,-4.679761370039413
0.3031559081706377,-2.4271,-2.761750171479919
1.2026722641814866,-2.75,-4.359925559314144
1.100034023232556,-2.7,-4.109685795682541
0.8112704092411381,-4.04,-4.747669389336171
0.09663123250726571,-6.155,-6.032556634558109
4.065462547691592,-9.4214,-3.826817017514468
0.2839398386125279,0.18507,0.3591212496640298
0.18212903522940593,-2.5144,-2.665740264896635
0.5585381012427022,-2.9101,-2.722658801363397
2.1181634802487928,-9.1747,-6.167348096830116
0.3452124559183423,-4.25,-4.63207987683465
0.6663225270721069,-6.5591,-5.688798439142642
0.15176629094071273,0.6667,0.6065773385670169
1.0091634192970904,-2.9909,-3.894762100742091
0.10802156253553194,-4.3922,-4.359794982694439
0.40207154157936875,-2.77,-2.388982193932467
0.39985273477659533,-1.1992,-0.915573932455692
0.22589217357283242,-0.81,-1.003112882319797
0.9174188322533383,-2.19,-3.386389236934252
0.4067576745119944,-3.2386,-3.555685995921493
1.7070154672487927,-6.5873,-4.445155350649349
0.18993285845719673,-3.14,-3.021754289057447
0.24357717360716954,-1.2887,-1.040338587168919
0.6881942065854696,-1.3528,-2.355193393779055
0.36101267748662474,-5.9721,-5.765022863306234
0.3875158747071184,-0.451,-0.8147407928680521
0.2120908522392667,-3.7342,-3.607092877619776
0.3687097721059699,-4.3199,-4.425092240311956
0.5958845941139983,-1.4996,-2.146846013188594
0.4611381550481309,-1.8898,-2.501517947846364
0.2358747887701138,-2.6229,-2.808312305571718
0.8619280648713911,-3.1354,-2.15966756283995
0.45319380378363716,-0.3436,0.1020304813450148
0.18240495806152646,-2.6126,-2.421726434074738
0.092323468551667,0.31517,0.2235883067660842
0.39491343484551145,0.63136,0.1891613614853458
0.23840925169671334,-1.5743,-1.760029818803443
0.3020410468113499,-1.5336,-1.250771056728055
0.20299230330901039,-4.1957,-4.171023180722873
0.2784247754981822,-3.3159,-3.139889834537287
0.15313084443688757,-1.9272,-1.715120453426899
0.254584804253923,-3.6987,-3.606402472826351
0.5644633723308562,-6.0915,-6.344617908306273
0.23333630791103713,-2.042,-1.798854063633286
0.9920373051312589,-0.0041743,-1.316012393611223
0.12786265807699482,-0.59066,-0.5562095398119427
0.18815364135790533,-2.63,-2.428722745356901
0.22502925915452843,0.63997,0.8776612958235251
0.04025348064032731,0.31317,0.3164438633828296
0.9247034682940207,-1.9263,-0.9231131669512312
0.21131056807286464,-4.1407,-4.025781107695011
0.23080993996014493,-3.7049,-3.853633130616636
0.15945350054924678,0.65085,0.5401995873676613
0.21610225256280244,-2.5228,-2.732167260801408
0.5362760198577885,-4.3049,-4.543537483195283
0.5227781091977752,-4.8388,-4.600764493918438
0.5360537741954078,-1.9698,-2.514527440122262
0.6188281964085468,-3.1241,-2.388572275374087
2.6816680390425516,-6.2821,-2.192641911135342
0.2693556599395117,-2.3564,-2.42572601596018
0.761586106931869,-1.96,-2.912433574638161
0.30479537728054806,-1.6744,-1.402711468557697
0.2934858527967406,-2.69,-2.471835121680883
0.14861086623723746,-2.25,-2.340368720855493
0.3041818012247532,-3.53,-3.21464515935327
0.2393272289444576,-1.47,-1.644051645771121
0.3449187034568036,-1.8324,-1.447900160246621
1.868943160650022,-7.21,-4.665571610282051
0.942788073721166,-5.6458,-4.754484169357741
0.714112024751829,-5.4542,-4.647441961742196
0.17505822121547776,-1.175,-1.033461514849459
0.35058714968300897,-2.9832,-2.773176864034173
0.3695166958099862,-2.1569,-2.42737532944682
0.6726085515469203,-3.81,-4.474941274848257
0.2993197939973497,-3.7442,-3.491463745353657
0.07207661198335907,-1.7696,-1.774234346519406
0.20633402351694463,-3.32,-3.282219348700111
0.6917253635413956,-3.8087,-3.097196168884479
0.20393505214940688,-3.75,-3.937597726782816
0.6684277851286963,-4.52,-3.678789245997058
0.11594057966262769,-1.435,-1.38266039623437
0.2262740041736468,-0.0651,-0.1461778681429723
0.6675465228087184,-5.9842,-5.425262530727905
0.5082486114765452,-3.1882,-3.800444497109759
0.2999448772015564,-7.3753,-7.54774408725855
0.13620549474905658,-2.2514,-2.151660755569829
0.3406836171065189,-3.5709,-3.158573747068127
0.4526465526716976,-3.28,-3.901075840248262
0.24033660410732652,-0.0006,0.1629805005404924
0.42506529757808825,-1.6116,-1.940474437522704
0.19503983921073098,-3.613,-3.619787793907048
0.5253545251623762,-1.7125,-1.077919747965792
1.163885732337326,-4.3957,-2.992438031068402
0.3146164249082539,-1.2732,-1.569468050008872
0.37842497423935506,-3.2671,-3.426291035081878
0.49853147429955313,-1.9122,-2.438275567492233
2.653790881534407,-1.27,-4.424082668278438
0.10905125473938661,-4.1733,-4.186754893203846
1.5594134236298216,-8.0196,-6.102123511271336
0.5824989983758627,-6.4712,-5.887525388258309
0.6836464045523486,-1.5347,-0.6723311142914932
0.325584663070947,-5.204,-5.014581809438548
0.14296860358727623,-1.53,-1.456390431436313
0.6074803614120884,-3.2706,-2.512422035203289
0.27134743596020355,-1.0,-1.173371863268708
0.34660735281968597,-5.93,-5.743958570329715
0.22805550353150725,-2.5842,-2.668382810347682
0.41399928191756485,-3.3567,-3.623217083356576
1.1981452181327454,-1.335,0.1808474540176961
0.5997760361281523,-5.1302,-5.496730756127502
0.4554835332574103,-2.6069,-2.012992700181876
0.06699331826415743,-2.69,-2.712682347430563
0.797985644865999,-1.5186,-0.5743758756207691
0.19671059277435618,-5.71,-5.493530250965326
2.3112317839333003,-0.32638,-3.968058995407617
1.18790572661113,-3.4862,-2.298774666489623
0.1608060634935196,-2.6318,-2.675161681588862
3.438108787130048,-1.9564,-6.872849796991978
0.36380886021028863,-3.6052,-3.332278451074993
1.074868142256001,-5.8236,-4.463857114998786
0.23590896459018162,-3.6267,-3.387978538320076
0.47979107817121436,-1.8891,-2.474924975237887
0.21560449299073384,-3.5064,-3.330413007431822
0.1917379388627063,-0.19,-0.4054399533515008
0.21489034460270143,-2.4897,-2.335522431001978
0.13324685696173602,-5.082,-4.913565240666785
0.43637890037076943,-1.582,-1.511872174019578
0.595189923065677,-3.6,-2.92663938568177
0.026641034923129813,-5.53,-5.523393309017646
0.12574473908831615,-6.184,-6.051875271818812
0.1725690960305526,-3.09,-2.947631801457971
0.5439167350686022,-3.4073,-2.959512304166664
0.2559812682969488,-2.4809,-2.246720671749879
0.43033500068887803,-7.9807,-7.818080797940904
0.1352738213355817,-1.7355,-1.639438587339939
0.7760524815957359,-2.667,-3.35663689384738
0.5099062278152701,-3.6976,-4.100323725360769
0.6255469265198982,-2.537,-3.325958576795457
0.6055788129453888,-1.8233,-1.1151047365577
0.7712554673281012,0.31341,-0.2244840044832504
0.39084620000204273,-3.1887,-2.787054490278819
0.8119440617319519,-4.0443,-3.084560982723483
0.1787268226739338,-2.0643,-2.246934084032555
0.15184988261889498,-2.5763,-2.672585648642762
0.13767270327854944,-1.1428,-1.263263962626084
0.4893502965264526,0.2721,-0.2240580831259315
0.03436453420607483,-0.8013,-0.8602716768349903
0.05920591691435868,-1.4,-1.429155486819298
0.2770335151931378,-0.34426,-0.8002556206299319
0.16187102380952342,-2.13,-2.295534731845953
0.41578588806487843,-1.0387,-0.5733644917947134
1.00168689058493,-5.4398,-6.385665214888942
0.8221190487841735,-2.1835,-1.208814624992339
0.8472295218827821,-2.97,-2.077835638901502
0.7633099736369781,-0.90109,-1.617803935610151
0.4168883534824655,-5.6503,-5.165507936768789
1.3425014526028314,-3.3794,-4.966065640019139
0.22175196232959302,-1.6169,-1.766600742989091
0.3300041593125402,-3.9329,-3.654223860052547
2.574730427224742,-4.5961,-8.063472689067854
2.385590204827516,-4.5021,-1.377943845633467
0.19202233148696324,-3.6799,-3.709700862264299
0.27001778124508446,-1.61,-1.864667038899851
1.9998516471105072,-9.94,-7.354029060940139
0.9350009800402199,-2.68,-3.786407047427774
0.35578892155341907,-2.1519,-2.386264120980183
1.1621910456937414,-0.91,-2.598873123998395
0.2548420254111557,-3.4388,-3.153512495219498
0.7116450392554929,-7.1854,-7.794999312108066
0.248062976760904,-3.3422,-3.067673454236267
0.17081881922553632,-3.5757,-3.494198925289111
0.46482454183998156,-2.4134,-1.817354219367721
0.7503107409935313,-2.11,-1.224815484832614
0.25918023096165826,-3.068,-3.218815866202976
0.39874423818711763,-3.99,-3.779804080094135
0.5586648987435232,-4.2019,-4.493904534575321
0.5698217321118648,-2.5132,-3.020244258417707
0.14888866539950046,-1.7942,-1.762771820959072
0.26290457142683266,-1.1745,-1.26050114588924
0.30139505336343575,-1.7998,-1.817570911509579
0.12737816881641562,-2.2839,-2.379854695696515
0.07997303481125172,-1.4242,-1.459462666332105
0.24283479525113474,-1.56,-1.483041975515026
0.12412264278384055,-4.8087,-4.809404854558983
4.274307203617111,-6.8305,-1.283159520416647
0.3739206226827996,-3.4,-3.03279200707186
0.44188192093250406,-3.6624,-3.34427896778279
2.4472197371746653,-6.6823,-3.270481506989475
0.9212817469133117,-4.8108,-5.937978530133435
0.05552634204883843,-2.6535,-2.681140827835375
0.09125464285818224,-3.6335,-3.664521883891043
0.12109887025350762,-0.8,-0.91758002816705
0.13015584067447294,-6.271,-6.146815622490324
0.08523473442396164,-6.103,-6.000867541424261
0.12058649118162584,-6.308,-6.213606038603562
0.034421893770494684,-0.88195,-0.9437467526535251
0.10443862280830944,-3.6964,-3.598041875611692
1.0832537365602826,-1.5917,-1.58549029956843
3.0045454187235925,-5.348,-2.433340444838778
0.47175614250420134,-4.1169,-4.542665925206025
0.5098854356655295,-3.1196,-2.597174150008099
1.0990913524464812,0.41047,-0.7991955808766048
0.821079856477989,-5.7315,-4.922818477132053
1.4656089972049327,-5.454,-3.27965002670632
0.8005038459005985,-1.2378,-1.774702455429969
0.5994645712698982,-4.1467,-3.532479487168439
0.09688465576588026,-2.6735,-2.653230869149546
1.156962297919446,-8.1853,-7.147556816308853
1.1289816641472545,-8.2165,-7.25212008182392
0.45475835165214706,-6.7002,-7.284566397275196
0.8514819387101034,-5.8164,-6.678818459665315
1.4049048674131746,-4.0457,-5.817124747216649
1.16059027341011,-5.3943,-6.329043407191874
2.7993204729677466,-2.5952,-6.787414446985789
1.2896955652138253,-3.3053,-4.688755293882279
1.3660071717090236,-2.9582,-4.605225885665538
0.5037488586379884,0.33296,-0.0999887757442754
1.3781957911866336,-5.8357,-7.228770242951848
0.6386690158003899,-4.16,-4.471323910031135
0.2770335151931378,-0.6823,-0.8002556206299319
0.6442783519262824,-2.16,-1.467612503116918
0.10544644081886588,-1.8122,-1.940726204892776
0.7001036207597666,-5.1564,-4.432371026021315
0.1761137663547059,-0.85848,-0.687158872378633
0.2933358043759893,-2.4269,-2.303261841063774
0.35109611384510325,-2.8756,-3.328236819035781
2.8924398367517665,-1.0196,-4.193466010043732
0.25815076036013557,-3.02,-3.162520518790437
0.605988524406986,-4.4,-3.926762138325482
0.13921648984226748,-2.609,-2.591191537514329
0.6908699246845634,-3.72,-4.404771638068912
0.23110414179016422,-2.4533,-2.575825749557422
0.4117815314033459,-2.9199,-3.240500721840555
0.07619292283243775,-1.935,-1.891535236297171
0.18838878294918945,-2.64,-2.784130544037894
0.2043398761358408,-3.63,-3.569150958020846
0.05020841018300429,-1.72,-1.751118200097788
0.6819299287869187,-1.5509,-0.7998787105013634
0.14536526559714527,-1.4344,-1.612832196179727
0.29608475925619115,-2.5281,-2.155806646477687
0.06218490849972217,-1.7528,-1.683905161061092
0.13151773787954565,-2.2735,-2.122381617925557
1.5335508333889698,-2.33,-3.589445770971465
0.3130578085324853,-3.9448,-3.813010700750864
0.11661145476203327,-1.2747,-1.220622381609704
0.28972473236263396,-2.38,-2.676368085466347
0.47798136298314703,-2.9076,-3.355712558683089
1.9261255706287488,-5.3125,-2.916614876371613
0.4300502254190633,-6.08,-5.495258682846676
0.17378975611854433,-2.9988,-3.022821082043787
1.8192250550193811,-5.4489,-3.148281687345277
0.42604996134534495,-3.6519,-3.272913709849055
0.2558933511320779,-3.68,-3.417817340775018
0.10742676223345143,-1.6646,-1.562069598834683
1.0561787751787128,-6.6194,-7.435617818675741
1.32817562215014,-7.8679,-6.315121916930451
0.21744110495734736,-2.7234,-2.903428029320247
0.6233816152815944,-3.9902,-4.739437713662211
0.5983076353012922,-6.43,-5.84141035724735
1.403720479069859,-2.82,-4.694522050788949
0.7102941355373283,-4.7159,-3.893521273781573
0.2613349480321111,-1.5475,-1.29704337558876
2.3306809105023754,-6.8236,-4.273357653104934
0.39369267010078074,-5.4884,-5.566015258508213
0.23183550622876184,-1.29,-1.406291208123544
0.06976631083261539,-2.74,-2.674530133073505
0.11409518081145772,-3.0668,-3.02976069360479
0.18427363904687993,-9.4547,-9.57697045660792
1.4558536647152203,-2.2708,-0.245192947727653
0.35674449263083163,-1.6002,-1.9616853250634
0.27088933350016825,-3.59,-3.682369631344942
0.1656398944527396,-3.28,-3.127850991945028
0.739073391117862,-6.69,-5.999492115477621
1.1186524043566397,-7.5165,-6.184801668911396
0.33751088342010144,-3.45,-3.257948106157955
0.06071661249218048,-2.7552,-2.785299608014054
0.040949168341991304,-2.2735,-2.234604430468826
0.11749922300358201,-2.7958,-2.739981348315828
0.22662151893028612,-2.918,-2.836699873137279
1.692890278662687,-3.0888,-5.26992108685975
0.5918241277352813,-5.5309,-5.226467561310448
0.677395271002307,-6.5284,-6.151979221796116
2.0595121368228164,-6.7859,-4.561940314628
2.0752941064350185,-2.4949,-5.423764790881441
0.9786962568499601,-1.4409,-0.8982564405829729
0.8503442689772926,-12.0563,-11.14232121456398
4.446277945174658,-5.1911,-8.88792111825443
1.7539658608788862,-6.0108,-3.983673317753563
0.24006270596705367,-3.325,-3.561833436766693
1.7624336619653869,0.21271,-1.937637288125875
0.2836395912830402,-5.06,-4.798287495447106
0.11965448591045734,-3.2987,-3.348928779513394
0.3919187481766185,-3.52,-3.246548913986308
0.1747343097722526,-2.7361,-2.773558221749427
0.14494807847729804,-3.31,-3.382821866228696
0.493831912101673,-4.6324,-4.16176447269452
0.7351559640768413,-7.128,-6.841453827739347
1.4868750686671035,-2.9677,-4.275978448608893
0.2910521999269939,-4.46,-4.260584766108063
0.324336806577377,-4.6745,-4.721599629153686
0.9281117478540277,-3.8426,-4.89771740975828
1.3370771192178652,-7.926,-9.082911621809265
0.6428327731700435,-4.8,-4.547225652494687
2.714229217137921,-9.7071,-6.585941815651951
1.431025813267662,-7.0164,-5.438120136851746
1.8532390585269938,-3.6091,-1.575113206037685
1.0407450217272312,-3.1368,-2.269911214693626
1.283787548014148,-2.618,-1.525490154480882
0.712432622844116,-5.3845,-6.178299318318768
1.2369919437567174,-6.3784,-5.094763422284187
0.6416946704692684,-4.6602,-4.202996309733725
1.5461367993550992,-4.8292,-3.189234172974837
1.6040744870012786,-4.502,-2.86293478481938
2.723794486813993,-7.9037,-4.478635410497652
2.3447315773467325,0.081475,-3.110328560310522
0.8215869854600091,-1.0807,-1.946841686993815
0.8944192324388058,-2.6585,-3.248502793165734
0.7837176666645138,-5.5498,-6.256612969020328
1.7509294904549113,-7.9036,-6.046422299297713
0.9053630242412604,-5.0417,-5.847540118717482
1.3372926284622424,-4.31,-5.854507770071038
0.7860044660198059,-5.5931,-4.779600954392671
1.1666781332101777,-4.7268,-5.697843308531064
2.176312493254877,-0.56165,-3.218475286560798
0.732032350805579,-3.5661,-3.660674564679853
1.4738344435800597,-4.69,-6.403495995507269
0.34340161051925805,-7.6275,-7.508578124721991
2.695265402444635,-5.2734,-7.784219174155551
1.0154141025283194,-7.2849,-6.530161424050181
0.6241015818038597,-6.7827,-6.860758084389769
0.5964177949990563,-6.832,-6.331879056188179
0.895843187607238,-7.7242,-8.459798724074817
0.9991319891666661,-5.8229,-6.294474756743785
1.2195727515411314,-7.0304,-5.765202247953489
1.4414440906746282,-7.7207,-5.922680620355383
0.781304206885661,-6.4963,-5.968953252628333
0.827961221629903,-6.8521,-6.012827430440109
1.2994420654955863,-6.511,-5.047046668865562
1.0592143846234958,-5.9884,-4.957278451520825
2.2834373137438617,-4.8473,-7.495505587022544
5.698943392109015,-15.2051,-7.033966819141924
2.216957892445027,-4.8339,-2.546221871348985
0.8798149908178421,-5.465,-4.691224832880788
0.8940844160557708,-4.9453,-4.036268433478183
0.813295801474101,-5.9458,-5.179633379365037
0.7699957192297936,-7.0076,-6.614229576143289
0.6924686069204239,-4.1617,-3.499061100582872
1.3562978432929813,-3.0211,-4.437673668273591
1.2284980555394505,-7.8,-6.745416049979262
1.135167460383019,-6.555,-7.424810014697623
1.2821828944191498,-5.0255,-3.713000372166323
2.5566866211638857,-4.9359,-1.443723278491043
2.2114703421577495,-3.7845,-1.551719281551131
0.35545337871869853,-3.1087,-3.272678320535448
0.8115479448639239,-5.83,-5.17157212293675
0.12001594850687085,-2.8585,-2.879531547216596
0.2646272658181378,-3.63,-3.39288578389759
0.5290357868921477,-3.06,-3.520620565976475
0.4326000973964676,-4.9858,-4.593449093781367
1.1551866864489075,-5.7367,-4.582652112489912
0.519875490348793,-4.89,-4.726747909861603
0.7579762336957195,-2.71,-3.415598351252268
0.2939461428558242,-6.193,-6.058507259793871
0.3323578790848652,-2.96,-2.754228085557235
0.1632339067251505,-3.01,-2.880414580175224
2.3817761218658022,-4.7809,-8.060301209883022
0.4217586642880709,-0.1362,-0.4419476433869816
0.21088229148241205,-3.99,-3.826084655185998
3.3715071908771246,-5.4654,-0.3494020601844143
0.4998958071211543,-2.2827,-1.832375115905105
0.4522328213376447,-3.0081,-2.647396791443836
0.6921813687614672,-4.18,-3.426171684023405
0.2785399711165271,-2.35,-2.563107265442975
0.15404540205499576,-1.8155,-1.966888917354256
0.15345742647788124,-2.5138,-2.398454446180915
0.2722174770128556,-3.0929,-3.290691341655273
0.7248553769578073,-5.6768,-6.071453100794285
0.2743929003265503,-6.71,-6.618618054221912
0.12106007865388894,-8.9338,-8.867402168506576
0.6148072671720525,-1.9208,-2.540637672733366
0.2707985938841337,-2.125,-1.997915176963844
0.2814742460962916,-0.18732,-0.1476641383012599
1.4759576238640884,-3.9145,-2.669633036515463
0.8744936471045378,-7.3271,-8.116933510112723
0.03980171286317238,-4.1157,-4.072094530434237
0.7104098721773084,-3.2,-2.371532351105016
0.8556179489262848,-7.4775,-6.512450951904029
0.12779493434333333,-1.2933,-1.379770294139113
0.3698290887490044,-4.23,-4.635318812780344
0.22117559859343877,-5.5992,-5.746365958746559
0.6176692376390573,-5.9094,-5.286869479332138
0.379234400862934,-5.6762,-6.081627414314976
0.034605055529611385,-4.6341,-4.6570576272271
0.01682749748343972,-4.1157,-4.128264999157554
0.6023097295676673,-1.1015,-1.838356898875997
0.87682964452813,-7.3952,-6.608696056108624
0.5298439476860914,-6.4827,-6.455022973102191
0.24734040210689293,-2.6538,-2.497896731605738
0.5458356185770699,-2.24,-2.866208107948501
0.42993157834290846,-3.0,-2.572806724861239
0.1908349217475886,-2.46,-2.342912965990136
0.6368872597260098,-1.0639,-1.988451278771199
0.5805904771014523,-8.9338,-8.433755663117987
1.3064829378424998,-3.47,-5.057035063859352
0.24633635243315788,-3.6963,-3.59007900066333
0.24052268346094915,-5.3965,-5.251034719893651
0.28245922990543815,-5.4816,-5.208586267612759
0.21538526512586598,-5.2938,-5.411712742080502
0.4961725410103568,-2.2,-2.388568014317241
0.2558799031942322,-1.2411,-1.296547214142262
0.7115045579002873,-6.97,-6.348865460037636
0.9640722005696337,-0.8188,-1.967550341454583
0.20457321975039555,-3.3049,-3.492341832381034
0.21543571269231732,-4.1,-4.304779654012297
0.41512842716600373,-2.3776,-2.002484134789933
0.1926420332751786,-3.6245,-3.472723694316226
0.2674609966499609,-2.1956,-2.12373734491482
0.20657463872876358,-1.5036,-1.668520116814686
0.22627914586673878,-8.4144,-8.322545263967331
0.447089507948963,-6.0159,-5.374895427440427
0.5416574200797392,-4.36,-4.362354119104795
0.6938504874945421,-6.1455,-5.392949476672117
0.4042326649425006,-1.083,-0.7794896801681483
0.16340699938176612,-3.7687,-3.814254210262993
0.2950491189328232,-3.1711,-3.422639886241759
0.6710088161285352,1.1359,0.4554786130289238
0.2539644933098201,-3.3954,-3.117759239674895
0.7167879683041621,-4.8206,-4.591935380658114
0.4585656508291083,-5.6759,-5.620851967927971
0.31095451893946374,-3.3939,-3.60542903338719
0.21115594253854744,-4.193,-4.212747945923989
0.3229477357262421,-1.6974,-1.501909813696529
4.828978294945946,-11.8532,-4.749612257179503
0.4386724109179785,-1.6367,-1.211704945177468
0.6031601428641798,-1.4372,-2.261824956607523
0.39979082913946307,-1.1632,-1.543770022852291
0.49988255367474216,-7.2677,-7.573022383729731
0.16132241209401899,-2.3633,-2.475652579665594
0.2349834201436253,-4.7657,-4.608276628653781
0.32641284694578615,-4.7543,-5.141998430780069
0.32641284694578615,-4.7543,-5.141998430780069
0.4809985975750854,-2.6756,-3.26187155614003
0.42204150998399503,-1.8069,-1.480223577148207
0.44953297876583387,-2.9716,-3.666392883836981
0.4313414286654957,-4.5197,-4.200334401320257
0.3018909331734641,-1.472,-1.754088909754382
0.3743072760439107,0.9311,0.5006092501091945
0.539341365025008,-0.77303,-0.4323695078303185
0.3713481051744485,0.52404,0.116441860255064
0.16189867068722624,-2.0268,-1.954629867105921
0.3792207490791132,-5.5836,-5.313388794209807
0.21381520673698542,-3.67,-3.892384147703676
0.09544506867649886,-3.51,-3.476767638213935
0.08671790895144119,-3.9033,-3.931857016060794
0.2704502940012944,-4.8685,-4.839145898687708
0.42928345770214377,-1.8983,-1.415888638385227
0.1837669868891183,-2.4981,-2.370571725178954
0.22903032809869134,-2.361,-2.216822298099918
0.5942747676230884,-3.78,-4.552923795133674
0.14893564162600592,-1.93,-1.901820015843904
0.2814227727595818,-0.66,-0.9402197268447142
0.0924969424391057,-3.4647,-3.419570862483648
0.7322302306219179,-5.1054,-4.250148143916061
0.19804312913493038,-4.2183,-4.228106618605695
0.22363026294851346,-3.9276,-3.962261156937662
0.5664954020116026,-4.5396,-4.019364921403621
0.1715371996174962,-3.864,-3.718309311348566
0.08045405310053608,-3.6622,-3.725808371640113
0.3605663721447727,-3.82,-3.42513366752467
0.04286611340447153,-3.9402,-3.912528397869073
0.18361775307000588,-3.0853,-3.291178090956831
0.26371715831263776,-2.3622,-2.652604259540993
0.4579911935502161,-3.7802,-3.351762421065501
0.2989419367165509,-5.9274,-5.984793894835965
1.2658529059604853,-6.7938,-5.424038919735354
0.2227153671622216,-5.1463,-5.094117563877612
0.2596809936481096,-5.6674,-5.877718551305787
0.24584502810917105,-6.0768,-5.884353837107547
0.3930900345436851,-5.1192,-4.822603250040592
0.3557909446433956,-0.63963,-0.9544779522813376
0.16215996356359003,-1.2909,-1.220811399808099
0.3611170970541972,-0.42,0.0013097865808872
0.4727850853811612,-0.8685,-1.264167898541211
0.32913039829545376,-2.0263,-1.809946322362376
0.6799461994928261,-5.0143,-4.169777956866254
0.3137627315584491,-5.9659,-6.220329636704583
0.27706626364590403,-5.9426,-6.229249720950014
0.13937602251892606,-3.6471,-3.571357052581486
0.016501123985236482,-4.1157,-4.126072160870664
0.08566876184625663,-3.0784,-3.174566859295663
0.1669294081546808,-2.247,-2.114408879947273
0.49900348247064996,-0.019362,-0.4013703897491641
0.823915381238486,-1.43,-2.186986060527217
0.9003322113428385,-2.2694,-3.393229180826758
0.9877552881797631,-2.2694,-3.264601832714654
0.43597626493721536,-2.65,-3.101307595750946
0.33886342680989484,-4.85,-5.088701372535353
0.1770338170553915,-2.7032,-2.842121879156455
0.23139758563125074,-1.1813,-1.003797589477988
0.27020933995505486,-5.9969,-6.111674678891019
1.7679377729743697,-2.9663,-5.387043010867515
0.266827941832196,-3.1516,-3.39573273584084
0.5358805070074603,-6.0591,-5.691412569734424
0.1693548372227084,-2.4269,-2.363641924356696
0.18409134297101967,-2.183,-2.370683010852923
0.3055082917478284,-2.1336,-1.928153425940186
0.41387025490571994,-3.57,-3.365535944765378
0.8488943132518243,-2.24,-3.375773302374892
0.05643004037611078,-4.4587,-4.426114685999985
0.13862007729606107,-4.4587,-4.40599693970849
0.13247377635534932,-4.6891,-4.55113738993138
0.581972484354944,-2.3751,-1.729074162045954
0.32425280782153787,-3.4644,-3.182700460854297
0.4284003267206242,-3.89,-3.397263531033138
0.1710478835710538,-1.2839,-1.377895841528159
0.06219473474704709,-3.175,-3.232948080484531
0.06600796878555996,-3.1123,-3.164210943832743
0.09762722610380915,-5.9334,-5.987901481005638
0.2118790545351685,-0.46,-0.599615564450921
0.19425673823101083,0.92056,0.7603214425711923
0.6546926115403636,-5.82,-5.228517427568653
0.7185667863860224,-0.37176,-0.9950591094650442
0.10734239293187287,-3.51,-3.496598675088401
0.08632754026728671,-3.6865,-3.640640222867792
0.27335215650322725,-2.6589,-2.340237605712057
0.20190488962710418,-1.2403,-1.091412064116569
2.0589204317671213,-4.0172,-1.121975619508408
0.5212990664860936,-2.15,-2.628386062808883
0.3819282955888117,-2.57,-3.025644680218789
0.0691148169858459,-0.72,-0.7285222078275251
0.17009945961436276,-5.22,-5.078567413695295
0.2336849882787547,-2.7969,-3.045651964564775
0.23189906989546052,-0.3431,-0.5102368346276638
0.49581042275829923,-3.795,-4.386697725788707
0.6638209389444241,0.4063,-0.5816737995716812
0.1330375234154702,-0.9802,-1.046270370720454
0.47810884476346993,-3.3865,-3.822906408927931
0.20861293421581426,-1.5412,-1.374130017852595
0.3844658127557083,-5.02,-4.57345730172541
0.36276027987425574,-2.58,-2.969437873527213
0.3955787131011875,-3.1514,-2.843391908353929
0.2915294303454548,-0.92865,-0.7172886328286914
0.5010329940334123,-3.5256,-4.083696746806851
0.33811381113558964,-0.86156,-1.195787923370667
0.3538280524916587,-6.7554,-6.438997168446939
0.7988206585599203,1.0596,0.104159837064533
0.12283707517640646,-4.6297,-4.652796053325487
0.14383493423636395,-5.5851,-5.67375527076804
0.3328402046918015,-4.2302,-4.42139333856725
0.9456402801976677,-1.28,-0.154863229959799
1.0387951277586933,0.52,-0.5875140946565226
0.4770283840714641,-4.5049,-4.899129408622064
0.3672808456404568,-3.5713,-3.861462823588708
1.0387951277586933,0.523,-0.5875140946565226
0.35399439242906683,-3.0681,-3.337687663085191
0.24295918882856182,-3.806,-3.72307429601145
0.5499723234147603,-3.8513,-3.425561139190057
0.22955660332292016,-0.243,-0.3810372348452417
0.41470862330933533,-2.31,-2.714206582826458
0.3499686685918744,-4.46,-4.589185083293249
1.1110928513725518,-1.43,-2.967850135551887
0.275734014620916,-1.04,-1.106025015029798
0.12954329362468803,-0.2918,-0.383000741313149
0.4784320438778642,-2.9168,-3.345732603130942
0.41259276362534664,-3.098,-2.720952576651364
0.3700938485696137,-2.9168,-3.270855483441114
3.1306304970790215,-0.69848,-4.592367751717022
1.3739803361272473,-1.0005,-2.384746026313228
0.6775398191132211,-7.1159,-6.763191092361732
3.4164092394616494,-1.9621,-6.155567488125998
2.374820002829427,-7.8311,-4.809144043937713
0.28551598364806435,-4.24,-4.272301589811439
0.6568340374400344,-0.81225,-1.395233899228677
0.3546150332617104,-5.3608,-5.607435259971619
0.3424184597590936,-5.1464,-5.039165705457998
0.18067628398403224,-2.7109,-2.721643534933309
0.1476265083284046,-2.35,-2.365188330077185
0.08672238087329782,-3.68,-3.679776201100261
1.3538213981059986,-4.2743,-5.969896764740435
0.30075026948355527,-6.4086,-6.091685981869126
1.6371140042745689,-1.68,-4.178757180355747
0.17609193560354125,-6.1063,-6.220086449552783
0.4088529667621223,-6.1063,-6.488707825131547
1.044974663753949,-1.502,-2.815734877730558
3.1369377051617016,-3.495,-7.409920357632924
0.25556253037007415,-4.5822,-4.403534620884532
0.4161094258893297,-0.69146,-1.113245296550575
0.5468519526986073,-6.3003,-5.706474966312447
0.26884428186744125,0.38905,0.1971812366702714
0.37435357088273785,-2.8387,-2.986561818010549
0.615346572835407,-3.3748,-2.828720774342256
0.3823301586456482,-2.0689,-2.369502338691645
0.6994687320648569,-4.8896,-4.021724122704899
0.5194966663690471,-4.6892,-5.01374050634509
1.7728607307473339,-6.3724,-4.158080120551668
1.1959952148078465,-4.1966,-3.544722862179621
0.39663336082625916,-4.5282,-4.067271327804438
0.3049745553271633,-4.6954,-4.454030040203402
0.25063423412967945,-1.6288,-1.759813502036647
0.5117959777712973,-5.3405,-5.8181156383518
0.5926732705615041,-0.43331,-1.188062512260196
0.36163443906223164,-3.615,-3.252974902796557
0.23880332920258812,-4.6556,-4.502312518543059
0.2889281131919744,-6.4355,-6.158647635985435
0.1588704422109495,-4.3603,-4.380537375614236
0.5978322260720528,-7.1122,-6.690716866128252
0.4811808597150546,-4.4333,-3.936134185173066
0.14733369063777738,-1.8668,-1.921884769807302
0.5991268996334032,-4.4306,-4.64094348584341
0.9004743122873493,-3.1154,-4.396119922747681
0.39810799507992123,-6.3534,-6.527673245579522
0.14395232200398794,0.0161,-0.000588359631412
0.2094350334472939,-2.5971,-2.607965043351749
0.4934348718916011,-2.63,-2.089748521834375
0.4606166514163395,-2.4668,-2.665045066350855
0.33442443837400604,-4.6704,-4.389065797546039
1.7888269237904277,-0.90762,-4.854087674235764
0.13800519570894504,-3.0051,-2.938275387924651
1.3761233716006183,-6.293,-4.613236530485723
0.5878659402981218,-4.9116,-4.350697406359593
0.449908855409227,-3.0322,-3.345129736848061
0.8371761792299444,-7.0905,-6.264577823947592
0.3092076507434591,0.70363,0.434035574414076
0.1633630155152149,-2.7492,-2.636933932144782
0.29363308567723506,-3.02,-2.719542916771452
0.4710378617973976,-5.8286,-5.896008176013784
0.37777869026286387,-0.92103,-0.763142887149384
0.19660993202846647,-2.3993,-2.31670208024457
0.301183540538949,-2.3993,-2.60775863186068
0.3552362234537248,-0.71897,-1.035690381976426
0.12026340988779666,-2.0517,-1.972962990838445
0.23166316819209726,-2.32,-2.368321116219593
0.26498048142657943,-2.1459,-2.281283259335131
0.5191246352816976,-2.1022,-2.371081141415706
1.6902716450709123,0.30138,-1.77352458143565
0.3425177339127089,-3.3344,-3.134504259539725
0.6220768337917366,-5.36,-4.668877620778947
0.551843500240066,-4.63,-4.118665771085846
0.5549803021378662,-2.7,-2.082241115173173
0.19249791963806184,-3.02,-3.143796346136814
0.2970837472106653,-2.49,-2.77947533801243
0.5221722260059707,-2.46,-2.859217523575148
0.5456193790825842,-2.23,-2.889245115025119
0.17968906641459326,-3.4146,-3.243025870930589
0.07442482348710154,-3.3658,-3.435114750298121
0.08868386249482278,-3.5983,-3.506650786645176
0.39902881167983145,0.47628,0.141944132399626
1.0005242809995236,-3.0309,-4.064408967683478
0.9592405159653299,-5.35,-4.816393670734211
0.8454001137372777,-3.2976,-2.394738085713294
0.46375640171119686,0.9386,0.4603242567957615
1.638242435979599,-4.3932,-6.008190315798728
0.2814948162236342,-1.5278,-1.355758511508782
0.9765807136622559,-3.14,-3.812720129920153
0.48122237293608455,-4.26,-3.873741598972835
0.36795444726421556,-2.2373,-1.863986501942987
0.18143531318623807,-1.0077,-0.9053425233150464
0.4453270549924433,0.6522,0.10479612404273
0.10307775914576783,-2.0319,-1.944659736377459
2.0085275715128814,-7.6383,-4.885297568721814
0.3321457912272105,-3.15,-3.264884171103197
0.5383420646563245,-3.24,-3.660849143170229
0.9085001978782656,-2.575,-3.68079575405911
0.4009449389338355,-1.0006,-0.7047997061473059
0.4932402495780374,0.66216,0.3330572593769349
0.5112175554110876,0.0086419,-0.175570019441097
0.2861791301789223,-0.015465,0.2080144083560873
0.83808001769243,-4.8004,-3.977575887953838
0.38502823553144466,-5.75,-5.839979039751292
1.4325305397828578,-6.4417,-4.626173453658041
0.6493278621887739,-5.6765,-5.240171137085465
0.3592715283083563,-2.8907,-2.524340531086319
0.10046728158864708,-3.0099,-2.96897553602968
0.44584439468103776,-2.4702,-2.801926652142185
1.1819701415030006,-3.0161,-1.214484607442495
0.15241769594540142,-2.9248,-2.895760265494374
0.2866728844506283,-5.9694,-5.686490989690591
2.0197136689192448,-3.0799,-0.2941988936158293
0.47725528005898027,-2.7477,-2.284825857243932
1.0790545554838118,0.5117,-0.9250735685859128
0.20930469286694856,-1.2555,-1.053763408029331
0.445091380182496,-2.3364,-1.738486974685269
0.2658358192774848,-5.674,-5.767311430112084
0.27304253126719097,-0.98595,-0.7960259907015153
0.934675718455151,-4.2727,-5.289726757044646
0.24149442832992185,0.64567,0.5009321349742908
0.7123956800265296,-5.2203,-4.450787807568424
0.46192369044410164,-1.6368,-2.071834118916562
0.4981667692528405,-4.0331,-4.625671255833506
0.5354376153598099,-2.2279,-1.742945715733685
0.5210484412079428,-3.2553,-2.7376258677048
2.106939535251155,-8.0944,-5.149079701998878
0.404147781465531,-2.7638,-2.184989793764534
0.5836713251523367,-4.0612,-4.583097465431614
0.5101218930738795,-6.3514,-6.048252288341732
0.2922104136761751,-3.3746,-3.595218159697085
0.3766452786430083,-0.99781,-1.441090155727085
1.449657103121026,-3.6877,-1.954865654599661
0.4721545666013316,-1.8557,-1.501521290901441
0.16264171151042692,-2.019,-2.019677373111006
0.5417783739734228,-1.2184,-1.819448078791929
1.3517367307299317,-4.6651,-2.901143251266894
0.29253408958324945,-1.74,-1.936469895475851
1.2037838022958522,-8.8823,-7.3706487846491
0.2709967927203716,-1.7146,-1.883570105064627
1.4722706869056639,-5.85,-3.491574777198461
0.20594141301246577,-0.54006,-0.5486096750428362
0.5272338164526927,-5.0665,-5.21660172883855
0.47044531668641115,-0.7472,-1.14677179641013
0.623481344069239,-0.14482,-0.7195954439856607
0.7450494927053977,-5.5108,-4.686513555008631
0.3497326472239423,-2.99,-3.371466158188136
0.32966126452814953,0.42204,0.1848310017877587
0.5044443378931913,-2.4408,-2.23658458607313
0.5161495351099376,-3.427,-3.844653017959519
0.6404817608347487,-2.4464,-2.852124670726523
0.263075915628672,-2.5239,-2.247608545685694
0.23810664405981377,-0.2435,-0.4459647350142371
0.14336819810083884,-0.4189,-0.3577710744381607
0.7644289740717639,-3.9692,-4.808650549255709
2.248193091130917,0.8674,-2.577616656225177
0.18238365041765928,-1.0651,-1.003608061009299
0.27661616065567457,-5.55,-5.528290834445544
0.7923226751139381,-0.45,-1.347919517191971
0.7822510654772475,-1.6593,-2.709082245354614
0.5279905493724736,-2.92,-3.522818383892096
0.10807113828946364,-4.1181,-4.097595529355193
0.3014037422501994,-4.1899,-4.021039898627222
0.5584438689765322,-3.8426,-3.335184840838544
0.9863331361967067,-6.1703,-5.195415067205616
1.1466885207712603,-6.1703,-4.84118133052143
0.20667281584494712,-2.2911,-2.206433149850184
0.27230556496482045,-0.34445,-0.2198019122263774
0.43725762714344635,-3.478,-3.306222839832245
0.5208750747374618,-5.7267,-5.973891150285359
0.2608805875999394,-2.67,-2.468003577318753
0.2807733405661692,-4.3211,-4.458214303062702
0.35534479149838255,-1.46,-1.805339059825293
0.2310732722307673,-1.4489,-1.293642869218407
0.8177763913848427,-5.5171,-6.245165889338952
0.17347140902897,-0.43,-0.4806163973923657
0.23720261573767815,-2.6323,-2.470959641381739
0.34505206031956476,-0.31486,-0.5087100032125681
0.22540342727909365,-3.7756,-3.862301448296003
0.20558884361619215,-4.6,-4.767159263724698
1.2352601908907068,0.6211,-0.971740063630224
0.46181638714941825,-0.78407,-1.21691660004704
0.1435552118127039,-1.7642,-1.689866635405084
0.4155195559075879,-3.8638,-3.506801087413374
0.09579885326359489,-2.8211,-2.782209956830311
0.4631641352498037,-3.211,-2.666514432541619
0.4049287808601029,-2.4549,-2.065772587303143
0.054981602273868,-4.1484,-4.153136381709199
0.3590224476710774,-2.7354,-2.323018001826547
1.4679369622621865,-6.6649,-4.901172906912851
0.14486779061912775,-1.8181,-1.671855702179468
0.5338581709714948,-7.8306,-8.314299251150594
0.1646755080371684,-2.1631,-2.328253223046911
0.3194791241657608,-4.44,-4.619037046814798
0.6728343191598495,-1.3592,-2.127261846664115
0.38779358982873174,-4.84,-4.953083585189823
0.6086193326689664,-5.149,-4.620760574180288
1.02217633223719,-1.9878,-3.072062602181417
1.5455011825868419,-6.0994,-7.69132063434505
0.3596878307272115,-7.582,-7.416332368431402
0.4060620681886629,-0.74,-1.23444365856099
0.7305354147116607,-4.3879,-3.901132398448632
1.4089199662509895,-4.24,-2.434667674461188
0.30276999309242597,-0.6514,-0.8861455389245034
0.5178683376448275,-3.4213,-2.92923057129011
1.1019889914192966,-2.7001,-1.580512737048491
0.1813204079309563,-1.1949,-1.069535039670845
0.21500730686637673,-3.5057,-3.426134808806072
0.5990495300164247,-5.8739,-5.367269954284642
0.43557599512933687,0.82915,0.4236722722048559
0.5679584900854814,0.75396,0.0747225998456978
0.44890765479117606,-5.3353,-4.964343782723642
0.36206342206008685,-4.19,-3.974850929734632
0.5000875392052806,0.7693,0.4328582940128897
0.3924998263327565,-3.9561,-4.222624580027217
0.621117844275972,-4.0017,-4.555786464575299
0.6410873017548907,-2.9648,-3.675257064720695
0.7222151751885564,-1.7541,-2.575835022228887
0.799679256545618,-3.4624,-4.384263512103883
0.2714803753051426,-1.1765,-1.287789256201551
0.6017631141363519,-1.0635,-0.5223647038718058
0.3522881381913772,-0.6581,-0.5087502776534379
0.5589935796292089,-3.4722,-4.015406502810981
0.6925522067862789,-2.4155,-3.165688095684017
0.6534791020682228,-0.94986,-1.831403852492254
0.45633043877059015,-4.745,-4.320737661057173
0.38673254263321444,-6.0807,-5.864834012414526
0.4137004128635367,-4.4726,-4.039838925078916
0.19150394270405766,-3.5319,-3.622879967637656
0.45633043877059015,-4.86,-4.320737661057173
0.5865583745021898,-4.0312,-3.493830167208929
0.5644629550623878,-6.0957,-5.695223356372578
0.24016309165671537,-2.4421,-2.576209866524843
0.4722479282006127,-1.8609,-2.321016714782234
0.42171939370515127,-4.23,-3.839714329176754
0.7492784058757832,-5.1905,-4.235376020261471
1.1111077001729923,-7.09,-5.727287589311877
0.4224015002136089,-0.0993,-0.5694219835130008
0.1622414893311646,-0.9613,-1.148380241997065
0.1311607601478643,-1.3863,-1.323738358917642
0.1622414893311646,-1.2343,-1.148380241997065
0.2663006773417734,-3.09,-2.94505244538375
1.2150030272407686,-2.9979,-1.69885825702635
0.6923934664172338,-2.3323,-1.572303816226427
0.2067090106478637,-5.4369,-5.517611896656902
0.5503555387154059,-2.6733,-3.02761104069397
0.3992256838256283,-4.0091,-4.469234232760423
0.13614659775002916,-3.527,-3.569052451972391
1.2627839237872767,-9.0855,-7.807130942678059
1.2895079052621947,-9.0855,-7.885048187153233
0.16693878081987826,-8.4368,-8.497089837648245
0.18878379017887714,-8.4368,-8.28901423825705
0.23592712358097268,-4.8383,-5.046088738063775
0.23038038717441128,-3.0549,-3.303227003681179
0.38059201569936135,-5.8437,-5.995003675785533
0.36909842361260525,-8.4368,-8.20439103110295
0.16190653936564448,-6.4729,-6.511574003343339
0.36168610142937846,-8.638,-8.515371658097735
0.3926921058968443,-4.4873,-4.837694545708985
0.655721198886968,-4.1509,-4.453053723490225
0.2952351624081809,-3.116,-3.264229432577565
0.8189106059196583,-1.1118,-0.2725436126174665
0.2960302202342822,-3.8629,-4.186898013545115
0.366272843235173,-6.6031,-6.294317854659113
0.3707113443564122,-5.5054,-5.916656826862024
0.11612408204164978,-1.9705,-1.879498959069676
0.1978269444560872,-1.4525,-1.675785819665012
0.13897956246709164,-4.6061,-4.765217773334509
0.05419331419880394,-4.0858,-4.089308048824322
0.09950791707715918,-3.0469,-3.13422910311927
0.22659809545765,-6.3245,-6.337946996891151
0.3972222923403575,-2.3694,-1.950665729052338
0.0843552783672031,-4.8828,-4.827834362745119
0.15133870433765353,-3.3239,-3.150290929927429
0.4588030465259937,-1.698,-1.9836051831248
0.38379893493701467,-0.68534,-0.3387191158861364
0.2844187505222665,-1.8046,-1.539551698741239
0.11237082207752462,-4.6279,-4.521542794896385
0.08581580226378152,-3.0688,-3.005380946009879
0.3198982137913782,-6.2291,-5.867969639585692
0.1956559896133467,-4.6681,-4.421474976393432
0.894004182071123,-4.8806,-4.050527686446852
0.3481573022536811,-2.2404,-2.393450245756472
0.7403058045793566,-0.14451,0.7802144800216717
0.8270256202950245,-0.82224,-0.1139038407230592
0.9804887113876275,-0.762,-1.719243225215704
0.6656042995623856,0.72429,-0.0053235108394559
0.8671134423639542,0.65814,-0.2693211147084911
1.4646170128862497,-0.89915,-2.659563071127344
0.9353232006566139,-1.196,-2.097516117044719
0.1745538138695813,0.77309,0.7892783870396911
0.6406829819157914,0.80233,0.071989552699502
0.5159720876946874,0.62196,0.851651117425721
0.9469733542936132,-1.0332,-0.3566545336857672
0.15905897910813754,-2.1791,-2.129236292460326
0.477974065640337,-6.906,-6.455725930808601
0.5547089446362778,-3.5213,-2.920226720536929
0.7895814228282183,-2.1263,-2.872827204322751
0.9620251974109675,-3.5278,-2.403813628539683
0.7956407810044724,-3.3836,-4.216683254053853
1.2527622564063676,-5.9238,-4.252834023487823
0.2301283468689447,-1.3303,-1.512818935553125
1.5745582351296434,0.6008,-1.467295361884439
1.0357315437596801,-6.7255,-5.512264153267631
0.616914766240668,0.11399,-0.470965332135975
0.5362558762788494,-6.2619,-5.891575443328633
0.18084500547749807,-3.6555,-3.554125431493283
1.09617970553923,-2.6177,-1.819792195602582
0.16615761194592935,-1.2409,-1.453426054957757
0.21942518773181827,-1.6534,-1.746681362196727
0.38234167686211135,-4.1651,-4.225655770539017
0.5966055450687083,-4.915,-5.240204981602441
0.2257636812752196,-2.6643,-2.762753407538325
0.3617574946579689,-2.809,-3.223871023825805
0.16920829143135527,-1.96,-2.087667871703448
0.2447956090884296,-6.8074,-6.808587309508095
0.06497629827261893,-6.32,-6.326997948256962
0.04978298200564737,-6.8644,-6.865511878484556
0.22685140423833658,-7.2654,-7.161638212637078
0.07834644838242212,-6.2212,-6.151519667692677
0.46180707156840434,-7.6582,-7.229523575594156
0.9209807388057939,-12.3846,-11.69625709435208
0.21124305302492327,-8.7393,-8.554221635423351
0.31700295782613624,-5.43,-5.356867746448678
0.1083552860632395,-9.29,-9.349134566901434
0.22520046721776826,-7.4052,-7.530671548481882
0.6033974977932617,-7.92,-8.621049879292412
0.391599528173871,-8.1501,-8.57144955368499
0.24071503018127882,-8.1199,-8.322655953589752
0.18449856279261542,-8.5698,-8.486869510280172
0.39119353092788145,-8.71,-8.244601838313368
1.5123546113729411,-8.71,-6.33494807619271
0.16890080773721425,-7.47,-7.600301074597056
0.1550516257953619,-7.3999,-7.465393301621012
0.17109709304893944,-6.0698,-6.197387144773058
0.07327772753110864,-6.2343,-6.253603428341448
0.25624800481164195,-6.65,-6.855815810951302
0.11116948166617657,-8.5901,-8.577620859843133
0.39526843144903495,-6.96,-7.483839327510243
0.20999422661763273,-7.83,-7.612300354287168
0.186893566922434,-9.05,-9.18885108405822
0.29000021211244925,-7.88,-8.245562389376659
0.19061911747013846,-9.0,-8.862923869394692
0.22290269810418972,-6.5557,-6.464193650239766
0.6342869658318672,-4.98,-4.372737918307725
0.4381992879343094,-5.25,-5.672251559048041
0.686592061040367,-11.3507,-10.93046502460883
0.3534949308102884,-10.4497,-10.19807346156246
0.3347784323818448,-8.7529,-8.699447692516197
0.2407178340351076,-6.62,-6.893313635277636
0.5016550606257211,-7.6797,-7.055571104684504
0.27633632566519806,-6.8755,-6.691819692648682
0.30314976098673635,-6.7229,-7.025943411757554
0.6679971004694015,-8.55,-7.554711696241059
0.565237778630284,-7.96,-7.276285805377929
0.5262410036795006,-8.8965,-8.264524200516522
0.1982341408735868,-6.6813,-6.828853669165474
0.0667739072584686,-6.275,-6.235944422717159
0.05031548376252529,-6.29,-6.267764119732762
0.30041449569090534,-9.1,-9.452742723428234
0.310234198602482,-7.1895,-7.518659353657284
0.26590730503047494,-5.95,-6.085602625152906
2.390168044968888,-7.6351,-4.604552802067538
0.2697228967471891,-3.8187,-3.507516558825921
0.15832806918336245,-8.42,-8.356891974837232
0.2328319251746683,-9.09,-9.264777461426418
0.16682587810392968,-6.83,-6.95776920313674
0.27047952538976033,-7.24,-7.513091709316882
0.21010800975103372,-7.35,-7.566573192714829
0.49972885367768777,-8.25,-7.626894056857375
0.39074488445152084,-5.4401,-5.856583483490738
0.11202584648188153,-7.01,-6.987112399064547
0.1436384559715171,-7.67,-7.584202204036622
0.5177909044420413,-4.7999,-5.411789078564503
0.48205628202889095,-4.7206,-5.318290326751534
0.24186745450661967,-7.0335,-7.195771997542741
0.7721061834911939,-5.2945,-4.578484956897869
0.34255782636176435,-8.8822,-8.45573491414018
0.39281092978418597,-3.2763,-3.616829398100858
0.416603449519821,-5.8442,-5.456560085341199
0.42643890172253307,-5.9217,-5.752637744706893
0.17788947226637927,-2.34,-2.297172535833889
0.5453833294657635,-6.7798,-7.457195518968087
0.5077532490423529,-6.8245,-6.18435212552767
0.4279107299823639,-6.3,-6.82064929626105
0.22919757814015063,-7.28,-7.174358503526548
0.22653448134862203,-7.39,-7.2924106364888
0.21831444463036473,-7.38,-7.603429388493545
0.28961874233856616,-3.9705,-3.81413114400522
0.2515889298788283,-7.3999,-7.543339696194263
0.6057509749496809,-5.4817,-5.031491400271651
0.1503701485790799,-6.74,-6.864817201245898
0.1857812126953361,-0.75415,-0.6931586793511344
0.3580784417330756,-2.0576,-2.472289408101112
0.12241111538704302,-1.62,-1.619614100825302
0.9837923064902767,0.78609,-0.4766408706607314
0.43471535171257747,-0.63,-1.183450963955324
0.3809733964851965,-3.6734,-4.104178611646859
1.4556662132568252,-3.8072,-5.708804497469809
0.17801367227815004,-3.0718,-3.110869060254263
0.5005226230247224,0.37647,0.0120089593180301
0.16735067096156755,-2.3666,-2.333114296675805
0.32945948739277064,-2.8093,-2.979293135709209
0.17468984059676024,-3.29,-3.30922480969641
0.7255401856444194,-4.87,-3.982141125158233
0.2623377637346015,-0.6104,-0.7018352298692074
1.1741434798810126,-2.6004,-1.633837961160042
0.29360792343063435,-3.1285,-2.858439755949005
0.49364761878833974,-2.502,-2.075891412665448
0.3315896042814693,-2.0808,-1.813273239616959
0.9458964554682382,-0.78319,-1.743182619086036
0.419684424865317,-2.4869,-2.020187772574338
0.16104007486942312,-1.42,-1.357385352871495
0.10341864529541216,-3.1676,-3.103068683934298
0.09706523678688951,-2.88,-2.9067097290438
0.09371307303640179,-2.52,-2.494459104519126
0.4034998161850056,-1.42,-1.742441551003418
1.1545816150861987,0.88885,-0.5360301257938099
0.49645311071920295,-0.15,0.297262673300608
0.9158609775217976,-6.8054,-5.919126462603689
0.4687881313883991,-4.4758,-4.059770857044272
0.926865528883771,-5.27,-4.409178888881548
0.6654363229887776,0.487,-0.1536307166128358
0.17146847111699404,-2.7624,-2.771033212226708
0.27295195932452243,-1.372,-1.105671721182515
0.2947822116553652,-1.71,-1.637518814974094
0.4433741221696868,-1.53,-1.211612457779663
0.5026897715244449,-3.8788,-4.126848920550877
0.39992540400540816,-4.33,-4.026809382935232
0.4224061842321015,-4.89,-4.468409026824001
0.309872027391083,-3.4048,-3.368902987004323
0.8786097530698312,-0.85,-1.910688778755105
0.8671337220386249,-3.93,-2.932037630576642
0.8323678880734258,-1.3891,-0.5409176725379061
0.8479055486871928,-0.07,-1.089771635633911
0.11241715402078578,-3.7477,-3.850009608854446
0.5558413884502001,0.5974,0.5242058110584722
0.3291518449754652,-1.6,-1.939362850902478
0.6249260855792258,-5.3449,-4.681441602140815
0.5372646021016453,-3.6491,-4.069302581180162
0.5655660371578899,-5.4584,-5.389629512074285
0.3501011832304204,-4.1109,-4.289246392783824
0.49739251887832175,-0.94,-1.474159443110262
0.3291518449754652,-1.6004,-1.939362850902478
0.34395731062686186,-6.7705,-6.570797503756661
1.1947671145669931,-2.5787,-3.98733859828688
0.2959040950690211,-0.86546,-0.9279631695018732
0.5069982373458831,-6.981,-6.667964199606452
1.1166450563223378,-1.873,-0.3987264537439334
0.26517835427800895,-1.3885,-1.176461430824357
0.6614012920021731,-1.0216,-0.5141987819086309
0.9514616762202153,-2.4377,-1.206731268635442
0.4600142981744914,-4.0039,-3.448190531943906
0.5234329249576056,-2.81,-2.264371179890612
0.4646446207393221,-5.4439,-5.077106275618954
0.42535526964862913,-4.5488,-5.066173770420631
0.05365931129098635,-6.5571,-6.573398859562543
0.3802362741440311,-2.67,-2.389842633877402
0.13110003926522304,-2.9546,-3.01588924859769
0.201306937531942,-1.4543,-1.527857239207254
1.244100904996142,-2.7114,-4.261458835536033
0.66220607751135,-6.102,-5.355565527737545
0.25974202212056385,-3.1288,-3.38229902974774
0.09657056141746381,-1.7587,-1.746912958927267
1.4932903814830025,-0.38791,-2.144642127992682
0.3641782869734746,-3.2847,-3.587589654341592
0.4687097720990225,-5.84,-5.51467976660494
0.576479364096448,-3.8615,-3.42328568397692
0.21820255458007046,-7.9013,-7.868279851066737
0.23532578676274699,-5.4013,-5.35131799961626
0.22951347859985755,-5.2494,-5.039822358233118
0.44331208454239013,-2.1559,-1.827812295769657
0.33713353691772274,-0.3526,-0.7056483317118905
0.34274340024746214,-0.92928,-0.5781725576834457
0.3185182513175289,-5.9618,-6.24456839538531
0.39845623086413956,-3.3898,-3.74185338019225
0.6741890120641242,-5.6562,-4.907240383435962
0.638616042578597,-4.3528,-3.602039867802934
0.24230792414693092,-2.6749,-2.489974063752022
0.25720500988486633,-5.7182,-5.452191409879479
0.27036485981405123,-2.7654,-2.685662888185576
0.11328786723755467,-4.3008,-4.255183822221656
0.23335394117787062,0.35208,0.1527590876323408
0.17145132418149142,0.99063,0.9460039682815722
0.5346742466654216,-5.1662,-4.706902345626771
0.43017820536264734,-5.1085,-5.417584317263834
0.7511876929981672,-5.1662,-4.424978527124681
0.6887578219213333,0.20016,0.232303527931622
1.086361156552459,-3.8367,-5.110477922715605
0.9925944194370756,0.31619,-0.7276288194920157
0.9326481289787284,-6.94,-6.353520271578951
0.3050643392998441,-4.104,-4.245515356338378
0.558721137658486,-2.4331,-3.028046908173367
0.2890797566300488,-3.9386,-3.834640156077539
0.13858900819762057,-1.896,-1.912924211724427
0.9797948998095982,-2.64,-1.683542606906269
0.5629503163609192,-3.6588,-4.227731787892104
0.702345639684162,-5.7985,-5.09262918198402
0.2436242020055427,-1.9359,-1.936648447693709
0.3871983523402474,-3.9983,-4.372293103605038
0.268106836240646,-3.9755,-4.130237301337157
0.41477654695510574,-3.1971,-3.632093136413227
1.3859917808689202,-1.347,-2.898881257868362
2.8718644600701593,-3.03,-7.003839611963857
0.170140276807426,0.79517,0.7694823422606318
0.6346390270301555,0.8121,0.5267234165506409
0.37052503534249903,0.7467,0.6980280570476898
0.273222884279496,-2.7813,-2.660778042676552
1.444882961262804,-5.4088,-3.744300998856057
0.41861226461316403,-5.26,-5.242064937395019
1.6201926787794005,-0.53295,-2.548047651267782
0.29084824127921033,0.31266,0.1108401620494715
0.8603407131216235,-2.7393,-3.666429726259601
0.7227374780440158,-3.23,-2.299674554680143
0.6456484967450521,-3.8242,-3.151061939435416
0.5265734703322018,-1.5585,-2.109341806371436
0.1753882237033319,-1.09,-0.9878841305501176
0.794992711909783,-0.64883,-1.455701396134211
1.5019889507309685,-1.0,-2.819632823156398
1.3329260491403487,-1.34,-2.806073893061058
0.446235362168111,1.1303,0.6884664524323839
0.9863496206580826,-2.87,-1.706835519035967
0.28004378185395984,-1.5263,-1.667137132379611
0.9205854107140179,-2.5,-1.45752554306799
0.508214033547164,-0.36323,-0.6104984999884068
0.18941985376991965,-0.5146,-0.5645355898835448
1.1411475559453188,-1.24,0.0665105769292978
0.9956830025709857,0.087995,-0.9106296545885
1.0198482703879135,0.001851,-1.185232440913735
0.45667735554971367,0.23539,-0.1222727504598422
0.508214033547164,-0.42,-0.6104984999884068
0.39153636509761564,-4.83,-5.357313795744044
0.3253890344745001,-0.48,-0.7768149531897344
0.3253890344745001,-0.48196,-0.7768149531897344
0.14516678177081835,-0.02,-0.1886326785235943
0.3423793371855225,0.08261,0.4347652877215474
0.11788516158291804,-1.91,-2.043201159928668
0.19327652712890234,-2.1593,-2.438089714884589
0.6194767038004516,-4.0916,-4.796323370531109
0.20975869153907176,-1.8433,-1.790786989645218
0.9787776250484668,-3.75,-2.685991499772462
0.41456879531475566,-2.9017,-2.587151211092865
0.321773378060754,-2.1418,-2.44440528654572
0.3813310390127148,-2.6642,-3.002462122410014
0.8695455363937289,-2.7634,-3.34209413102443
0.9005895875132234,-2.4912,-1.432471342559444
0.7716666373904189,-0.17,-1.101213409856876
0.6128560389104737,-0.41,-1.086566236539513
0.3865138015848108,-2.17,-1.859851287762611
1.2295399066244173,0.74338,-0.7827005463749288
0.593584421126089,-3.67,-3.096255514438494
0.4459185594945151,-2.2994,-2.404552675804761
0.27335195737870466,-1.5928,-1.691617315300076
0.6525537364917758,-5.5495,-4.79769173025616
0.9237108279361667,-1.7787,-2.986089499819173
0.689934633878002,-3.0104,-3.542292985210949
0.29029348977501135,-4.262,-4.145649508344219
1.1333722991714248,0.0062094,-1.02365310160491
0.5169214393548017,-0.63786,-1.228165780440178
0.7455802326559002,-2.7532,-3.652603786024926
0.8426783530425781,-4.45,-3.908255392452236
0.2941208098907241,-2.9,-3.133533603378387
0.3318272535308827,-4.2199,-3.921300882706316
0.14516678177081835,-0.0173,-0.1886326785235943
1.2461316162576834,-5.443,-4.113900065115304
0.14738560063681105,-2.104,-2.135200041514502
0.2572122646394822,-3.5943,-3.390848307943709
0.17694643538558888,-4.1223,-3.986865431982219
0.3004681995207324,-2.5667,-2.872360166471517
0.34209913331629044,-3.4748,-3.752389409820881
0.3275256616201833,-1.424,-1.747365537428801
0.45131008851207893,-3.94,-4.367227058970265
0.3148324299026392,-2.1458,-2.525444020819478
1.1183897801848737,-3.15,-2.141757485693418
0.23101945805050655,-2.2797,-2.233075424902315
0.5743061347913982,-2.9813,-2.724114358004518
0.22183428622180704,-2.1607,-2.103794181163281
0.9960739470810567,-5.39,-4.169892151552414
0.8140422587932136,0.3818,-0.4921046878680331
0.11529595746975628,-2.613,-2.707821078344073
0.3314148052223815,-1.8756,-2.160775903891721
0.3564647829695759,-2.5667,-2.918719558181908
0.9467743183028133,-5.7286,-4.629133074207692
0.2638551081270394,-1.4117,-1.579132548178438
0.26305269177073676,-0.9089,-1.093822268048779
1.6281366775999617,0.14874,-1.817449883987847
0.7654814456755354,-4.7478,-4.107713302363897
0.435694857380911,-2.36,-2.736812010321044
0.9804172463203418,-5.57,-4.339886980477804
0.4250912382965209,0.51688,0.8733193426596161
0.3148324299026392,-2.72,-2.525444020819478
0.5701171223326553,0.1462,-0.5374037742060593
0.3466260704498626,-0.1542,-0.4587963075988317
0.27241661930625116,-0.94008,-1.159300298648137
0.5877207293610008,-4.7374,-5.317355392550008
0.23912294461638411,0.7887,0.6110859387930332
0.15883323316291192,-2.9081,-3.014554920964494
0.5269501198046553,-1.8766,-2.319975603529599
0.2370036922681221,0.23,0.1633771521698263
0.6806164434363672,-0.35646,0.51164367332948
0.7118212661242552,-0.36197,-1.080857933499988
0.6156744110174126,-2.68,-2.34780229483131
0.31187722510019195,-4.0419,-4.189810520835979
0.1695194940491703,-2.745,-2.795675801575415
0.20234397264824383,-3.3494,-3.569841700566781
1.0748407888741767,-6.2956,-5.202840970626459
0.6679109300606001,-5.4578,-4.90563907817046
0.30304133612146605,-3.0879,-2.874300546008718
0.6586619045977699,-1.5623,-0.8611271310221311
0.6329754777298383,-2.5388,-2.915718150848992
0.5798833570849407,-2.5388,-3.072115204505971
0.3802597393647825,-1.985,-1.76280248185399
0.44372391172557085,-0.95933,-1.428852607472224
0.554859508452062,-1.1522,-1.73766997688522
0.6818969679098761,-1.1427,-1.805133426310414
0.9469907578615081,-5.08,-5.674965919013744
0.6637688170430994,-5.5856,-5.081072104551446
0.4405815952451892,-2.7,-2.332971580345106
0.2693980192241627,-2.47,-2.544776823501025
0.6264243369570097,-2.79,-2.055340711853913
0.25933309202033344,-2.51,-2.410714911964011
0.22811663587636297,-2.48,-2.556602003157687
0.8047154389466894,-2.85,-3.645353183361185
0.6708243096133344,-1.76,-2.11912526976366
0.1445128787195374,-1.3513,-1.468310049315046
1.73551916932565,-7.528,-5.610276544476354
0.28903934896341144,-2.6162,-2.372181280215414
0.04051185154894756,0.65,0.6465855123350073
0.04051185154894756,0.6514,0.6465855123350073
0.6483438545158464,-3.3985,-2.666196308772336
0.45423691942283,-4.899,-4.439875685269524
0.09627793797701063,-2.952,-2.937471689762192
0.25312250782294,-2.952,-3.131658166131748
0.4406301040338848,-0.7126,-1.045667495577107
0.45970223466931803,-6.6086,-6.196715580479639
0.1132040359147375,-2.952,-2.964252377134411
0.37117163843311424,-3.3614,-3.052338845234044
0.3749569545706384,-2.0584,-2.306889902823722
0.8632927769840917,-4.2373,-3.150072822275231
0.5543177670128919,-1.21,-0.6524027512313684
1.031687755270682,-0.0267,-1.203164646327197
0.5213205479028332,-0.8673,-0.4149465361602602
0.7273765985810008,-3.3469,-2.525847032098842
0.7915058849478415,-1.9851,-3.008969175284454
0.1834721778843572,-2.49,-2.578572798297592
0.27420594087937755,-1.8,-2.0264363794582
0.22948709197784325,-1.6213,-1.81916396595419
0.3161541144723769,0.74733,0.4963963143290018
0.1467969961209178,-4.8696,-4.914451189912587
0.3928116389369758,-6.3484,-5.987852279554163
0.2126907566323112,-1.7913,-1.948031549805091
0.07090590852524226,-1.8918,-1.896461199740493
1.5923191930908016,0.73706,-0.5059915907313589
4.591574948331064,-0.18475,-5.569102345166618
0.19273677272245224,-1.7525,-1.8432361377344
0.22486937425459325,-1.7525,-1.912748152000946
0.8994986014577384,-6.3,-5.274695864972385
0.21927505693874086,0.4084,0.4686391741663771
0.13553650117547,0.65824,0.5603068091357952
0.3979733257925828,-0.96852,-0.9226072437784162
0.6535571138207485,0.77674,0.1083418780648588
0.6182201450351106,-0.30892,0.6292103454888998
1.8600211582981165,-4.5737,-6.669072122367991
1.0798637598338126,0.9166,-0.7585586958098698
0.09941907624507199,-5.0984,-5.080702287511967
0.2737045809382258,-3.9545,-4.141900738566172
0.35517804261846314,-3.3079,-3.128797290849061
0.22500004676307608,-4.4043,-4.238248341077732
0.1981689792795158,0.36133,0.3750248196804794
0.794163276881727,-0.9445,-1.846135872697441
0.17947902242825237,-5.4335,-5.346548478867678
0.6241428620246148,-5.0325,-4.502167063073741
0.3277274297930304,0.28524,0.1425534669920321
0.42584105286412943,1.2211,0.7751201708249317
0.34004161915982806,-1.9876,-1.783273882736319
0.5887214936921031,-2.5769,-1.941577013444491
0.7918494491658374,-7.8916,-7.04162158456823
0.4369163507158105,-7.8916,-7.651122039034995
0.5354499020718088,1.5321,1.149194107711263
0.502852195370008,-5.195,-4.692865611636782
0.502852195370008,-5.19,-4.692865611636782
0.9336187946284288,-6.1,-6.561411924321115
1.006462219311703,-2.2941,-3.404294369600245
1.7029441146683382,-6.2543,-4.369922161928799
0.12913048016206205,-4.7402,-4.805898652946716
0.05156858181592579,0.48526,0.4886809740037892
1.2157271955595272,-8.3741,-7.997296422052347
1.3993862680282902,-3.3887,-4.761113842113389
0.9511730753728882,-4.6469,-5.156817907060546
0.42911419080254826,-0.60065,-0.4254406517965085
0.09508972953954908,-1.5613,-1.540804646545193
0.23832646962168827,0.54,0.3542569211450245
0.7678350287866808,-2.7929,-3.111200575590353
0.7192982419776917,0.055,-0.6620302936229043
0.6250950053553348,-2.7785,-2.197720560389651
1.4645846706592764,-8.4445,-6.74145369232658
0.335531851029624,-4.1075,-4.391870938472878
0.335531851029624,-4.1075,-4.391870938472878
1.5146032121597655,-1.89,-3.64900272520797
0.3554440401278896,-5.2894,-5.285194155166822
0.28676251333030456,-3.982,-4.485624556935676
0.2750257071343977,0.9825,0.8098189804387543
0.2775722185807606,-0.62,-0.6799174429660422
0.4122531640824032,-3.8171,-4.195212300716781
0.5262579916099753,-3.6695,-4.21385529872459
0.25114806175244103,-3.55,-3.757858597458792
0.525934052433197,-2.9996,-3.633529319951883
0.6223141068427689,-6.21,-6.605132059420528
0.5140162659526035,-2.9085,-3.391407952632356
0.6918756018951668,-3.8466,-2.955847858897525
0.14153514080776675,-2.6368,-2.778318874763262
0.24327510259782614,-3.3337,-3.625534953782549
0.1085320924449775,-3.834,-3.872737546373138
0.11757787736644072,-3.3127,-3.376874146778943
0.17967553051323332,-3.287,-3.1251846233422
0.5711641605961809,0.17759,-0.0037874896826507
0.40475390423437224,-1.2013,-1.552522071254035
0.42143889413152275,-2.0737,-2.451029471499135
0.7243534882187739,-0.96648,-0.2341800097153707
0.31016527116455644,-4.2009,-4.332375518227001
0.18090452037585858,-2.8359,-2.798495560629495
0.4962584525090594,-2.8258,-2.455546915126178
0.3354130816578991,-1.8265,-1.547173896793505
0.9795571642545137,-0.77937,-1.93336021174466
0.15720349599571137,-2.084,-2.193984080557161
1.6112057113230913,-4.5348,-2.190136308348036
1.6479404710857686,-4.9917,-2.468470392603392
1.0413282362601364,-0.83702,-2.110853889858635
0.4175318740000445,-5.1236,-5.289641974063358
0.3204226330717412,-0.4337,-0.6629375708079458
1.0018888981415353,-7.3328,-6.381474915975399
0.25114161932617696,0.93127,0.6809550700109437
0.4377120368684047,-0.7432,-1.12350264628378
0.23486282513044085,-2.9596,-3.173983192859374
1.8110523180127296,-4.75,-6.652220882188608
0.5328765589079879,-1.24,-1.658316494653261
0.24991245764947265,-4.7896,-4.823959740237355
0.19117185467542508,-4.93,-4.999645019622014
0.5147214977831688,-3.9565,-4.442937433814377
0.21826828853873667,-0.6003,-0.6266979965556521
0.5886580668449826,-5.1913,-5.689499104237936
0.05156858181592579,0.4853,0.4886809740037892
1.7329145991378347,-4.5648,-2.389891303674281
0.6193018258120682,-6.2877,-6.122598646458061
1.8985783085324621,-5.47,-7.661698703297361
0.1882492259629068,0.6393,0.5174113135979879
0.2867619287620913,-6.0342,-6.001995230645706
0.741523633299013,-4.1257,-4.727993656547733
0.503411558406874,-1.89,-1.320124785870255
1.7267281108343693,-1.0362,-2.924695338714463
0.2963390825617703,-4.4,-4.632728133200779
0.26934185626413215,-2.854,-2.739722025924517
0.2828351938363166,-2.6764,-2.817411754327293
0.5262785160826311,-4.1216,-4.500658487075693
0.3492664717942576,-4.811,-4.848801934076528
0.17593077177007235,-2.1823,-2.044902235681337
0.20501889154347797,-5.1307,-5.031215862484362
0.7627740858777057,-3.74,-3.558506448154796
0.9024383618829294,-1.94,-2.919026574289696
0.4006324178980837,-2.9552,-3.110516490310677
0.5410748590034633,-4.4116,-4.001061683332399
1.9824084709223604,-5.29,-2.783190826295975
0.38255903158333765,-1.4664,-1.744763842982907
0.7251803464171394,-4.811,-4.071704514305552
0.22188189594321395,-4.3193,-4.158282098331566
0.2923629966630819,-4.5649,-4.316780307353887
0.3946444092986184,-4.069,-3.712962252420134
0.7753778256304057,-1.5293,-2.490726647012568
0.6445853663219886,-2.766,-2.079127237290844
0.2890761123386424,-1.7841,-2.045790533642697
0.5329104015207338,-4.09,-4.534495192476284
0.34344660031845564,-1.87,-1.49867143138653
0.5894966742225984,-3.9311,-3.251426779214442
0.2587857427579252,-3.1105,-3.045428839605172
1.005048604988322,-0.27202,-1.500359885015886
0.5692556408149647,-0.93199,-1.432998312872206
0.8038284235427338,-2.7433,-3.619609340925321
0.46941970121697574,-1.21,-1.629196419572094
0.13747847331809482,-2.0602,-2.038509635950673
0.6229818091667532,-6.0924,-6.041478111857074
0.18798123652834517,-1.3522,-1.447049725564879
1.1761094458927606,-4.15,-5.389617433069182
0.5915123054906165,-4.3635,-3.904818526350991
0.35574765405674474,-0.95366,-1.185018870231108
0.29590211125736404,-3.9302,-3.684675952558021
0.7468946564374588,-1.9855,-2.795757566120624
1.5436856940113253,-7.7269,-6.916299307904328
0.8564058385046274,-2.7435,-1.69473383059312
0.5631009684816254,-2.8747,-2.262492844990705
0.6736866455868674,-4.42,-4.92930593405947
0.683025765229321,-3.6098,-2.940263702166301
0.7288437516506755,-5.8,-6.004410068129324
0.15357201929521028,-1.7021,-1.806504055189938
0.17619668483266643,-0.86944,-1.023362468562461
0.16961390063114487,-0.93501,-0.8073728974370689
0.20115092135867266,-2.7331,-2.697429447394077
0.5484392499776527,-2.7471,-2.242028000205799
0.7520040670785149,-4.2833,-3.376440419761166
0.5288887712308415,-3.9246,-3.501573475909591
0.5711137835897028,-4.41,-3.66222986754538
0.42441566317624513,-3.71,-4.11166431680754
0.6768970529104944,-5.746,-5.216711440570087
0.27616041217330023,-8.5752,-8.470589762329693
0.989878635926517,-5.1198,-6.015003310118153
0.9731098400329973,-5.1126,-4.551470084236156
2.2911055709891515,-7.7881,-4.782433664860871
0.5680651900429052,-4.8971,-4.351490486185164
0.19012400864970608,-1.3234,-1.193595981445866
1.0932577189634891,-3.3204,-4.624333035127629
1.2151370509447739,-2.6066,-3.906733063693631
0.5224277052086631,-2.9071,-3.285456689849088
0.4482038514012812,-2.1147,-2.464802320689646
0.6100101866916563,-0.91635,-0.4571082366327415
0.6022655241748482,-1.9266,-1.272350248615472
0.4227447704230496,-3.5532,-3.834296323355967
0.947536913270733,-5.4989,-4.645146094536873
0.5876062972057899,-3.1007,-2.589214263366301
0.32804862979050253,-4.6292,-4.910844657073696
0.21997625692229406,-5.6695,-5.866638972953708
0.993068727963371,-5.9428,-4.941399974076036
0.3807163343204655,-2.3804,-2.069863577759375
0.42665972957040643,-2.0933,-2.474428172419683
1.108526766577972,-2.9763,-1.513909060451403
0.9590988618961162,-3.0541,-1.968075134823066
1.3778127488369754,-4.5853,-3.113687187273518
0.8244783146005545,-4.3546,-3.976790393989424
1.2053291321349633,-7.32,-6.006140668590622
0.6581588873844619,-5.42,-4.918573362408376
0.8945440277606407,-3.7128,-2.699178995710245
0.16643817115273005,-2.4811,-2.434536631774539
0.7241576488448405,-6.4674,-5.838200586848591
1.2859683031097289,-2.3505,-1.816425921674567
1.2859683031097289,0.51276,-1.816425921674567
0.15676441256701876,-1.414,-1.417672724144438
1.0170518463916924,-2.3264,-3.717118619099025
0.16643645625448183,-4.3948,-4.334546810551901
1.3189775205234946,-3.3,-1.68775166262658
0.634109934912096,-2.644,-1.832884684147259
0.7478439803863652,-3.1165,-2.101029302934285
0.13025947580998942,-1.5246,-1.551572610844937
0.45570440170588655,-4.5446,-4.822971019117279
0.48390089385492,-4.8618,-5.161693852552391
1.1183261888010632,-1.39,-2.752805918442595
0.3603731232469019,-1.6602,-1.375341816394301
0.3671982272622081,-1.53,-1.763232804313311
0.23522950480208138,-1.61,-1.430132261677055
0.14649845011852225,-1.4958,-1.547692229767089
0.6517251993304579,-4.6315,-4.295735291998799
0.40688805313300547,-0.42127,-0.8091015740248508
0.5343401305369359,-2.0865,-2.621329092788278
0.13225315030396886,-0.7166,-0.829937428504666
0.2654892002285512,-1.5139,-1.31052137040167
0.5954584628324734,-0.88842,-1.520433188244897
0.34586857602778437,-3.6799,-3.51184870040208
0.4366237042145874,-2.8227,-2.375708402539796
0.43239886767436303,-1.9013,-2.341056532569818
2.531869367208435,-8.0216,-4.543377511946399
1.1074650409738795,-5.9861,-4.649493881141025
0.21003200555406354,-5.6389,-5.557644130675908
0.30707307329975053,-2.78,-2.431832917786423
0.3870957865642292,-2.5583,-2.163239791884364
0.5401070731839104,-5.5106,-5.038620922828057
0.15255785858850401,-5.3712,-5.361469008311107
1.2126075945027686,-3.87,-4.87943159799278
1.2249899236264803,-2.7,-4.152404705583995
0.2160171550051081,-2.2165,-2.004930977997577
0.1696121703501521,-1.2975,-1.210144560642563
0.4565807547055549,-3.6791,-3.100555335281329
0.1430877430511932,-0.14919,-0.2249299227034318
1.1929993217662078,-7.9911,-6.626471210740347
1.616572599651561,-6.929,-4.846644941762209
0.43490946641517914,-4.2729,-3.885286121984659
0.18587654136490012,-1.5917,-1.601282069714758
0.3324928730170189,-5.4183,-5.288093131123214
0.33663235740767505,-0.55764,-0.165587188248488
0.6196026685964113,0.30208,-0.5456413817927901
0.24532339096950279,-0.90148,-0.6649689833128581
0.14214806129395602,-2.6724,-2.646381793522518
0.26193636649314384,-1.5915,-1.785194156345856
0.738038154197351,-4.222,-3.434074915311703
0.4032430688435408,-5.24,-5.421284300333996
0.27856806898569286,-2.25,-2.108515824074549
0.5938925955229731,-2.9162,-2.182070625190408
0.3404753655545181,-3.7271,-3.523725553319026
0.4807830672583224,-3.6674,-4.078278239568476
0.2717222849648826,-3.8494,-3.87058799992559
0.6632721989547123,-5.5585,-4.89433896886327
0.644184257926291,-4.259,-3.565880084903652
0.47833273139316956,-3.9331,-3.629277303817205
0.5575539338473154,-4.8736,-4.58236769111217
0.12268526726574704,-4.9901,-4.974879588282313
0.5550775374910578,-4.8284,-4.270079869646802
0.12834475362288855,-4.4656,-4.402889211830293
0.861167374190104,-4.9787,-5.906768757612985
0.2560845832414888,-3.0486,-2.860724086684581
0.45971133114060597,-1.87,-2.410504197136241
0.340651086963905,-4.11,-3.674701072277437
0.29418357550737106,-4.783,-4.886121955704288
0.7823648157993388,-6.0383,-6.665817352750561
0.5242759546403541,-3.5603,-4.033298006074113
0.839055557535519,-4.1186,-3.169156347138554
0.6729586764397564,-3.9734,-4.493735019985841
0.4983920332780192,-5.6513,-5.200929130455061
0.3295065903388668,-1.22,-1.434659328283155
0.09779891686632972,-1.52,-1.447764284404587
0.7900613021742526,-2.459,-1.571016770295737
0.7715423149769671,-1.3,-2.322151744225823
0.583895644502734,-6.1281,-5.582624580140551
0.7785006894646975,-6.5,-5.62277282892158
0.43560006149181363,-5.48,-5.160233251022444
0.8253953835267864,-2.44,-3.437871711785949
0.5479817258036289,-5.59,-5.01974739991264
2.9141953682164474,-1.29,-4.882160057318572
0.589018410684769,-4.3,-3.786792364162292
2.5308797819424695,-9.8644,-6.832621460538693
0.8935727011961982,-3.1221,-1.988003787932642
0.23273736701461598,-2.9686,-3.02406371264905
0.42213871839886635,-2.1628,-2.660936743354112
0.25311866350840756,-2.03,-2.201979848922916
0.6894532363376623,-3.83,-3.245545991180776
0.19223177249930704,-2.4861,-2.31559576733618
0.26674786111547644,-1.29,-1.142630688748428
0.4645087026790838,-5.5664,-5.279937976435454
0.27917057003460366,-1.93,-1.848887202803613
0.27034380603967323,-2.1955,-1.950397742001957
0.11226005889450993,-1.5085,-1.565079850443499
0.19379602589828054,-5.0704,-5.231735614788427
0.09044902122168397,-2.8756,-2.889096962017648
0.12945707427474637,-2.0609,-2.092876845347746
0.5552203333762517,-3.0154,-2.455609344405521
1.4982597079055366,-1.74,-3.88088504475144
0.4404035679006749,-5.0495,-4.77481744764659
0.23908657598492655,-4.9901,-5.266836677395108
0.8378330011306357,-6.7641,-6.08746196195468
0.6161822812301702,-4.1992,-3.729432066164522
0.20392062880253836,-2.58,-2.772729069406238
0.1714676243834089,-4.04,-4.023435935084495
0.19987114242269693,-2.8756,-2.975553710118383
0.20595961857518524,-2.8756,-3.055329611721036
0.49859652032317137,-0.97869,-1.543971139401948
0.29814585678831323,-3.8059,-4.123144182325503
0.6093369296283379,-3.8854,-4.410192643533356
0.6713793785368959,-1.784,-1.112899828389937
0.395202985781599,-3.76,-4.025451508020584
2.0403097621323982,0.7286,-2.140409066331752
1.6044508894291443,1.06,-1.070588296815336
0.5898523792708237,-5.5124,-4.999965400687403
0.9458265735462821,-1.7615,-2.710941078122604
1.0477230762342955,-6.21,-7.339677408868356
0.17298844899725413,-1.53,-1.406724457923621
0.1943128627933388,-3.944,-3.899752685831599
0.6236638755634647,-3.27,-2.840476963996427
0.6179102773442291,-0.80613,-1.494299970081408
0.2648090349335912,-0.35498,-0.2195500997636646
0.702625333138071,-6.7715,-6.218495077733834
0.7395678855663292,-2.1466,-1.307159474770392
0.8606553981823228,-3.3562,-3.939483698044189
0.4154469819104307,0.7846,1.094640963236007
0.1962897296575296,0.74902,0.6174386107666454
1.2005821979530156,-3.4184,-2.118443599138353
0.33445467897053627,0.493,0.8415256397205095
0.2842079606738353,-3.92,-3.742045240813113
0.18500790514879667,-2.895,-2.976733396173318
0.6155278751711628,-6.0005,-5.313623449729819
0.5009537282598103,-2.56,-2.52389406177477
0.28431280667701136,-2.28,-2.20422927981328
0.7199984956002919,-4.38,-4.784378539872839
0.6538885189131635,-2.4022,-1.791792607232428
0.2388063838871974,0.5526,0.5136178926444298
0.05780664599934702,-4.52,-4.479783428759006
0.470984350843197,-3.7923,-3.454000640555021
0.371852777231039,-4.495,-4.134925588467214
0.41192021470408896,-4.3981,-4.457505757136092
0.7350927766252181,-3.5714,-2.705432474629493
0.8093385788015669,-3.0892,-2.47849046146854
0.9748034151399712,-4.7631,-3.666757646708252
0.7173821840072984,-4.65,-5.308925406452369
0.8440164545498887,-5.89,-4.890399561202718
1.205331609108801,-4.1784,-2.674017278692534
0.9710681081245818,-4.58,-5.427400969529657
0.6300351481632509,-6.7796,-6.247075877984443
0.6175465122329556,-5.1485,-4.628505354769198
0.414582752427601,-3.9394,-3.849963025748742
1.2352225378731752,-0.33,-1.837843990433303
0.22066984662981043,-1.981,-1.851657990972904
1.3475224155690722,-4.4651,-2.84588717245559
0.6431611333275791,-0.90341,-1.551340126370211
0.628735170044361,-5.51,-4.813578331633193
0.7035528676627685,-6.253,-5.610826670858156
2.074689653294099,-7.2278,-5.106968882648772
0.26562277291386693,-6.9368,-7.043510987124417
0.18262091958390297,-1.55,-1.633499134637059
0.2967163400708899,-0.402,-0.6042492854978849
1.1872021476441603,-2.8577,-1.417240200758662
1.0675666053387391,-5.0153,-3.815519588061521
0.347204286743583,-0.5403,-0.1256896868111676
0.1258571728031335,-2.0425,-2.167670001313432
0.5389989733954047,-1.959,-2.478739187055707
0.45339140814166323,-2.3125,-1.967251995287558
0.3798349162807725,-2.3323,-2.914371779580745
1.3402373518482102,-8.6021,-7.219341963242246
0.9766147543995636,-8.0315,-7.402365704571235
0.3592646818468454,-5.3987,-5.613245065560617
0.9207794327192325,-4.518,-3.511520048341533
0.5188549685196984,-1.7545,-1.484818623062437
0.4548982214877127,-3.5677,-3.416263836050535
1.2029914807109334,-0.4505,-1.98901239976776
0.6282176283295481,-2.0725,-2.332844580217599
0.6743150525481052,-6.5199,-6.060762163921834
1.0925485355374314,-2.4171,-3.128451606335313
0.7839700157882545,-1.4165,-2.335783956332102
0.28106460050543075,-1.4771,-1.644492080095194
0.48178714590130367,-3.779,-3.356192334750257
0.8599556138868983,-1.8678,-2.76171093583434
1.0216414192972352,-6.077,-6.441348391895396
1.0216414192972352,-4.39,-6.441348391895396
0.2501262559199319,-3.13,-2.930449016476859
0.11199051366960046,-2.67,-2.636887692189652
1.1817326238154278,-6.12,-4.784401312759353
0.8765091553082346,-5.9907,-5.242391471886615
0.5590725896839568,-5.3723,-4.620855591194569
0.7724357203531602,-6.9278,-6.016660044653737
0.2272844565285628,-4.544,-4.433491689600473
0.2296371482309759,-4.5416,-4.756479027710868
0.2665262128406313,-4.226,-4.43518106011744
0.13700341420036136,-5.7482,-5.821140852695836
0.36287608481266903,-2.9477,-3.172904287022505
1.2728882877890677,-1.27,-2.956663377330408
0.12710147527582444,-0.77,-0.8338543707488068
0.5339685993891742,1.0124,0.6499535220729864
0.42306087051029856,-3.19,-3.584585978461481
1.0931273067943628,-4.92,-6.126003197858079
0.8289458115511502,-1.8583,-2.917564342274928
0.6841054519400024,-3.7835,-3.094175749264321
0.6103155776133001,-3.5913,-4.121485275973601
0.22316403989507363,-4.1262,-4.111342507251608
1.4980427567642993,-6.3317,-5.004046278011585
0.7062868346221193,-2.17,-1.844981453696607
0.9068561013213583,-4.5349,-5.485098508269916
0.6162070094252681,-3.57,-3.807403741865985
0.3208867360849046,-3.33,-3.53817165890964
0.8712070295481616,-2.3273,-3.263537285330682
1.2520594417744217,-4.6605,-3.062358378562837
0.2722225705146623,-2.0885,-2.244455928976115
0.11384484840750086,-1.8102,-1.798064540903646
0.4407226250142203,-3.36,-3.595845836775863
0.28593886351103526,-2.2475,-2.427987705835444
0.5483511890847573,-1.0848,-1.649362748428571
0.35018032212934896,-2.8694,-2.584578955747684
0.8049787703450006,-2.1906,-1.519163741503444
1.2474187550485667,-6.33,-4.889800149303356
0.4577689972357457,-2.065,-1.645867509520999
0.45453019907934944,0.41926,-0.0130100199617617
0.5029708518170337,1.0703,0.5932278947766647
0.5906835022576676,-2.5939,-2.950379523416817
0.15408684120276736,-0.09,-0.2212070965832165
0.41010427601512034,-1.68,-2.008144272715207
0.5275803271619391,-6.13,-5.62961192813961
0.8228019690016886,-1.6476,-0.5870163568419857
0.38041797785158993,-2.2888,-2.614232503474199
1.0121882012408492,-5.89,-4.817549598418454
0.4557401548033971,-0.0049,-0.4043960078657122
1.762651125904215,1.1065,-0.8175360827200008
0.47552661904257143,-2.6015,-2.103366508482111
0.7518508659936965,-1.9351,-2.861080671628445
0.3726872037128709,-3.0431,-2.712006028439039
0.9194450720252099,-3.2803,-4.292730549123247
0.27223599890338196,0.36628,0.2493671177386562
1.2337868412110706,0.66092,-0.7860028357258663
0.5010826928737958,-1.4438,-1.859816787537848
1.0032622552319916,0.53723,-0.723221336964119
0.14101055601119752,-1.6603,-1.712946702111432
0.3076958407138331,-2.6181,-2.925491466557764
0.83019954152921,-3.7463,-3.120370335605218
0.3031190609755223,0.34396,0.0515826492030623
0.15086314522684138,-2.3663,-2.30400766781656
0.9943076139144421,-2.333,-3.525180559228043
0.34174939543751476,-5.4458,-5.197452958814344
0.2982255534625594,-5.4458,-5.21975989621173
0.2931727241818227,-5.4458,-5.347046560249773
0.4727599191560848,-2.2663,-2.186667024264762
0.2568327700910115,0.67926,0.5189534805851959
0.40501175868893063,-0.84456,-1.486399738753831
0.616035731122149,-0.796,-1.750055288709979
0.04891338394996063,-0.54862,-0.4968932228210927
1.1075999617243328,-0.31007,-1.353619468478189
0.9965008538371568,-0.81494,0.3821943672621213
0.5395029827432343,-2.67,-2.213771221440441
0.2385450018240316,-1.23,-0.8709672189116012
0.04891338394996063,-0.53,-0.4968932228210927
0.7229424346535513,-2.5043,-3.022723231069885
0.2044194698351141,-2.8683,-2.946540328905623
0.6060102668658824,-4.0672,-3.671206449245298
1.0934669332343891,0.39753,-0.4987044371685591
0.3038917817290128,-2.3151,-2.467476940245804
0.31472463394078465,-2.92,-2.903798644711563
0.44901892295218515,0.24561,0.0545044182149013
0.7140301847645499,-0.55679,0.2583942733157419
0.32756465043871835,-1.6996,-1.48519330741021
0.6558157645905531,-2.0888,-2.198829194017512
1.0647737258625496,-7.6633,-6.758024129584566
1.549979818659169,-1.83,-3.582746037511381
2.67149255159331,-2.8006,-5.935404752088549
0.4607841830175271,-1.493,-1.015304084524966
1.8181036559191162,0.95044,-1.116231735122017
0.5871272815755373,-1.0574,-0.4829870877560556
0.8700084985633569,-2.8556,-3.979960914830506
0.2034271223192659,-0.5138,-0.4475653391159856
0.34151058123699896,-2.8856,-2.525314838951935
0.23172439240656467,-3.7303,-3.900559849729422
0.3536671523259207,-3.6626,-3.866600948036925
0.3702756428048546,-1.8398,-2.042025093485702
0.6651478535101885,-0.47077,-0.914372466896178
0.23343680452512486,-1.6603,-1.743749079231634
0.5095381008508575,-2.7019,-2.196450887629092
0.31106581536821015,-1.2255,-1.337181297845541
0.9137308852783984,0.037004,-1.002646177227615
0.641217945424079,-1.9938,-2.768983925350488
0.2830049859288793,-0.9446,-0.6447767647397591
0.7033287220666472,0.053669,-0.7112274731891295
0.7698064090360738,0.066146,-0.9057738568739508
0.5261686455896281,-1.6575,-2.052684359377143
0.8275264888845308,-2.43,-3.422391198782445
0.1044453345114742,-0.23547,-0.1231723246649209
0.3117571233347586,-2.3108,-2.157454597661092
0.22460886944371045,-0.53065,-0.4307036918240695
0.21837067646357344,-0.55,-0.3500725340685861
1.093545040877067,-3.6766,-2.323218638230504
0.38022016072453435,-4.26,-3.998387701794509
0.8658476383856984,-1.2476,-2.111820764463026
0.6391327632563305,1.1132,0.4733180965576063
0.4155469416962849,-1.498,-1.809016344510692
0.6745601420375982,-2.6852,-2.043837000651942
0.2993282147969368,-1.0041,-0.5881182881156433
0.34407155353209645,-0.54909,-0.349208994828006
0.9134108555820794,-0.37,-1.169926687741594
0.060007408241203326,-1.555,-1.541949394640926
0.5282530276640451,0.3256,-0.2163673788318695
0.28784972062680464,-0.1288,-0.3111792423885584
0.21959978636495514,-1.4127,-1.373186162037235
0.6279262030390381,-2.92,-2.203921615868474
0.42610921519334755,-2.7746,-2.37641155421615
0.15652332701663635,0.29464,0.219852981176197
0.15652332701663635,0.2946,0.219852981176197
0.44615571128336157,-3.7766,-3.366811778682377
0.2785472763147174,-1.2843,-1.44716066044777
0.3687861564884848,-0.81613,-1.087101309078634
0.5552612124267783,-1.4722,-0.7988448870530871
0.3681940372260726,-2.5402,-2.260853372686752
1.1567276316534114,-1.267,-2.64010919570788
0.4016548215348839,-1.1936,-1.528808452011158
0.7999353463846484,0.1059,-0.7042931454968857
0.43189333432055405,-2.24,-1.906281104319062
0.23593338878735748,-0.7482,-0.5955688857179647
0.5726312895842125,-0.85,-1.424460714868353
0.32780312342721246,-2.8613,-2.59042608684832
0.31716488059742964,-3.6573,-3.480391166004308
0.310508067445948,-1.81,-1.88021466509415
0.10325995267265288,0.39196,0.3567806722775663
1.27303803473182,-1.8648,-0.2613414875137833
0.5492584211397807,-3.1277,-2.481103281872858
0.3827690192732509,0.73591,0.5257521843223664
1.1594320216481708,-2.77,-1.354875618593955
0.5671252285400307,-3.495,-2.50592680201055
0.9097135112247785,-1.32,-2.55976234999484
0.2382732710475594,0.42511,0.3473803170783929
0.5592070236453525,0.25426,-0.146744653284755
0.5027086802218452,-1.7965,-1.517019776776671
0.38133308432221164,-1.1375,-1.485707605124863
1.1911806665126725,-3.84,-2.106179480794911
0.6992119285935137,-2.5006,-1.753495004822962
0.7250868220890209,0.25676,-0.5659899588641798
0.19050585000248269,-1.293,-1.351130182880385
0.7921939932835358,-0.95721,-0.3798620302371492
0.6378659207470888,-6.4667,-6.158281916452555
0.4964760922742675,-2.96,-2.446315479644099
0.5121523490863656,-2.5,-1.908095014866663
0.2559208737662242,-2.9061,-2.980611033459969
0.26799326552463837,-3.7787,-3.816339648668105
0.5089168341072817,-5.8397,-5.365772263816669
1.527673970051614,-4.5804,-3.260301663117683
1.1627937879395118,-1.73,-3.262522975636452
0.3444604130215606,-5.8397,-5.569323921378111
1.9329107979074778,-1.84,-4.300430539729396
0.5304027077812762,-4.068,-3.597414870714279
0.855833897964442,-2.28,-1.489711637434558
0.7088495517370166,-1.5142,-0.8165163502560351
0.5003121280438501,-1.7662,-1.437518854541802
0.34673056274489206,-2.2137,-1.883344019956373
0.3165053629867077,-2.3279,-2.094355850916696
0.8501956439705104,-2.047,-1.043664818364716
0.2863359463419504,-3.436,-3.493649654934631
0.4208407081896138,-2.3153,-2.624237898733151
1.3449517231115917,-0.0042501,-1.941606579088551
0.8451047774766778,-2.75,-1.802282134996781
0.5133590974029054,-1.8297,-1.440965283173776
0.38185120244796683,-6.2,-6.331098111769464
0.9797648025183078,-0.98221,-2.216100379850093
0.5245589657339437,-2.6494,-3.041320277587768
0.30619202825900027,-3.9042,-4.026603475514548
1.256662462360774,0.6652,-0.9214019935807928
0.6969206057073976,-1.4198,-1.981159042665146
0.2983383322224821,-1.2326,-1.409890796630488
1.81672924361265,-7.4251,-4.803625450379204
0.46427317445546207,-2.8782,-3.231202319987466
0.7455578631767478,-5.85,-5.026309388700567
0.8568678815823659,-2.3936,-1.587447050408547
0.4657524093474471,-0.60298,-0.8789615847988703
0.16644268358482242,-2.8912,-2.889153943917671
0.7213736270850984,-6.5736,-5.926481671932109
0.22575050019575166,-4.7856,-4.815170603984632
0.5758945968586613,-5.3094,-5.367833879369078
1.3742391283386743,-0.12437,-1.931015993026918
0.6744196591431852,-0.77444,-1.497040616208547
0.7767030412078286,-0.97904,-2.050905357713471
0.3827856580268052,-4.1267,-3.916701731374438
0.2940770431978699,-2.9778,-3.045414597063655
0.33634155386627607,-3.498,-3.303847179531098
0.5634979937187051,-4.0618,-3.690995626430705
1.4197266382390596,-3.1049,-1.254447505071554
0.33236813538530674,-2.805,-2.744094142367496
0.19212472735741015,-3.94,-3.982909159736307
0.6613563038160024,-3.9006,-3.239406974348535
0.3430613746309941,-3.4298,-3.268105304874865
0.20294109104182262,-3.1976,-3.168703986570249
0.8933863860769087,-4.4603,-3.496658110711408
0.6911297476733332,-1.8009,-2.577827589449401
0.46218175390875765,-4.49,-4.037304648646412
1.9418711277813778,-0.8,-3.390818500817446
0.8081455377839601,-3.5047,-2.621954264070531
0.842949253856874,-3.4072,-2.462450108887606
0.6243769795826313,-1.2794,-1.618018170195128
1.2976348725760118,-5.4848,-3.89935805544837
0.3583550035803427,-1.9286,-2.174858220862665
0.6522967414460681,-2.2091,-2.869713086031318
1.1217097634507764,-0.6359,-1.741820076173498
0.32016910779409946,-3.1058,-2.890457037809638
0.49622840764648435,-5.17,-4.748583252302061
3.125834307857819,-0.61272,-5.600347548160864
0.6759919624595228,-1.7,-2.492956115729893
0.5120000614462709,-3.08,-2.62354817414054
0.22705240086227316,-4.5804,-4.422022566760602
0.3002655365685399,-1.8399,-2.089110090738475
0.3801476058351125,-1.3663,-1.721816420031635
0.8055008379819794,-3.2401,-2.226355638524386
0.4815339688247496,-3.5119,-2.946214534646225
2.046853692759813,-5.76,-2.773824758221607
0.25797431327616777,-0.41751,-0.2645417891585404
1.0842770164994346,-5.0467,-4.448210565005139
1.3250543777893906,-6.042,-4.273394320607565
0.30833205384876833,-2.8611,-2.722949713050364
0.3014312479718833,-0.70897,-0.4487042833183215
0.5175852590874488,-1.7472,-1.122929036247339
0.6577941314135346,-1.0275,-1.481754014263398
1.0166321334824324,0.40385,-1.04048336802048
0.5098935713282573,-0.433,-0.9414181279245424
0.46853156859144207,0.1472,0.4025672042634298
0.7644000396787485,0.44426,-0.2641401919764521
0.28468597004201784,0.10056,0.4270544162761518
0.27959500072293697,-3.36,-3.230136035670701
0.43661941246615193,-3.86,-4.243395045507599
0.8844013227904918,-2.1877,-1.427510088305451
0.393820423614129,-2.6983,-2.409907334042096
0.8837618323531338,-1.9817,-0.7914510889617248
1.6587294640360486,-4.2253,-2.607127629011478
0.07203612588987936,-2.1934,-2.172757029612009
0.3838156779632012,-1.95,-2.07018452892115
0.05764123806723233,-2.7264,-2.745962654812394
0.40329831905436714,-2.0796,-2.269246310594212
0.18717021585915067,-1.6937,-1.710569697286371
0.09623637288702841,-1.4872,-1.457838056237345
0.7344508481468007,-0.3,-1.137566507747014
0.7069122134707875,1.0173,0.240892366855263
0.33718780121808384,-0.36,-0.1501875071087097
1.094275280507638,-0.26128,-1.552936513637599
0.6686063307662233,-1.95,-1.2531787252197
0.29962787902372123,-1.6054,-1.72953445730038
0.38437323515093197,-2.31,-1.99893747149846
0.5327606817389655,-2.9943,-2.380546723428873
0.814574199311473,-3.0447,-3.843149195510629
0.32442853074280625,-0.73258,-1.067482537874067
0.32050415859803594,-1.19,-1.405359310794732
1.1850599200435419,-1.23,-2.55062729286138
0.4109494772714101,0.49585,0.1445497781610788
0.43138053556607653,0.8148,0.3799647370872365
0.24346792294075917,1.0404,1.111098335893526
0.21093130089113143,0.551,0.5134283748178861
1.066996352147892,1.1751,-0.2353857150490615
0.559075041357593,0.8565,0.2131778069529596
0.7978894605502345,-1.04,-0.0379826669068058
0.4341468110917715,-0.81097,-0.5366530027178202
0.2587194685216227,-0.28238,-0.3854065173586259
0.227066810521324,0.20017,0.0437515668582584
0.24942672803908256,-2.4682,-2.341659536487386
0.1741903807274224,-1.0871,-1.180274544952392
0.4446990772431631,0.7389,0.4295577465260357
0.9683950841047093,-2.3017,-3.216633596212913
0.13304596781252187,-0.043197,-0.0157535938144103
0.21225607815165146,0.63985,0.5130811286481487
0.17433426662331158,0.61217,0.4917889429218094
0.25755202205675204,0.26061,0.1224599370890821
0.41739048872046147,1.2211,0.9983204077427692
0.43617980323966743,-2.35,-2.79651071021716
0.4101306561745769,-1.9691,-2.361265941785746
0.43532916548903244,0.4218,0.6715926493298151
0.2881382020570819,1.1307,0.9135777287216028
0.4048308933321618,-0.1287,-0.5501144768297974
0.24707245840075326,0.98233,0.965170184416392
0.1833584152962878,0.85059,0.7748466067250646
0.6300298939148442,-0.11022,0.727311570405902
0.19590610650447077,0.80354,0.89690983868812
0.40258217009717745,-3.0154,-2.853131930624504
0.22487520769208738,-0.4985,-0.3969759036122406
0.21891346064340683,-1.97,-1.88862484278453
0.9210535737712917,-2.29,-1.256268597327738
0.33510860859118874,-0.23246,-0.3402114716805828
0.4316023419850534,0.07,-0.2927447077549687
1.1619870860075072,-2.64,-1.179295620970238
0.5976017291683111,-2.2373,-2.636647710866803
0.609296331664146,-1.1482,-0.5574315623668546
1.179442712675406,-1.24,-2.532177206281771
0.19351126148985007,-3.45,-3.256695965131932
0.8974240112091657,-2.3207,-3.209424812024233
1.3989171284023314,-2.3207,-3.959802300678561
0.26302277446005656,-2.719,-2.813162141381822
1.201900728591697,-4.1574,-2.950001965836133
1.0249421505802967,-5.0519,-3.823881140796877
0.4704754181774186,-4.1051,-4.461906857543733
0.27365696295151576,-1.348,-1.546154927952442
0.25212783225313384,-2.254,-2.440727291603426
0.1556800516488253,-1.589,-1.621817769919108
0.2548528441741958,-2.0841,-2.309927327050187
0.6547564795082635,-1.0957,-1.813829498649171
0.8775921526150932,-3.2959,-2.240290343966733
0.10739652752872067,-0.98,-0.9415004120235816
0.401747401626327,-2.5972,-2.811216039635614
0.6542842331351676,-2.62,-3.258234279120007
0.2737559330329592,-0.84,-0.9802389451655824
0.22897766872425904,-1.6537,-1.807565566695161
0.46747209924687255,-2.5283,-2.01027557629578
0.28983298156980825,-2.4695,-2.326127549567346
0.1833546874358541,-2.2472,-2.275179246558316
0.35037643086428966,-2.1693,-2.011056735766013
0.7585391258806873,-2.7902,-2.010123144484792
0.29532573314427524,-3.0794,-3.321521409923247
1.1830144463980508,-1.37,-2.726257874072358
0.5271202546283429,-2.7,-2.185749644761761
0.5646733892312731,0.36188,0.1913331938208614
0.5314826726486465,0.6775,0.1298493178440751
0.7833751927496836,0.85464,0.0252084104589154
0.6970776881674255,-2.0553,-1.381453286533955
0.4869978420475546,-0.64088,-1.149690182536191
0.3318724707790943,-0.9667,-0.8403999077782363
1.0798819122102241,-0.72435,0.0043079756418138
0.140416573550452,-4.38,-4.39762491629249
0.30492236590740196,-1.1982,-0.901620591810514
0.1976845123621271,-3.37,-3.534491662500033
1.2353901306654542,0.35,-0.9642238387017562
0.16653002681267548,0.39,0.5355496005310642
1.3437701333002203,-0.44407,-1.705984515640371
1.0970392363220376,-1.3625,-0.2636594617923445
0.7006307598060602,0.72176,0.2195308013377489
1.5608912201929441,0.48602,-1.200937709747774
1.8729228308410355,0.54532,-1.651151738578755
0.9430446531882758,-2.3381,-1.558952071984029
0.44294273300232717,-0.81,-1.143467199931808
0.4047605598803965,-5.52,-5.39117134566821
0.47395412914115026,-5.07,-4.79291502127619
0.343994425841084,-4.4611,-4.512281458836444
0.6925319013495799,-2.669,-3.151272166123027
0.4280735718562048,-3.7521,-3.36466717094488
0.5252463293087035,-3.9172,-4.263198899489361
0.5863800605860784,-3.699,-3.091401153641433
0.14794612381637817,-3.94,-3.95971995350735
0.437603722025432,-3.3533,-3.18051809243264
0.3354287301792829,-2.6374,-2.700568336623898
1.075847972541057,-7.997,-7.037650511900618
0.7714384394541528,-7.5229,-6.885935678837267
0.6378810273428489,-0.76675,-1.030211807773891
1.0135127844787002,-2.1991,-3.094543086780901
1.2980101909710107,-3.834,-5.380213184934395
0.607265753305482,-3.7164,-4.514757591948316
0.989006685479098,-5.19,-6.176308811835384
1.0528539873660305,-3.7836,-4.975333982584313
0.5767719330490639,-2.2143,-1.630751345536309
0.7055680261699969,-2.4142,-1.401002684142639
0.43959130153215553,-1.04,-1.483780765987605
0.2620498902604919,-1.9933,-1.785791195744313
0.4165755846103525,-0.54524,-0.8397303116872055
1.5425540226479177,-3.5706,-1.865363417399298
1.9680904074025891,-4.7988,-2.560793011440941
1.8924320993677761,0.6612,-1.509300183211773
0.7193242733367535,-2.7251,-2.00092837940011
0.5624634870199693,-0.366,-0.908814337625354
0.2987737640878717,-1.3495,-1.442785273419624
1.224829594224599,-0.32311,-1.666770864833477
2.093249434347945,-4.7709,-2.406281106349086
2.5592840163776764,-6.3011,-3.425304295446774
0.6010648888867929,-3.0171,-3.623112999770874
0.47977761427007226,-0.90809,-1.431113315730617
0.47271399383444035,-0.98735,-1.464578431499266
0.4621691854557933,-3.6592,-4.044612122839056
0.19996277033745702,-3.46,-3.468588139141285
0.7559645352449103,-1.6637,-2.508501124742347
0.458850793851216,-1.1009,-1.534420396264209
0.6750345788543942,-2.0841,-1.555386140163089
0.042065939088845115,0.43212,0.3893403046260157
0.3661188643397237,-0.1798,-0.1062836684204417
0.2938496549426463,0.31707,0.3982817122031324
1.16860831055926,-2.1797,-3.153608052994003
2.0417290656794527,-4.8375,-2.547558564503177
1.0723429410285572,-2.8845,-2.281079576089332
2.1057921005433773,-5.5472,-3.225556553208179
0.4935194346701674,0.1773,-0.0769006058332178
0.5898627421914592,-2.274,-2.649144969270865
0.7304253763951895,-0.70969,0.170256693115993
0.9886962053302139,-4.846,-3.798630968839715
1.9902280337718523,-3.0523,-0.3082382062226723
0.6622985223219824,0.31697,-0.2182202173930987
1.6636192768729259,0.29045,-1.565513329380933
0.4343501542681291,-0.05016,0.1770603069644845
0.6543927600565672,-1.5461,-1.511453635995248
0.32680598094348745,0.42953,0.6566306739470434
0.22809103264276956,0.34275,0.3347855028458423
0.19036550071192934,0.89933,0.7988122842410676
0.6224388662629656,0.1086,-0.3750598159466196
0.33285113084657814,0.96198,0.8324564159483858
0.7783783286709542,-4.73,-4.215507665201489
2.363395782942311,-1.4997,-5.055180959774639
0.20155825141881978,-2.8596,-2.716219138694785
0.47146589588499505,-1.43,-1.918658968861854
0.4472636549094115,-2.89,-2.635708922583251
0.47836286715323323,-1.2609,-1.513020223384463
0.32805854912324406,-3.6989,-3.868784907164901
0.8882231568451385,-1.155,-2.171678366946341
0.20816121134102347,-2.6648,-2.630299058265759
0.2112580976663726,-4.0197,-3.902725443255945
1.1130817716955272,-1.37,-2.756236418065832
0.4327866974486982,-3.9127,-3.755279010051734
0.24034146198335057,-2.73,-2.678456341670098
0.8676988048219854,-6.8888,-5.842323063091024
1.4004303348067746,-1.833,-3.430272665576438
0.2724550686640636,-3.4472,-3.308148814323848
0.4642933851561052,-3.42,-2.849086489989983
0.40768970310087205,-2.7226,-3.181251098804653
0.854313542259186,-4.8493,-5.783389755046615
0.6385826833739444,-3.35,-4.008755162490695
0.30440112539351155,-5.0351,-4.920490911966244
1.1960866395816487,-2.2304,-0.5736465202071035
0.3715157775478102,-5.8527,-6.291393208134515
0.15912528847300553,-6.7847,-6.687282653875194
0.3533242738790968,-2.1189,-2.028124705834541
3.4809008095771543,-11.209,-7.751837214241814
0.6770978201763423,-3.3219,-2.62267356099431
2.1282840790392314,-4.8865,-2.019944556400476
0.23945362329187062,-2.6827,-2.643610423537595
0.773638546803095,-3.8337,-2.798233424350914
0.6929794072136819,-3.1076,-2.240429582351215
1.3486853160960508,-8.0872,-6.942296639878794
1.1199138387151635,-5.82,-7.215630708122864
1.0631036604196111,-8.65,-7.555767781526295
0.8687078187435244,-8.2987,-7.505200497179124
0.5977420406953167,-3.3825,-2.772801642519126
0.5498897207747118,-2.7171,-3.283909490798899
0.5126282726406992,-2.6927,-2.170988601119989
0.6030322672858545,-3.52,-4.074996960939364
0.39414580127689525,-4.5452,-4.768188226549793
0.5359853099286787,-7.8693,-8.209175766396788
0.6351229958279796,-2.1567,-1.471427829588813
0.31149422228666324,-1.8872,-1.857935026189418
0.8388728174721956,-3.3555,-2.323430978577578
0.18283186769181556,-4.21,-4.219377059258995
0.6959887162774426,-3.093,-2.195903440426995
0.3050923077024697,-3.89,-3.859225155718367
0.4158753885102355,-2.69,-2.925360255886407
1.8053474703765653,-5.1597,-2.539544967798745
1.2801361378127936,-0.3036,-1.751255798012507
1.137476412975338,-0.3036,-1.46649741119741
1.3743696049805205,-0.87546,-2.523698109884982
0.4478953843701081,-2.1848,-2.313656099076411
0.4426087661599649,-1.93,-2.231197841947291
1.1313118741279917,-3.2285,-4.333230280093671
0.6630298560389946,0.176,-0.4070361666100097
1.0260153294792054,-4.16,-5.230352024914914
0.7334315679025282,-3.21,-2.539108257894366
0.5724050601030963,-3.1749,-3.613297780582915
2.076621867294575,-1.894,-3.903966187267952
0.20457621534388162,-2.9906,-2.854047941660586
0.6413637992041481,-2.34,-1.605984350632736
0.5546359763609314,-1.2863,-1.926211214370156
0.6865930325024615,-2.4945,-1.911807547112044
0.26491082428240764,-2.2177,-2.36332789305234
0.2896489189614455,-1.9581,-2.095821852368277
0.31870743948299557,-1.964,-1.706224480479435
0.3979971577311854,-0.7403,-0.95584191717532
1.196815768576554,0.15953,-1.259363184515737
0.8668572908812906,-2.8516,-2.073692297064161
0.7965689059572089,-4.2583,-3.447479039187015
0.3746027966542131,-0.27,-0.6388339418742437
0.13722124255539384,0.43981,0.3742107563582541
0.3998950545742515,-1.1709,-1.333233018752472
0.6526784164937309,0.64916,0.2285785790878159
0.5991395958069411,0.58634,0.121591460847895
0.7535794372289436,-0.43903,-1.346771227513649
0.4232970108928715,-2.1053,-2.153336289893935
0.23718685921132515,-5.7428,-5.525674660690841
0.23771495147964694,0.23732,0.375047475934467
0.400989396901734,-2.3354,-2.691227796556124
0.7248128680288417,-1.1912,-2.024909359594435
0.6855743191486566,-0.37,-1.156782318476586
0.35478407715862675,-5.3125,-5.035764462973328
0.3664639686606288,-3.32,-3.057693898314297
0.7965689059572089,-4.2583,-3.447479039187015
0.6136985509825554,-5.5422,-4.861539728829111
1.3216849997129447,-3.7876,-4.504931815197276
1.2708835833560284,-2.02,-3.538880535713266
0.37996800357590116,-2.21,-1.949934364767129
0.25082363941990865,-3.0005,-3.172675230780825
0.18385992880118224,-3.1498,-3.149121801381702
1.153532613147363,-2.83,-4.297623342628044
0.5120450702115845,-0.7953,0.1905830911762485
0.17852435222955365,0.61,0.619075807755221
0.5729384454283268,-1.2045,-0.6771096554626739
0.2535632070295537,0.179,0.2257563640505552
0.21470810511562935,-0.3328,-0.1856138092604239
0.3122725521950018,-1.7308,-1.582776895533495
0.6947999070359008,-0.68965,-1.26604137555228
0.14854717771500497,-2.7939,-2.823831185230905
1.2143516382737436,0.38,-0.9812055905810172
1.6337090591931909,-2.1578,-4.286413117917883
1.185117596131525,-5.4675,-6.325558945076611
0.9965923655492638,-1.4795,-2.499648158942877
0.2938154721698757,-2.0733,-1.777782968939136
0.2499162577040489,-2.4163,-2.522260803039449
0.887813988934813,-0.03,-1.004659888936721
0.5412510291940906,-2.4222,-2.112445695469369
0.13722124255539384,0.43992,0.3742107563582541
0.6593065545297375,-1.0665,-1.758806197925392
0.5023270634288391,-1.96,-2.353234518058815
0.5879250980586572,-1.31,-1.667655667629435
0.7571849583113343,-3.6676,-2.613640344733952
0.5439719038174367,-0.4,-0.8291892805922989
0.4851500009510611,-2.7141,-2.284855665103104
0.13680565604356112,-1.4256,-1.446848959354457
0.6210951433232256,-1.2983,-0.6120732824657646
0.562002578793193,-4.4933,-3.998932391140134
0.4104083026461015,-4.0672,-4.45693884141777
0.3433320606860497,-3.2789,-2.94257096718937
0.4522088613824859,-1.9382,-2.438739699802842
0.3379184601335335,-3.4719,-3.159755808872316
0.9201023869236932,-3.1808,-2.121238119799564
0.3186870033334025,-3.85,-3.75497582126666
0.6995712131807678,-2.7501,-3.522513954607838
0.8014760141789128,-2.6774,-1.906161885113594
0.5232316603987175,-1.3905,-1.917328342779694
0.7658794478245972,-1.5724,-2.13215491550399
1.352876705952812,-6.43,-4.724226245758869
0.6526784164937309,1.0946,0.2285785790878159
0.22248044644471043,-1.2326,-1.38096490268857
0.30739584090599703,-3.26,-3.070914427922419
1.061230257006648,-1.3743,-0.1037910765699803
0.21044744630044668,-1.47,-1.312365850941809
0.39794858713482256,-1.3884,-1.605559218861131
0.8548650852644006,-5.5656,-4.532129233231551
0.15329078486104725,-1.8263,-1.7974335348347
0.45462965353535123,-0.18,-0.5770925709190621
0.5120450702115845,0.0767,0.1905830911762485
0.766511309012349,-0.4874,-1.193841132991839
0.582456113274513,0.522,-0.1519430877979528
0.3582353827083562,-0.68,-0.8659078968719832
0.3086855932795083,-3.08,-2.888225009730525
2.0939520270583856,-9.5083,-6.852579369529455
0.2791925603987123,-1.821,-1.649502232636565
0.12865017385686114,-1.8614,-1.83944752500467
0.4094932503974276,-3.7527,-4.045493073259703
0.33737928006969115,-3.44,-3.491092193156811
0.3856916812217779,-3.1435,-3.470923666989252
0.19544371476564557,-4.4491,-4.52351045970771
0.3064458723916443,-4.4491,-4.641902833743499
0.629081201567137,-2.6388,-3.354187420366513
0.3175543476518563,-3.0813,-3.339483288467069
0.2660740722755988,0.61488,0.4906085314920745
0.575689313768707,-1.8611,-1.364003751691513
0.9582556530421743,-7.78,-6.787048904804895
0.3202362631352855,-0.84707,-0.6252776632078554
0.2717059204019235,-4.4806,-4.4018727726211
0.2723057293007005,-2.81,-2.570402449909003
0.6578935516062484,-2.8725,-2.378859426031969
0.3408662292834465,-2.4081,-2.65861710758056
4.419990926464208,-6.6832,-1.210781272286895
0.7271770163652197,-1.9532,-1.06898328268316
0.32732613181470954,0.5007,0.495362851724965
1.7971425841333115,-1.9666,0.3357013528907245
1.1828350184498868,-2.7742,-1.05248756955365
0.7275390595675705,-0.0256,0.4969882149475987
0.39839911700820707,-1.3011,-1.005198122804836
0.43180942617708595,-1.79,-1.923211516922795
2.128094133336839,-1.96,-5.176322892869806
0.667488642078704,0.083568,-0.6629901401364622
0.5889367003338002,-3.0816,-2.459548838161806
0.61869015923075,-0.85617,-1.451293546087771
0.44850283108688954,-0.72718,-1.170667829949223
0.38236806535536744,-2.6954,-2.747151319808748
0.40042942701036177,-1.3011,-0.9778435573050054
0.23239284826981144,-2.6198,-2.776947726263877
0.090575591007181,-2.94,-2.976329582832619
0.09741590191493747,-2.97,-3.012274397885935
0.22923848254905,-2.3617,-2.607467892133792
0.09452376024049461,-2.62,-2.582237697180504
0.334447042191728,-3.9283,-4.23087008449834
0.35884795503496103,-2.1124,-1.86078916349692
1.1840833372533461,-5.0963,-3.867542523459398
0.24330840541810694,-2.7656,-2.558679172480193
0.7149345316044443,-3.86,-3.051780757367353
0.39008872064990663,0.4255,0.1162172028665131
1.0522526620127506,-3.452,-2.595356940645982
0.2188857099089157,-4.57,-4.493595348974491
0.7561341721047529,-4.57,-3.857832358566155
0.08169508006422532,-7.2913,-7.352604782658578
0.09199206435554802,-5.993,-5.994801758584455
0.6763752967979941,-4.4711,-3.68175066139872
0.4827535862834085,-4.2169,-3.758578850207646
0.7720508625664501,-3.5782,-3.28509659225332
0.5104097482567918,-1.5917,-2.086796076478313
0.25874999803915627,-1.609,-1.44713697281983
0.5104097482567918,-1.59,-2.086796076478313
0.8152259637161449,-4.9216,-4.080542950625962
0.43115426670325535,-4.8108,-4.984621009113622
1.0335276843597112,-1.2605,-2.570292713404235
0.9868401768549326,-5.8085,-4.514292797940723
1.354565662287211,-3.558,-1.727448666791911
0.25339146004093044,-3.5032,-3.37467512153356
0.20723826412046864,-1.2558,-1.208450073514677
0.4438723416339841,-2.45,-2.779467244709206
1.0427589194781444,-2.21,-3.345025230367415
0.3121643791433398,-3.0689,-3.334090081224261
0.12497802826561845,-1.9688,-2.023657019218132
0.7019526640370551,-6.5651,-6.096128939898189
0.6565595843969309,-1.6687,-1.088817288135822
1.5195416847165006,-1.1448,-2.771625969495607
0.694435533599831,-0.89516,-0.3849164679758651
0.8452701723171279,-2.95,-1.886815461581657
0.5536626215408651,-3.0993,-2.51586365112987
0.4087236875859559,-2.1183,-2.54158972043724
0.641208491038661,-2.9356,-3.673893184156039
0.3612538275899672,-3.3988,-2.989169835377779
0.1239338480988927,-3.664,-3.702840300501077
0.166516522837577,-2.5978,-2.640139399754206
0.07719869423011669,-2.3305,-2.400849628083217
0.3530137887427387,-1.7964,-2.176369082363774
0.657627121360755,-2.812,-2.14897208944617
1.0114888516074643,-3.5748,-2.341088391843086
0.269609139881143,-2.96,-3.053399916057414
0.5900589337934043,-2.3698,-1.752071858774567
0.5822328480745841,-2.4842,-1.906914969696294
1.5926900232221803,-7.0464,-5.108097194998207
1.3249693735077128,-3.5838,-1.818232894097144
0.8480684443653882,-3.8424,-4.664595607963804
1.1470064900407246,-6.6637,-5.457140454702621
0.5212251858476669,-3.5911,-4.107613306349341
0.49208859737497057,-6.0548,-6.142293683641651
0.6964204780844567,-5.0214,-4.693818485676922
0.9875561916756905,-4.6442,-3.646015828013148
0.7955475674907728,-0.81716,-1.556619728899835
0.2504481996517632,-2.5667,-2.356570385947769
0.4028197300162242,-1.9422,-1.718882643559811
1.7537090211866044,-5.3647,-3.471766444480028
0.7476355464883278,-3.14,-3.183553817321599
1.0394872303079392,-5.05,-3.828540279429306
1.7384728283769564,-1.2751,-3.601235445050603
0.5093425424561778,-0.33471,-0.7532405796236257
0.4843376075495043,-3.92,-4.167489193895079
0.11986019889267407,-0.8783,-0.8839546610982245
0.3926631688502885,-5.9504,-5.597660854627936
0.44846524558314593,-5.9003,-5.594397501312047
0.4612128833996622,-2.937,-2.589330499406194
0.1922037908837066,-5.2594,-5.360331697571741
0.6515473544625118,-7.7274,-7.682003999653968
0.6665686019482014,-1.7025,-2.135328945815752
0.8627392356600322,-2.5259,-3.433465004125504
1.1448046127437734,-8.6957,-7.389200285914644
1.2415487101348908,-5.4947,-3.979535108310263
0.16262728802538676,-5.4013,-5.501393896883275
1.435609632959589,-5.8892,-4.196014677591712
1.0926008553336974,-8.4761,-7.305157832663824
0.7235646463979222,0.2572,0.4687262450226394
0.2913994263875335,-7.0666,-7.183682197680492
0.8256004867602295,-7.4818,-6.459892730695005
0.33521134020466015,-4.4213,-4.534230363367374
1.1018653123971074,-4.5248,-5.427869732420024
3.7155909922765527,-4.5096,-8.383407220470657
0.6404362591046516,-5.3093,-4.553015089892927
2.5911669846225647,-4.4504,-7.492298429940876
0.765027958709705,-7.3599,-6.709618948583817
1.7301063233393332,-4.3992,-6.100230264155789
2.5232451069058306,-8.5133,-6.32665490514826
4.055808129014976,-11.531,-6.27230970078911
0.23905606419150885,-4.1675,-4.090285512967257
0.5103520066074602,-2.8942,-3.456947815121785
0.3477658280452868,-2.106,-1.806180178066019
0.2773935490548814,-2.4719,-2.538064508044682
0.9776957730272064,-5.54,-4.407805451165516
0.5922887152934492,-1.72,-1.144255859664615
0.8440383712011733,-3.7799,-4.676183209142907
0.5505602417792603,-2.5129,-2.040563802665043
2.111883115719919,-3.9387,-0.656369663637778
0.3703091720589496,0.54307,0.2309174627007995
0.6381297241632747,-2.6509,-3.146445075469327
0.5375533073607712,-1.5872,-1.01651519386185
0.31392269878147877,-4.8832,-5.039729839215195
0.31276814639222517,-0.2225,-0.5530394608382533
0.36599064094362377,-1.9706,-1.711726093252155
0.3777650998388693,-3.1088,-2.764238815172635
0.503569171824295,-3.882,-4.441768931903323
0.28657153498384774,-1.5478,-1.338863202358048
0.5505891788430188,-1.0831,-0.4352967715504447
0.4830650339223313,-0.9702,-0.4705866678726907
1.1015530266103237,-3.5629,-2.033997274308387
0.5663330406838383,-5.8639,-5.625563256225028
0.22083647351344,-2.475,-2.467146737678243
0.19112832898198065,-2.6581,-2.671970290494637
0.45799365093313166,-2.3591,-2.743412581893503
0.6496748520391786,-2.5038,-1.8820602495096
0.9407088267580623,-1.9252,-3.1767140478528
0.1748779811102156,0.36,0.1901959271764288
0.6646813814348127,-2.4352,-1.902548754286792
0.26452617792007255,-0.32868,-0.5007177195426336
0.5407566501924914,-0.47539,-0.8517777709484311
2.115318403939608,-2.8474,-5.675013566214358
0.43635364454527475,-1.0737,-1.356316446208075
1.215005178751287,0.63288,-1.114598528814574
0.7120474087103469,-3.9583,-4.504100884474097
1.6517322759228836,-7.7633,-6.029192715037568
0.5438875355922274,0.99949,0.3937112363757601
0.2520208839055224,-0.46147,-0.2809778630284562
0.20888856913713458,-1.017,-0.99639007888841
0.4674986917948828,-2.2652,-1.877074112220788
0.5727739561063765,-0.4168,0.1159463253010291
1.017874174194429,-4.4653,-3.299587686084835
0.9993310238570924,-5.1654,-4.007756944743287
0.44157752096771746,-0.99309,-0.7629152701244937
0.2892568144180855,-2.96,-2.698278880908914
0.5107225494341763,-1.2036,-1.654320711646905
0.9488213875346186,-2.4688,-1.073403374428521
0.9488213875346186,-1.5072,-1.073403374428521
0.33212721764032543,-0.76,-0.6541985343484154
0.9185898346791613,-2.0289,-3.214800328440683
0.38999312548684345,-3.5591,-3.367704404171577
0.8989592854665187,-5.511,-4.581031996131785
0.5498210852397596,-1.4242,-1.877134729456556
1.699677555412664,-1.99,-3.599448873420366
0.5208523745607717,-0.84265,-0.4448925322669759
1.2276374933170573,-4.0127,-2.558403287124454
0.2738900397198111,-2.98,-3.262213962936563
0.5123322971054017,-1.0931,-1.484531544206655
0.7576512515367787,0.15536,-0.7302617382840296
0.5505149563577802,-0.88333,-0.4367662757512489
1.023692643496541,-1.7827,-2.934350725925487
0.6443292029819934,-3.21,-2.673576062110016
0.3618354715429476,-3.4792,-3.142123299712386
0.6878275326623509,-3.3871,-2.50392486551937
0.1405308692702821,-1.2298,-1.198900073129997
0.9132715467023644,-1.5244,-0.8573620949267581
1.780354220191215,-0.58948,-2.780159378112741
1.7154366424290088,-3.8,-1.620515307611347
0.18184170115276377,-1.204,-1.141375964750665
0.6995967663862244,-3.95,-3.281417831300979
0.999805553675253,-5.17,-4.128348432961698
0.8570790306765356,-3.1237,-2.107080109701007
0.38822254307784165,-1.7136,-2.003554716811309
0.17891926367088687,-3.0329,-3.175869367855256
1.0090924451402332,-1.0339,0.2384751335332601
0.6123660954409627,-3.22,-2.532549052676139
0.4411803012572776,-4.2729,-4.629378866021491
0.8661829505180374,0.57149,-0.4177993710806455
0.8613820752686233,-2.7823,-1.771357332128387
0.7562065075350666,-1.6495,-2.404093486622369
0.7243805845426978,-3.1736,-3.971008910346776
0.9726294814707122,-3.95,-2.98506742531498
0.47649161676501,-3.85,-4.128552787592634
0.7093695374570186,-4.45,-5.076521554528926
0.3779366622200759,-3.2308,-3.453706329373932
1.1593664489843252,1.2363,-0.2582409857868774
0.802127749302143,-2.2674,-1.324718864431685
0.9311943901914449,-2.9512,-1.824341358459173
0.7941887978371892,-2.6354,-1.689889270959947
0.3817223818917903,-1.3402,-0.9845981004534416
0.48519680765716766,-1.0003,-1.044608615701158
0.18156840927549492,-3.8642,-3.877285553990758
0.4192843807803126,-1.63,-2.032081058867684
0.16850153362168757,-1.9736,-2.040098427464274
0.6587622613509252,-2.4423,-1.675248246569245
0.1819149207726849,-0.86,-0.9814565401599352
0.7032923940300144,-3.1477,-3.891762062170349
0.3415860974620293,-3.1477,-2.931210075252411
0.667278908175013,-0.9574,-1.709266169406351
0.23425294838039132,-2.86,-3.005000997457357
0.8239070903565981,-3.3228,-4.274336909046992
1.1339058649464018,0.013004,-1.149066480385758
0.43729171806276745,-0.65346,-1.116444110686808
0.262806810959268,0.2672,0.1686245633449577
0.6125618805553508,1.2564,0.6708497474619644
0.2379061705111036,-0.98348,-0.8965510629199102
1.4105979863169082,-5.413,-3.630144877645495
1.2195645656958063,0.85972,-0.545656573493384
1.5829221614260955,0.76661,-1.41686980646314
0.26515519455379316,-2.5877,-2.735164181636621
1.028344574925258,-4.6835,-3.553469039361398
1.2162987738745437,-3.7998,-2.230516636912889
0.2798700262165433,-1.5462,-1.42324829994506
0.42242495221069987,-3.75,-4.140098555612197
0.1379291273602935,-3.4875,-3.56779040730628
0.4396737288064901,-1.4624,-1.84548445887065
0.6027369875247995,0.9351,0.4794707734115734
2.355695697804359,-4.2461,-1.689943168373178
1.346320454148046,-3.7451,-3.771702091055016
2.760512944620125,-3.056,-5.592259361928011
2.3281723542049177,-6.3076,-4.036246664842774
1.263335975736188,-0.39664,-1.275421374138289
0.6500249220551692,-3.2621,-3.769466067723324
1.5206014819473332,0.2984,-1.342844038739194
2.2784497465123503,-2.7929,-0.0599734749645735
1.214988347712993,-0.087766,-1.149149197625571
1.2960572377820143,-1.5161,-0.3088313861507782
1.280622319127521,-1.1625,-0.0012169860700575
0.6219752444665583,0.1076,-0.3268303972640949
0.8276717080238788,-7.8955,-7.056077306130105
0.25926862463325606,0.7643,0.6926359362001219
1.105263964065887,-3.6344,-4.664414379298857
0.5048048183053937,-3.4002,-3.27245870448058
0.6923142507587208,0.86267,0.1526267482454693
0.5251188956171255,-0.81472,-1.277570320862325
0.5801521663685566,-1.549,-0.8725457606359549
0.40171897725116323,-1.1624,-0.7649689363072503
0.3259593598926243,0.73152,1.01327411690191
0.9563627076427187,0.39212,-0.6542107651360052
0.9215694774171344,0.065952,-0.4948765088214608
0.39611319776858506,0.12633,0.19504408611241
0.5060365197082022,0.55343,0.6394249161627573
1.1876258347967936,-3.9795,-3.533434453290265
2.3660843438188848,0.45712,-1.710603188316814
2.450369272871124,-3.0742,-4.923655042005521
3.7421640978968513,1.0415,-3.377043066419833
0.937438036878349,-3.8256,-3.296572321322209
2.3410610954681363,-4.2547,-1.115498277125448
2.4238640946579526,-1.2315,-3.888711891221704
0.44412359454843964,0.45578,0.0700473753016834
0.7836385266562172,0.22865,-0.4435042671867364
0.3117784948931916,0.55694,0.5881475302992747
1.8217953706286627,-4.1956,-1.886514483425701
1.2638594231945506,0.12551,-0.87508893126767
0.3731629079941119,0.66289,0.3314402217640323
0.7769207463733129,0.48655,-0.244597893563049
1.0486084164482872,-6.1418,-4.860193638348091
1.4764095219758182,0.10752,-1.674737266300587
0.2779928557764651,-3.28,-3.335545830868671
0.7484021286258974,-3.319,-2.363167796061119
0.836886574381863,-1.5,-0.5353534012103196
0.5209925970605864,-1.9408,-1.581513830448922
0.825340710278205,-1.5,-0.4682369750641482
0.42695773185707486,-1.8853,-1.555045884305978
0.5424163100169946,-2.8629,-2.737450270343087
1.0179371763031977,-0.44,-1.563385059868474
0.41621522386743787,-5.01,-5.295901926055985
1.0441818183514557,-3.448,-2.310091855401612
0.537038980575455,-3.17,-3.697745025022875
1.5501640353525648,0.45414,-1.561549786077043
0.5499691035020899,0.6765,0.324000019670525
1.5841110645511398,-1.0593,-2.709438690489326
2.2784054054973626,-1.163,-4.518390020850833
1.1084896626358072,0.5402,-0.8063999413205025
1.683046197703912,-0.47,-2.723334788372117
0.4845259981635626,-4.6725,-4.712382968281577
1.543376406009723,-3.0802,-1.061326566715199
0.9763756640806754,-2.4298,-3.435734313747272
1.6573794787901255,-6.1369,-4.099968866341131
0.12022925808654744,-1.7422,-1.807700384471943
0.17310740150569334,-2.7849,-2.772762996684012
0.46968387833157577,-5.3042,-4.858383623663985
0.12275216862293169,-3.7398,-3.682637923546151
0.4783686174810178,-4.1871,-3.915663302959075
0.19538554891387552,-3.2767,-3.054461201818616
0.10937002108622307,-1.6538,-1.545204843423912
0.2881319528823689,-1.827,-2.161327119643367
0.34877150829196557,-1.827,-2.224719054248524
0.3956863315866823,0.768,0.4185161707784067
0.405582112047792,-4.9244,-4.684206802578809
0.32854850996773216,-4.083,-4.293834793316345
1.3970952338757094,-2.2596,-4.043397341504302
0.3038778857559012,-2.4925,-2.763889281384536
0.20280852090064294,-1.9313,-2.148791385650751
0.4810148777929379,-2.5032,-2.918274449904076
0.6965290959742899,0.83375,0.2278204101117114
1.421057844448948,-8.883,-7.221277272357579
0.1749695631287037,-0.11,-0.2091660129804062
2.033291210403194,-1.55,-4.091344532823155
0.3223701682191631,-1.6556,-1.376659444840267
2.26933631752661,-7.03,-3.514994442271285
0.7952998367506331,-1.7082,-0.8320203852388248
0.22921179923234175,-1.7225,-1.522417747866373
0.4431164587039816,-0.517,-0.3626257968277335
0.18016160516944985,0.7,0.6394111521816135
0.17544650767799141,0.5086,0.2839310589921707
0.05223430562308615,-1.84,-1.869051437328307
0.2833241516163623,-0.41,-0.0718294787612082
0.2561659042836788,-1.8951,-1.72009027782033
0.0997270642441165,0.34869,0.3512502711742206
0.23658419688244167,0.4433,0.5239896528501609
0.4655078800764278,0.35208,-0.045604869103131
1.0640996246536005,0.075929,-1.318004477795641
1.3110409795584537,-5.2675,-3.693982678291452
0.2707515635830481,-3.55,-3.522123004956357
1.2353901306654542,0.12435,-0.9642238387017562
0.3866811288144331,-4.23,-4.154007165848281
0.312167545887706,-2.1087,-2.045970527306675
0.312167545887706,-1.7726,-2.045970527306675
0.612193740624859,-2.0659,-2.71018674592492
0.49110606987334415,-2.9772,-2.345681007132006
1.0420577349381,-3.9756,-2.638224403699532
0.3573299960423014,-3.1666,-3.540223739917882
0.25808078697522324,-1.715,-1.817749442420656
0.39801597774571024,-3.3241,-2.884375067153402
0.6488851301501977,-3.08,-3.693362027155366
0.9902000900943625,-0.54126,-1.807906946258488
1.1150056637541352,-3.8292,-2.930905326116001
0.3075590971689148,-4.8145,-4.951009928738916
0.20665690430060746,-1.99,-1.973264923287431
0.17326108994727785,-5.7819,-5.749595274607547
1.0401143019964842,-2.624,-3.937180022963658
0.7766330149755529,-3.8292,-4.411428899925231
0.19051419316264984,-2.205,-2.317603248948719
0.15750659668436884,-2.2185,-2.269370578956456
0.327100704034615,-2.7705,-2.946421223117734
0.6325069954987558,-2.7279,-1.860567844744003
0.9845968104867713,0.54213,-0.5439363758927823
0.7201675780589321,-2.54,-1.86436120756557
0.17725537762810628,-4.02,-4.005092590447815
0.6175884587664262,-1.66,-0.9301880889669104
0.2401677487180706,-0.4424,-0.632230463103229
0.35292507635021386,-0.25369,-0.4696294087757862
0.24534987756285,0.1543,-0.0796411909256486
0.47732004410538326,-1.5509,-0.9570878267942536
0.4431164587039816,0.3722,-0.3626257968277335
0.3446962375077382,1.0779,0.8413106446141377
0.27514775685372816,-0.65037,-0.4825287847683125
0.34515407049965063,0.77944,0.5549184844443005
0.5661463056763699,0.0119,-0.5572047772286838
0.70443368486501,0.71161,-0.011394766759233
0.7632695756779496,0.8534,-0.0120186374586534
0.17175287932279615,-0.29,-0.2738956641199629
0.12365648937693101,0.96206,0.8853413795831293
0.10704791260136068,0.96,0.9866891851996472
0.4060004042383569,-3.74,-4.067287775970276
0.544226039846253,-4.61,-3.841646413417743
0.44620049609065526,-5.22,-5.408214814156751
0.26646499628100884,1.1303,1.263548396740265
0.07247826758034655,0.64,0.5763656617219817
0.43589035857233893,-1.46,-0.9851747997549968
0.2833241516163623,-0.055,-0.0718294787612082
0.8671527230122698,-1.11,-2.130694451484268
1.963064731621383,-7.71,-5.369632777610385
0.1680836483691235,-4.09,-4.026474353415663
0.5941549281828703,-0.92784,-0.3325481226801124
0.44234577034857436,0.20769,-0.3554939809911818
0.706368262094562,-5.5109,-4.789206413205482
0.2145285383617511,-3.8203,-3.801611243340704
0.261520076530575,-1.02,-1.153852025313821
0.4527276992281266,-1.14,-1.596172727109107
0.3891505811098716,-1.14,-1.414574795812032
1.0438446642940182,-2.502,-1.258228677696132
0.7284663379456336,-1.99,-1.078074444262445
1.4003627445860454,-5.813,-4.145494954106075
0.5329520259111525,-4.5976,-5.04417297081077
0.6331787036433676,-4.634,-3.889503783231194
0.26698217342257075,-3.9507,-3.724273321927636
0.28920160296735403,-3.1772,-3.378422697162638
0.9114252165615333,-0.7552,-1.736449318624205
0.25537828695960046,-3.1648,-3.373296253346038
0.9033436650646433,0.097683,-1.182870768640022
0.31473126288823794,-2.5401,-2.442941266134932
0.4425278339311124,-4.0736,-3.855923583091851
0.5336120261398868,0.22889,-0.2117071672021826
0.39243074401057415,-0.080641,-0.3843158928471495
0.2610316266128187,-2.5401,-2.512300406270799
0.7085389695913838,-2.93,-2.177583460712894
0.7607812621730063,0.078525,-0.9153049395007572
0.9389374945776341,-7.6235,-6.685764619647312
4.554308596059316,-6.5687,-0.2619337060536582
2.353459677626895,-0.11129,-2.897080398983968
0.9182412332259954,-4.2145,-4.992901328666614
1.3633596457137132,-2.3407,-1.144559781589462
1.4522850279234234,-2.24,-0.3131268637998432
0.513865151875189,0.9635,0.7818906270175359
1.0822026606672073,-3.292,-2.600149082798222
3.806139254671167,-7.1551,-2.286946053278322
0.7504291248062809,-5.6562,-5.11675634847504
1.408652305597669,-1.9107,-2.96650941939513
1.921376870828179,0.39671,-1.916217335127468
0.6526158368264933,-2.2711,-1.726087430177154
1.2785560028043568,-0.56877,-1.073726011138173
1.127450048835395,0.69493,-0.0303581379085262
1.47961152313174,-0.027457,-1.199209784888971
0.6786267433925985,-7.1131,-6.973773520384647
0.5780863737802803,0.77377,0.1428230686008961
1.4344694205713204,-3.3235,-2.101992071061605
0.7168710504682992,-2.9093,-3.667103242394088
0.9878845574474387,-2.699,-1.541304560941974
0.958745487784924,-5.0153,-4.478199755350698
0.7300057097530499,-4.2046,-4.446075119501622
2.5287344870896358,-7.4325,-4.053715494903214
0.5895510271319652,-5.3051,-4.680056930651033
0.4311569146413602,-5.3676,-5.119135774332151
1.9137662310834591,-5.5354,-3.5344124933533
1.5160804129692227,-5.8938,-4.265208008657071
0.8193306027133193,1.2284,0.1101049591585928
0.5211168522777802,0.93522,0.4089611746941682
2.22085216774106,-2.1582,-4.795041365612863
1.4431359933220151,-5.8055,-4.48832063478478
1.3709160860011855,0.99009,-0.5043448988368315
1.6738320265351831,-7.6349,-5.436740765847278
1.2927739226564847,-5.0353,-3.739132042918408
0.6547424664513963,0.019283,-0.4920921174834607
0.5198080098749392,-2.8588,-3.240692532457849
0.6790235546466229,-5.5588,-5.248870533121112
1.7948366831838876,-7.2627,-4.941842256246636
1.7768673431285054,-6.3503,-4.618722383717002
2.9113831759982505,-8.0625,-3.958380809511354
4.41380305884297,-8.8284,-3.271899405507355
1.0886258443189814,-4.2859,-4.84090740038553
1.9889481442357897,-2.9676,-3.855261391503706
1.3006757179594957,-6.9837,-7.759269398993949
0.7450910034662054,-1.8306,-0.9504632172782204
0.2950169101410282,-1.9023,-1.732173488478725
0.8344004181378483,-0.8196,-1.71413348805459
0.15098327202421608,-4.0205,-3.99990864487759
0.16924185657300306,-3.8703,-3.978517439931817
0.4212825969757806,-4.494,-4.884572825012699
0.2758655113544358,-2.6513,-2.715223032753631
0.3377753890446133,-2.3014,-2.689332401292067
2.567737013273776,-11.3223,-7.594749798595817
0.39933038234758583,-1.7931,-2.128461131415176
0.21505101102432764,-0.23372,-0.3362064855908971
0.4149731645446257,0.17906,-0.2310086021344151
0.310155068048966,0.25518,-0.0622214092989194
0.3380741302321607,-5.345,-5.613670082839089
0.41702956126049856,-4.5068,-5.011558374580463
0.23079105444529835,-4.8339,-5.116708767970257
0.6568875179972667,-5.6,-4.931822092698699
1.3691809065979172,-9.7256,-8.018981478470579
0.590234955543274,-8.06,-7.631635271617745
0.4750714258669084,-4.506,-4.03860491164837
0.16098830280779694,-3.5361,-3.307652543440512
0.291308827328807,-9.3417,-9.209102074962171
0.29356549874568794,-7.26,-7.35229794135984
0.130905639121981,-4.6143,-4.440206211398702
0.06397803196904076,-3.5361,-3.493483634839084
0.29213222271310374,-9.3417,-9.100254940847291
1.5576769897472476,-12.0011,-10.05644590248185
0.34165538453127076,-1.2279,-1.610371941873201
0.6145568907725821,-5.3844,-4.882780340694422
0.12400454423651061,-2.7902,-2.721570773557789
0.48117768313333104,-4.3351,-3.860714508692822
0.7817047639547821,-5.51,-4.713933617198951
1.0017576007281888,-3.23,-4.306728280594368
1.0730574337620704,-6.0149,-4.691173206410593
0.2308066998502456,-7.16,-6.959694852841841
1.2673229819516638,-4.27,-5.78458091778662
0.2133922704865088,-3.9,-3.732928813466279
1.0706601929928306,-1.8907,-0.5845409376317581
0.40798346472487673,-4.2324,-3.899952728793354
0.43193135607416516,-0.9456,-1.247163849559779
0.21466984327773844,-1.1927,-1.10483906644169
0.07290815987294284,-1.0366,-1.027985803081558
0.21525703083351483,-0.92363,-1.102527820480282
0.9022294684975499,-7.6594,-6.786346918878622
0.7817047639547821,-5.5085,-4.713933617198951
1.0730574337620704,-5.49,-4.691173206410593
0.32390897925214696,-4.7913,-5.154937573530574
1.0336699427145057,-5.67,-4.742348631076025
0.17710540241263023,-1.747,-1.783734725577742
0.08676577249617186,-3.01,-3.05270747973372
0.30385218401732134,-2.983,-2.664243767449708
0.6770481762066355,0.61855,-0.1676348080668532
1.270419213773965,0.064457,-1.427937079019787
0.3697821520559568,-1.4959,-1.885675649249961
0.3306067699542216,-4.1376,-4.007642505318675
0.1120483844301605,-2.4865,-2.440712429148881
0.5344467330945769,-2.9448,-2.584765764062805
0.16142244799065927,-3.2307,-3.178483826525018
1.179883240675519,-4.7239,-6.002375741966567
0.44652071844251223,-3.0598,-3.455403688502065
0.4661209272960849,-4.3251,-4.635678960533466
0.19058542062499037,-2.5627,-2.4691860731113
0.5090296502303263,-4.9915,-4.72389102779015
1.6658545523190467,1.5682,-0.6250195723217353
0.8821319424952351,-3.6768,-2.927450720900032
1.01031245730338,0.51032,-0.4595818862333174
0.8910037300421872,-4.09,-3.099939001288428
0.7136378656958735,-3.15,-2.523557475846036
1.251328495682328,0.5812,-0.8607949633956797
0.40601985550702,-2.8737,-2.776163307243503
1.1681188371481868,-7.4309,-6.772558045054696
0.9175014680395696,-3.5391,-2.595053914374645
0.5167578644118918,-4.275,-4.716149048693481
0.2059794704286867,-2.7464,-2.597565930013081
0.49682926892754187,-6.3617,-6.059585476907896
0.7276915552674297,-4.5288,-3.946697877627769
0.36124556456933965,-1.7769,-1.534096436146671
0.29378367527335586,-3.2,-3.063269124375862
0.3035127720256437,-2.4747,-2.083495460959826
0.4041790805033822,-0.605,-0.3067305864638635
0.756150825686546,-1.79,-2.574364057925859
0.16537333007768834,-3.3964,-3.384603746367288
0.17232558262642342,-3.13,-3.282330393894592
1.0851978286880088,-4.2515,-3.156081143392856
1.0880799031205621,-4.64,-5.113611491916495
0.4047157911858283,-3.9037,-3.666119890948201
0.19830652917226987,-1.9302,-2.104783761972784
0.20220802342610156,-2.9196,-2.991825737776471
0.07548042495561584,0.41202,0.2401922907749127
0.03666224158068556,-3.82,-3.802941435801604
0.6096941378840708,-3.6662,-4.508296454202052
0.8142522830166192,-0.59507,-1.608920270126931
0.6362082640173504,-2.3455,-2.835915163545466
1.6528788210717575,-2.932,-0.7313525761828804
0.3485492562787439,0.554,0.5502253103457091
1.0122607365551624,1.097,-0.0240103007112792
1.052562769483437,1.1612,-0.0063534297097687
0.6997720420918745,-5.26,-4.475541119150573
0.3083124897039082,-5.24,-4.876401373980009
0.43781366447020575,-3.37,-3.725184541639687
0.09278086028909689,1.0499,1.060220782392462
0.4357100512307382,-1.27,-1.530306930336701
0.5337508240359484,-0.463,0.0697076041632028
0.07544366794141397,-2.22,-2.271674527481518
0.060127505481303814,-2.22,-2.248116661377946
0.49830190591827767,-4.06,-4.036169942010845
0.4142355307243657,-2.2105,-3.131367375880931
0.7127359499463333,-4.6707,-4.118504320329181
0.6656942167566027,-3.6188,-3.021453270911958
0.14953722471818415,-3.59,-3.731373196958811
0.36124765393818314,0.11,-0.2293193619631976
1.0683065119194213,-2.7431,-3.949162339473453
0.2988922651282919,0.52119,0.7366379274610936
0.4604346695854891,-0.83716,-0.3781746131663798
0.6961779896281868,-3.4715,-4.273060156701941
0.7111384792117056,-4.525,-3.800817830447958
0.3369275260030685,-6.4322,-6.27400938226906
0.45268611524830143,-3.7733,-4.187369394790403
0.8287584837252351,-5.8011,-4.778475734203345
1.224639323009033,-6.1061,-4.436711680367943
0.2708209309904328,-4.3501,-4.35686137691842
0.4576740908209679,-3.7004,-3.912225828221652
0.7461571237030517,-1.9484,-3.41169349339315
0.7433916402755407,-3.7,-4.497833083303599
0.18474014610323955,-4.4,-4.305672454569906
1.0125273440693179,-5.3387,-4.191735123018776
0.9592711973439966,-4.2336,-5.23287893984708
0.4133717910086074,-3.7,-3.368503881399044
0.7337669709061215,-2.0875,-2.834272837164399
0.3312717382569824,-5.1495,-4.916033745171456
0.26641024138111785,-4.3465,-4.141930472900021
0.43781366447020575,-3.4991,-3.725184541639687
0.27109409189301314,-3.26,-3.201974930669426
0.21209301972996308,-1.27,-1.361686412449431
0.1976116951787357,0.72661,0.5205027410832159
0.23647492515736385,0.69108,0.8685203964448345
0.8285720555374881,0.49854,-0.4559229118045316
0.21281751639746968,-0.7845,-0.741579571894079
1.0691842244032508,-2.88,-4.214476670893653
0.8234241353149713,0.05946,-0.9167598614078984
1.9277812745910186,-4.2519,-2.150459437963535
0.38934101772671786,-2.35,-2.582204839482246
0.5018372417828993,-5.0064,-4.550036101183681
1.396643755925167,-8.4816,-6.967039214895422
0.046312629850127705,-4.47,-4.436585633316199
0.10486789116118717,-0.88,-0.9473602049955704
0.4832912213491848,-3.7259,-4.092332217908556
0.6342328061713345,-1.87,-1.213878858135647
0.5155461202931011,-3.63,-3.892394682066784
0.09027772421718963,0.74,0.7164778516178429
0.4472184851080259,0.83803,0.3483277775740952
0.6037548030292307,-0.25171,-0.8745169024893049
0.3062159357705434,-3.3524,-3.408673476443013
0.7124089512459498,0.84474,0.401884254912653
0.8188071048228026,0.62111,-0.1129514909563837
1.8531003517764344,0.36751,-2.039712629594775
0.31801698200318745,0.60735,0.34181524639525
0.42086060919864104,0.40875,0.895357142193828
0.12053611538490744,0.47607,0.5640261747200997
0.3926262127901443,0.799,0.4235063053739046
0.5689569522274458,0.60321,1.127319043595358
0.580886898721777,0.5477,0.1553137481290733
0.5536624053981045,0.61309,-0.0526393837456184
0.13704471938346796,0.27064,0.1620746546312006
0.6076457412685301,0.58969,0.9669583586667077
0.8727072350779111,-1.1742,-1.89999398869078
1.0200533262212137,0.68501,-0.7093147231647923
0.374003905982969,0.59313,0.3988887396076182
0.5667690109595281,-3.9148,-3.312589386130013
0.9556228350034567,-5.0949,-4.047272359629313
0.963717268413358,-1.1528,-2.271062228184952
1.0220675433629802,-2.7177,-4.212755694226077
0.21807123293948863,-2.9173,-3.044863381057933
0.3085737356841192,-3.9328,-3.615127136253775
0.5272452323147815,0.3807,-0.0270212763443584
2.3147634857813375,-4.696,-1.879745331186163
0.1545614823660272,-4.3525,-4.351626551038539
0.39501054831476234,-5.6232,-5.492126929583524
1.0000818251075407,-0.6848,-1.684744480844846
0.42126435928961853,-0.01778,-0.4426238157682273
0.1668678772752771,-3.6939,-3.854329968990772
0.3866550299079925,-6.5308,-6.151014719135228
0.7899882617969288,-5.0646,-4.110120674241258
0.14873825230988075,-2.5231,-2.474503244625379
0.308083873618641,-5.5006,-5.208198550930756
0.7041873445005734,-3.7649,-2.926648034742981
0.4155292138818259,-1.3037,-0.979914658926742
0.14130368100976148,-1.008,-1.018058805837377
0.2469358546520584,-4.6609,-4.425625093037917
0.16314714381969264,-2.6551,-2.738687693129386
1.243798862472982,-1.0157,-2.323483153533071
0.22843448463340035,-3.4147,-3.4743072013951
0.3888227310879141,-3.9953,-4.184212610635608
0.4938343701757864,-4.4123,-4.881110747418089
1.101046515167357,-1.2048,0.272505130790256
1.6352954282004974,-5.4978,-3.305529005159118
1.0749409184585377,0.87866,-0.0957712811472293
1.0773761908654373,-1.762,-0.4940175242466266
0.835195454524996,-7.6637,-7.679018541171375
1.2345246882673846,-7.0759,-7.785329080809374
1.5399219525677919,-0.56343,-2.410244399575069
0.7534424781197576,-1.9477,-1.26966238398403
0.33484514250466807,-2.2386,-2.391070743929852
0.22544389281754484,-2.5642,-2.68155034672219
0.2048829941745064,-2.06,-1.982863688529555
0.10713528549991617,-3.8959,-3.824368400729316
0.2304475151899634,-0.92984,-0.7692516898767439
0.5666592225128075,-2.0586,-1.339078912835449
0.29893152916622556,-1.3251,-0.9707761717672172
1.4133113035587055,-8.5297,-6.954545565420002
1.0758464406789416,-7.4842,-6.323277059368482
0.721077371070366,-4.4077,-3.984040676592834
0.3586993499033605,-1.9006,-1.516179725863645
0.5359923937320675,-0.60301,-1.064265037751745
1.0938681825408654,-5.8273,-5.023038059089054
0.24915954940751459,-2.73,-2.426517615922867
0.09479494277870815,0.019068,0.0709252688160687
0.2580970204514549,-2.8546,-2.834084207121357
0.42436851166224104,-5.16,-5.007241195566852
0.34517930875590175,-4.4363,-4.763781035205074
0.3007066604694623,-0.17706,-0.405830444046788
0.09803703858154797,-1.7128,-1.648124105962687
0.23220612770210022,-0.7221,-0.8556964976942376
0.7055714883280687,-6.2155,-5.432174097549076
2.2773588162992966,-8.9474,-6.049860191506263
0.1296807033021044,-2.76,-2.900484900940586
1.9666613177362386,-4.13,-6.698343406185471
0.3905663937047017,-3.0324,-3.130200288383443
0.1816905751883581,0.77973,0.8740589485483757
0.36144952476969444,-2.1541,-1.956436608130586
0.491072823696218,-2.06,-2.447756561518102
0.13880933361736358,-1.84,-1.924069560872388
1.164062683035751,-3.6559,-5.048258912463509
0.7230816580438186,-0.9827,-0.0099106127664904
0.35785796180894797,-4.4715,-4.095041108442494
0.5465726529378538,-1.768,-2.297357308484338
2.09887665874716,-3.8994,-5.884372357543801
0.5430670396574979,-6.1078,-5.529954471478835
0.17267184695819401,-0.2,-0.2943591170784159
0.5223368681648427,-2.5509,-1.844442805762161
0.19069087379499242,0.71508,0.5975933616459335
0.11747525907228588,-0.83,-0.72165415697676
0.3774469666065401,0.33869,0.6213522378989853
0.4742874531497317,-0.65524,-1.067993397085127
0.5909902941230465,-4.9437,-4.823342462360192
0.24842756237424735,-4.7168,-4.807567947588133
0.6833794166025985,-3.5393,-4.45850988218965
0.39161201339655816,-4.4928,-4.455222540999133
0.37197996128303223,-1.3331,-1.641600852964762
0.4721851406553115,-4.4931,-4.161671310717868
0.3602019810853824,-0.29545,-0.6547033020057762
0.8647281883108809,-6.3542,-5.453713289024735
0.35893143257555016,-5.1999,-4.972899135589152
1.9655954241208773,-4.4288,-6.750587653156397
0.9023353103384926,0.84113,-0.3161108796425876
0.5878399633805361,0.93511,0.2649042704000744
0.5465627134064632,-0.50001,-1.006177281401879
0.7351946131111119,-0.89869,-1.620794947018911
0.8126873675102968,-3.1641,-4.117690113280187
0.3192274943766222,-2.4091,-2.773590840046052
1.451592757047344,-4.7087,-6.218782814880384
0.14046401047670523,-3.7936,-3.876213591328132
0.2620337837882766,-2.2646,-1.925166650696479
0.29454283921515,-4.1979,-4.038699492397617
0.3076209157711021,-1.1188,-1.415120975360813
0.1835764985880194,0.0193,-0.1981977669982265
0.24571287627868543,-1.2449,-1.068805504685696
0.20744376353782262,0.39554,0.4699466439806353
0.20275035335772543,-3.7997,-3.811205602314241
0.8810357811057956,-6.0222,-4.971901273570559
0.4717931796845112,-6.2627,-5.695527254102914
0.374145582400267,-1.7014,-1.317766130027821
0.7686210123495449,-4.8127,-5.155903553318174
0.5089293989332501,-6.6259,-6.324085485341424
0.21399157656892726,-4.5634,-4.679842643130231
1.121461953728989,-4.1345,-2.58839872160649
0.6639314617196521,-0.033251,-0.3192332718139316
0.6972454612556573,-3.19,-3.92154199379506
1.7272798399174354,-4.0008,-5.704489199072465
0.44548668851708006,-3.0813,-3.21943959197637
0.21709901442884413,-4.6727,-4.794393430032545
0.4773121721972045,-5.006,-5.578399912482116
0.44308784601907564,-5.006,-5.350570460583706
0.12892509972423227,-2.0218,-2.084331528484454
0.21879078561386792,-2.17,-2.011158793881818
0.0734838320138353,-2.09,-2.126160477818041
0.528447318581542,-2.6595,-2.270052193519656
0.8990482934961102,-2.8106,-1.873577026113488
0.46578061473346144,-3.3289,-2.980729043479911
0.2896129335010184,-1.16,-1.41954906415793
0.3661382074040833,-2.1988,-2.330078477049126
0.7498163828677745,-4.5351,-3.480360006107511
0.5442763406640618,-2.2337,-2.681056665268146
0.3992464790386871,-1.7451,-1.38318163784539
0.3102206372152753,-2.0685,-2.03961423034567
0.6265968757507273,-3.9781,-3.314037660779807
1.2762121987918162,-3.9964,-5.431882520212586
0.4397128433897482,-0.7787,-1.132087368939541
0.2563984386950659,-3.5342,-3.684974320374456
0.08086239739001909,-3.73,-3.784668479733284
0.2557809298152185,-1.9973,-2.173111588884629
0.38028752250799214,-3.8932,-3.635800727545466
0.323728761139497,-2.9004,-2.630189827528602
0.0723890456593083,-1.36,-1.35674152334873
0.1651514927297886,-1.3205,-1.18668549486645
0.6603120862133973,-3.7002,-2.961652821329784
2.5069485875042528,-4.3882,-7.476400004941953
0.32129292514731256,-2.9722,-2.708228281989411
0.15471062614552855,-2.4428,-2.347742085624649
0.7502488304505954,-1.8526,-2.262914613981081
0.6657592841506034,-2.8506,-3.535340787359367
0.5375550985521081,-1.0799,-1.675346231665898
0.5688239835817858,-2.6321,-2.769235418544631
0.663027721465018,-2.6512,-3.539552895892188
0.3730761296266274,-3.0286,-2.936021000780822
0.14061737266495666,-3.5653,-3.392104125727242
0.03978497413632696,-3.5026,-3.504054115514392
0.7621287377548062,-0.94231,-0.0436255547309057
0.19607257158427183,-0.065998,0.0407987450375245
0.33239241128271746,1.236,0.8727885237499025
0.35505121127875133,-4.4363,-4.113459955746183
0.22543530491070699,-4.6765,-4.677783244113003
0.21609386530703226,-2.6106,-2.737434983463045
0.3216497426762131,-2.0653,-2.111013304301923
0.44247644902488403,-3.2177,-3.537646572934579
0.21208337633547572,0.481,0.4411537758921728
0.330530691352748,-3.5194,-3.657671604287875
0.2699333727572531,-2.1109,-1.876036856013764
0.49126979570070944,-2.9375,-2.372072214049972
0.7213495924166992,-1.1206,-2.036438717632429
0.2277164189671171,-1.921,-2.092137117850303
0.6734887604010961,-0.0206,-0.9790344836342584
0.18238196176241497,0.69495,0.6192337023233268
0.5892436646420169,-2.2,-2.700019422279521
0.5263135068078585,-0.45079,-1.032155835493613
0.5788157150019135,-1.1559,-0.519757935301155
0.3836163828449958,-0.53103,-0.2280292621568552
0.3415482192046317,-1.5236,-1.877189078622121
1.0213060130443,0.27431,-0.8868260085277735
0.4481071130286164,0.5768,0.2797127439120346
0.8335801140565505,1.1206,0.2588106877680597
2.787594762539621,-6.4939,-2.058568017214311
1.8980089917721152,-5.9696,-3.28259911476477
0.46404386008412435,-2.966,-3.550941153540588
0.24772750809250454,-6.7455,-6.609965099695301
0.21704899331162364,-3.8202,-3.764258389263093
0.14848256100765897,-6.1013,-6.072524550863639
0.26365993158738577,-2.0143,-2.264276762137021
0.5684123181303155,-3.07,-2.57100371870692
0.6794513062533543,-2.16,-1.44526961344954
0.491786575176573,-1.54,-1.13676620526002
0.41846781186736287,-1.8358,-2.136271021225212
0.23583940029677283,-1.9192,-2.055469548011713
0.5322831818558859,-3.9192,-3.382649641535142
0.4168804640911112,-0.17,0.2898239886504465
0.5039803123087776,-4.5901,-4.009298943703795
1.0989078324107238,-9.08,-7.969926321497788
0.6667192809391393,-2.2626,-2.832750937959832
2.137978252890976,-7.2168,-4.379974760178235
0.13345657419035117,-3.664,-3.654173183859305
0.4490673962553798,-4.35,-4.034445830290023
1.2505239751623478,-5.5532,-3.981784060862177
0.4943852574720736,-0.33219,-0.7426466150090367
0.1294125838362679,-2.7318,-2.669643968639873
0.46078812555085796,-2.7318,-2.30036911258744
0.8725424190124188,-6.4581,-5.38591066721545
0.9011933266267258,-4.9784,-3.857912785781937
0.34809100549879785,-4.3802,-4.176329255497809
0.4976586800453888,-3.47,-3.92779785328955
0.2950406696378297,-2.7229,-3.026359230348229
0.44076824075872145,-3.9542,-3.492313695457342
0.2519429116161651,-3.1477,-2.917443735532832
0.20699154161586278,-6.1558,-6.100747173587028
0.1931321994098337,-7.1418,-7.26992352857162
0.49333610050565535,-1.4962,-2.020130639864169
0.28250644953188836,-4.4513,-4.7195480581425
0.358480721585273,-6.2251,-6.448108081001275
2.8701601966735186,0.80428,-3.441854858068357
0.5244738879020305,-5.4959,-5.231813907031067
0.2091970379963748,-6.1049,-6.267642023449715
1.4343709963143159,-6.3329,-4.731665097023601
0.5313449133346413,-2.8983,-2.406454937050482
0.5129433488863375,-3.73,-3.192153938528079
0.7734099822617131,-8.4445,-7.676029707792797
0.7824221714467163,-6.6277,-7.542547955058629
1.121666535460761,-8.06,-6.933410306810739
0.5791715853483974,-8.4318,-7.853414264323201
1.0064333494690707,-7.8207,-6.838345338047555
0.49635096999633,-5.2252,-5.73226678019723
1.1115482253788413,-3.809,-2.62645447239743
0.4475687403424253,-3.523,-3.027644194896221
0.5143775620822532,-5.344,-4.821149252253285
0.26629649175995485,-1.9345,-1.772783776754763
1.5962671622964235,-6.56,-4.775690849557165
0.19339503542303949,-8.0,-8.044060122810127
0.7055882783801747,-6.8786,-7.555142379094422
0.2608023393585632,-8.2405,-8.314017206164529
1.2522611473814118,-8.3898,-6.982848588436626
0.5722864826692288,-3.67,-4.094113365289525
1.2605667260882405,0.7051,-0.958175393001353
0.4032848653845506,-1.16,-1.577042626383495
0.4048554138443339,-1.5769,-1.988255184291196
2.3003888991736563,-3.173,-5.373890131976736
0.1579593393447847,-4.7104,-4.586749693803953
0.3080788476443224,-5.2286,-4.926162232266488
0.7081515557385206,-2.3413,-3.122880851388742
0.062123041251578436,-1.89,-1.90011197735406
0.3046763897770573,0.525,0.2638575107776955
0.3244676992839577,-1.39,-1.675958742142102
0.4230790799773109,-2.3131,-2.673388100875284
0.5525240819427204,-1.6183,-1.041119714289213
0.46807449033977655,-0.32743,-0.7681220999493321
0.6829865074591213,-4.2536,-3.69514164008477
0.22634461692385255,0.3827,0.2857705513023928
0.6498944119007658,1.236,0.4587573063396893
0.8998657034870202,0.6194,-0.4717168582218773
1.2117748339912677,-0.0128,-1.30788323883716
0.2164778511719654,1.065,0.9716025777384294
0.19290608428195427,-0.79,-0.6401590352798396
0.6317996311941919,-2.7694,-2.165258324049402
0.4203310672206343,-4.37,-4.075915663789925
0.36121436715101113,-2.7695,-3.22985227665218
0.318081021134149,-2.0563,-2.373992027135596
0.5250372772507487,-0.59414,-0.9575372221277724
0.35478087076377113,-2.3,-2.059101150693596
0.3953468429270815,-3.2972,-3.708898704931514
0.3324489684543178,-4.2128,-4.095828111761056
0.5520712669191746,-2.81,-3.567952892972453
0.31195012876458583,-4.0665,-4.417364090570207
0.1737331366996734,-4.8441,-5.157188524722362
0.1737331366996734,-5.2581,-5.157188524722362
0.1737331366996734,-5.0971,-5.157188524722362
0.4528456244899888,-1.8868,-1.995542211724331
1.0516956446124965,-0.1054,-1.259923654979746
1.4416633593724961,-2.3865,-0.3189528046464197
0.9219556446427307,0.46923,-0.5634989385354489
0.2694298312672879,-2.4335,-2.527615734059315
3.3802729161885803,-0.13956,-4.515246847809053
2.991461200583479,-0.64799,-4.146338042116827
0.4019694474096832,-1.6111,-2.031725196699408
0.17743678709425278,-1.7558,-1.793413516789825
0.3888331726153239,0.3661,0.0687319240031359
0.13782738929787394,-0.14943,-0.1258708463478027
0.1768201970768484,1.055,1.110269833833076
0.8623010412249826,-7.5255,-6.525861604382047
2.00052302460137,-8.5405,-6.426684617638168
0.4964830757792012,-8.9148,-8.550552368935405
0.585134749477263,-2.218,-1.803320492302512
0.3989718004660084,-1.1766,-0.7559280276525844
0.3860467390084684,-4.9418,-4.599245192257461
0.5115672480583023,-1.8392,-1.358909720351816
0.8129446303545097,-1.8064,-0.7840810865844985
1.3827939144889294,-3.795,-5.468529932348267
0.448805121832331,-1.6149,-1.232408020392883
2.5118967998852133,-8.8892,-5.634522755048282
1.500941098702171,-3.18,-4.976197079422462
0.48176663523133734,-4.02,-3.514677830117326
0.7321368357528445,-2.926,-3.873388431769111
0.13122095587931543,-1.174,-1.102496303674226
0.2791253714562361,-5.1267,-5.182362887204852
0.1557897198931375,-3.1582,-3.323110140452918
0.25561491384550256,-1.1956,-0.9665396301923384
0.5534715136624887,-5.242,-5.038437347255966
0.40907383834011113,-4.6513,-4.381005150471825
0.15240686032302386,-3.82,-3.684587834714129
0.4395982099228268,-4.1342,-4.513847367529817
0.4223595317642224,-3.4465,-3.348276635938162
0.2539752181479776,-2.3766,-2.176422427801136
0.18579398165639488,-2.8532,-2.989842823110572
0.315840066440498,-1.7229,-2.046225510590761
0.17936001067251073,-3.1582,-3.336990502208776
0.2697169196807433,-3.2585,-3.116969858001646
0.23792136018227217,-2.0866,-1.987691001315267
0.17876875655281554,-2.5881,-2.797249581660765
0.34098483421415543,-0.9549,-1.324816452991756
1.165399556015228,-3.3236,-1.634541126917586
0.7243154648856682,-5.325,-4.624024082201905
1.7802898098545745,-0.033756,-2.11728044729427
0.28371579083930454,-2.3377,-2.637576670036772
0.966030254568941,-3.59,-2.365913394752063
1.2634032428051076,-2.83,-1.497701834588432
0.12137065551980036,-0.93336,-0.8530391046491356
0.06427711118819351,-1.33,-1.343030789361374
0.1989846416760627,-1.552,-1.525878631885638
0.24157071451850826,-0.012,0.193826720917586
0.6896569482780257,-2.4428,-3.34430315383618
0.3895026896877022,-1.1242,-1.500511472062896
0.6552325540549342,-0.7684,0.0414622739075704
0.5722513057865857,-2.4671,-3.059744171868634
0.5730588008299214,-3.7555,-3.21799632566019
1.7516300286466389,0.26163,-2.045195158975291
1.2388542801817417,-1.6695,-3.161123834847351
0.29496383879718424,-4.88,-4.721172189261358
0.35906783123811836,-3.84,-3.609608780917675
0.4698801998360086,-1.3301,-0.7769208025605465
0.4719284142215306,-2.183,-2.39475203962895
0.23647246826136253,-2.8868,-2.687051515044258
0.1878989428437002,-0.3599,-0.2317556240539871
1.0533910671262827,-1.2663,0.0896130243422873
0.4830205068696263,-1.917,-1.441746581017669
0.36758013771314724,-0.6,-0.9349891870788188
0.3923242692952615,-1.8179,-1.468619120374055
0.24434855093905955,-2.6607,-2.843671321746988
0.43630208673407156,-2.6607,-2.181695343488108
1.0285153155746047,-0.3137,-1.384358707526049
0.8028220958499798,-2.0825,-2.663774988643956
0.1878989428437002,-0.6325,-0.2317556240539871
0.4698801998360086,-1.13,-0.7769208025605465
0.3850841604489934,-1.3144,-1.656911165577987
1.3323997194860402,-3.0363,-1.472456435070429
2.3492288013699025,0.21149,-2.695562261044381
1.4638852557816466,-0.99,-2.885242251836532
2.7988576102563987,-6.6809,-2.591741917375675
0.5768705734534992,-3.24,-3.674704218774154
0.6968246949300972,-2.0903,-1.398575264671115
0.8865761630792387,-2.3016,-1.731420164569974
0.2981470501875242,-2.0083,-1.898451268436785
0.2905615316612279,-1.605,-1.807455268304095
0.43249960375669017,-2.3097,-2.658094024847848
0.8723203901575007,-5.358,-4.317222135526761
1.2296346503482671,-1.3288,-2.516738809829785
0.31308285056882273,-4.1949,-4.23019093989156
1.122724182036043,0.13,-1.182354247755465
0.8994803909315321,-2.196,-1.096377555523503
0.7658379178114683,-2.3295,-1.445970692257213
0.7285124444519195,-2.78,-1.87038279950368
0.5920209263264965,-2.3839,-3.063126136381342
0.6125180755445849,-2.2484,-2.849436032543065
0.25907063107199685,-1.61,-1.441143539386599
0.18897099940120607,-4.1062,-4.229294892752477
0.28720886042160637,-0.38812,-0.5240509001695248
0.3679543974384988,-2.09,-1.662973201874466
0.255009747920477,-0.99391,-1.102196863841451
0.1851072445057855,-1.365,-1.257071939814948
0.658529298048026,-0.15,-0.8971685833178727
0.34266402458587064,-3.39,-3.280501264596911
0.579539762759941,-2.84,-3.370551978583174
0.5727801468148619,-1.95,-2.449318654197575
1.7926332112935173,-5.69,-3.570422862936367
0.22696885244465598,-4.1893,-4.21195619639789
0.5140501301581978,-2.1297,-1.743952123856609
0.2756360407084279,-0.75735,-0.69122263383286
0.4202585434628754,-0.43806,-0.4415258835193351
0.5041092332424503,-7.0633,-6.610503409498344
0.21434065711193753,-6.5074,-6.560904770804716
0.2564422373709582,-5.8525,-6.065992799901483
0.6867904493218124,0.11699,-0.4341833852174247
0.27664403875470667,-5.46,-5.456673444641039
0.36525696068901875,-4.2973,-3.874191173285608
1.161495915634389,-5.01,-6.264803525013128
0.4581098465403936,-4.0505,-4.419781790124556
0.11827895360755904,-4.0669,-3.925543877075865
3.0931904233463023,-6.4356,-2.653893559238368
2.342498622204341,-10.5959,-7.643556707822166
0.2432256820918103,-5.18,-4.912908625242348
0.7037071951986141,0.2475,-0.5606264771630327
0.17493632092027533,0.70844,0.5983520268977554
0.48663944708425666,-4.1685,-3.617451572355947
1.2169693848377254,-5.3,-6.159394249298748
0.745030017326955,-4.24,-5.52960197182057
0.28879513084551844,-3.2781,-3.294838700485546
0.28821058858682724,-5.4266,-5.183798846473151
1.4193910951794064,-3.0097,-4.358377835143092
0.3518651242048039,-4.4717,-4.253361782042617
0.4036602091248618,-6.8155,-7.070694961679342
0.9672736235385136,-2.228,-3.415750585935639
2.369237500515415,-5.7715,-8.492452494760109
0.6976074681328845,-0.0017452,-0.8141289618213545
0.36848837139478646,-2.1958,-2.47794347728957
1.3710356886007136,-3.55,-5.033072114846791
0.24828217214274503,-2.5895,-2.663322209029791
1.4896848612276616,-4.058,-6.084596624863734
0.5383930892278236,-4.52,-4.060773065514589
0.09540192771379913,-5.35,-5.332679507443903
0.2683941539998785,-3.5605,-3.715028689044217
0.6168267469911092,-2.2574,-2.641363893445976
0.2389831473526985,-2.5503,-2.407258889737254
0.24688513300718207,-1.7824,-1.923961375626112
0.17050938337552754,-1.55,-1.614983550869868
0.30685065053694005,-1.8,-2.00762229955773
0.6269928628438214,-2.52,-1.93815871421726
1.1956602644094303,-3.3936,-1.826105635227407
0.27383363677648553,-2.0721,-1.959395957222205
0.19934633535652246,-4.37,-4.110171729342591
0.21842006061014133,-4.5339,-4.261950210246183
0.2814484245111699,-5.5064,-5.548805045308192
0.3687446770858044,-4.0616,-4.362257708313162
0.12031022534862473,-4.24,-4.117552469405438
0.19934633535652246,-4.3713,-4.110171729342591
3.1800523811041903,-1.3866,-5.224355717055459
0.405359263728595,-0.58772,-0.9938435893745906
0.4916378564029914,-2.8031,-2.28486306603391
1.4124646521478448,0.44213,-1.286963908469597
0.22267549216601654,-3.343,-3.446416409354564
1.0403756833710667,-4.014,-5.108664479213146
0.11609574505074831,-4.0959,-4.093831978067586
0.3550107387558722,-2.2063,-1.853262883823363
0.1101185337696686,-2.6575,-2.613780428513152
1.0647957387609663,-7.3005,-6.29885295267443
1.140078249092014,-4.7,-6.115027382320115
0.41616326407275045,-6.736,-6.65188592726888
0.3816545523918007,-2.4946,-2.704491467610453
0.39414655621509664,0.077063,-0.330151660622009
1.3460942536633782,-1.7479,-3.089959496028632
0.6216520510442848,-4.2272,-4.908903005176331
0.24540324035164582,-1.6967,-1.500094002337075
2.054566148992355,-7.6865,-9.853591873556082
0.22610952577026264,-1.3937,-1.291688747649073
2.291244363861094,-1.5747,-4.400410494473477
0.5577445871327761,1.0083,0.3397583773252585
0.532112474486485,-4.2396,-4.499541691989343
0.3923794744786224,-2.7724,-2.320360195707403
0.22377356080389357,-3.3181,-3.403283183607797
0.146525666510554,-5.3266,-5.298069345311946
0.15022929868328108,-3.905,-4.060271278001448
0.36309779796983094,-4.9212,-4.55497335510329
0.25534760057792805,-4.9212,-4.751141826223783
0.1853850121341935,-4.4041,-4.266672345009126
0.14967429224377712,-3.905,-3.799834807494072
0.45616007804625786,-0.89,-1.363014997710702
0.7062006397488945,-3.093,-3.826651670582068
2.297161821328183,-0.63444,-3.909687157956598
0.2665497174596125,-2.0525,-2.178081425538264
1.1376668915183084,-1.67,-3.531351806822591
1.269925346485454,-4.5403,-4.159419691038886
0.3658576660389221,-3.83,-4.22659189739263
0.12913935553008649,-3.61,-3.656402078544745
0.2991533867616263,-3.8544,-3.572017621347836
0.8092567626920705,-3.9,-3.199803083268629
0.1418120950883226,-4.87,-4.877426021017282
0.6079505787454021,-1.5706,-0.986835904565606
0.14679287137522548,-2.0585,-2.038996633868224
0.07153737919707495,-1.5696,-1.602547426718807
1.269925346485454,-7.0053,-4.159419691038886
0.4270945314044671,-4.8292,-4.576716343541278
1.8417461176705703,-4.8695,-2.649107992900213
1.0175176731121507,-6.8892,-7.763193407034057
0.8926988803361526,-8.6281,-8.013067267939277
0.9171899180005221,-4.7672,-3.718079177321286
0.26210675541244743,-3.131,-2.889737809705355
0.975982119979798,-7.04,-5.920184934155838
0.30725401343919084,-3.1588,-3.447874860327862
1.3388410786341525,-8.8485,-7.38224920661918
0.18862826387375276,-2.2608,-2.113252734890808
0.2746783147425389,-3.74,-3.493898206554475
0.07347663435034328,-5.5113,-5.469174263624879
1.7648006373938876,-6.41,-4.195678659714241
0.20415298607827798,-4.15,-4.392471389476961
0.22135330514017007,-0.15527,-0.3166066405392135
0.9226271369178741,-2.1138,-1.285511763715459
0.5042426163854065,-4.435,-4.900808985869798
1.2784853397570322,-4.2219,-5.661010058143578
0.7648219034573276,-3.17,-4.143436700299927
0.25823986163017787,-3.62,-3.823276405382716
0.38254530023260247,-3.83,-4.233501833086436
0.35642289598094573,-2.866,-2.572466603947098
0.41946683172288,-2.1982,-1.996408171739242
0.4563542630401123,-2.3962,-2.041719547273777
0.43182695880310973,-5.5184,-5.926172367062534
0.1888926794184742,-4.9649,-5.122594936062409
0.46414229400353185,-2.1549,-2.634805780838435
0.6554328310416869,-5.3862,-4.634110295436926
0.892741644647073,-7.1917,-6.355409995210168
0.45403126720274384,-6.4742,-6.359630699449468
0.39815617263078296,-7.0488,-7.114960994014347
0.2258545615752084,-2.5692,-2.412969649274884
0.9749891371394801,-2.6,-3.663420402391327
1.2255584017798813,0.3219,-0.9348505612909376
0.6086472170149646,-0.99095,-1.254370014337018
0.4759892504761725,0.90142,0.3827924110827817
0.5422400178071451,-6.6559,-6.527902058107876
0.3496212508856896,-1.8121,-2.074220400901128
0.12108570273183236,1.0499,1.136095538903402
1.03577776473771,-5.44,-4.379546715291848
1.0914449180609287,-0.56,-1.798482380646715
0.16277192681395442,-1.0915,-1.046791613993648
1.1976925698535843,-4.0272,-2.722288820899829
0.31066305335775424,-1.346,-1.237209733662157
0.4605206685050483,-0.44842,-0.0743974811824576
0.26642085802575566,-4.5439,-4.454616128050891
0.8163250448555394,-1.0394,-2.056484732489156
0.04220704212010345,-0.2,-0.2012424921969205
1.3539846968075824,-3.84,-5.340166388365151
0.7688169091651271,-8.3221,-7.538515205017674
0.309042330974944,0.51261,0.2138293460218287
0.4716772861558763,-3.5471,-3.97892472918781
0.3175463121601983,-1.8215,-1.715153221088984
0.3577481564167386,-4.858,-4.953791316174921
0.47379615721139606,-2.2244,-2.813236103946826
0.19918663784544946,-5.107,-4.95137306087291
0.4644252672674871,-6.5538,-6.856455253313277
0.21662563183185643,-5.064,-5.058582186016929
0.4064776010017009,-2.2335,-2.607417380711833
0.27505328441667987,-2.1668,-1.930854211132472
0.717444820221248,-5.2242,-4.504999206189464
0.4064776010017009,-2.0613,-2.607417380711833
1.2839319774161668,-11.0219,-9.80444361473074
1.1979442209914466,-11.0279,-10.40449939515133
0.6147955312561924,-4.17,-4.758713924943428
0.18281941813171623,-1.59,-1.721766273326758
0.12736748612140397,-1.3,-1.395929264705996
0.2090138309401283,-2.3566,-2.23709385974734
0.583164862640205,-4.3856,-3.712215831071865
0.1508814478093856,-2.76,-2.654207217139298
0.21400376593205805,-5.26,-5.192044837858083
0.23038759378539564,-6.8765,-7.048499731469739
2.066689600005459,-7.7118,-5.07360307893798
0.3284725651049406,-5.73,-5.354270704232206
0.44554754719782685,-0.3913,-0.9185879974636556
0.08496455558034749,-5.562,-5.586028979090258
0.4803924969428322,-3.4377,-3.738353354743936
0.2930122998737707,-2.0418,-2.161097988644485
2.1191187020036617,-4.85,-3.229164436248868
0.1219344085748918,-0.43332,-0.3850360782858967
0.3081898652471915,-2.77,-2.637228173307471
0.769768842527669,-3.6295,-2.849127079193546
1.3539846968075824,-3.81,-5.340166388365151
0.35524112017027937,-4.0979,-4.322307177584448
1.0394680274659702,-3.8013,-4.849327242837499
0.8120720308748111,-5.0678,-5.59239734061641
0.1280402860132007,-1.4556,-1.464711861294111
1.8238109463556105,-9.8684,-7.570074896560294
0.5565974141079212,-3.6698,-3.009291767646154
0.5802100589996358,-7.2326,-6.710518674862852
1.2200744838173263,-6.8485,-5.785580149491036
0.45873826577181537,-4.4665,-4.10650961153304
0.8039823714806666,-2.99,-3.877735122531927
0.169109834499831,-4.8714,-5.034026642746385
0.7164593413961527,-3.2826,-2.451076338915978
0.18821490305036473,-5.1967,-5.086325483789574
0.3776546798548749,0.34602,0.0025129055472871
0.11080204734938252,-6.1687,-6.20365637314686
0.8509868011910432,-6.4779,-5.48450665527155
0.10057581319802239,-5.1366,-5.119643892037427
0.08864865167575876,-4.3185,-4.357552177292343
0.2775621122187626,-1.7565,-1.896507395721299
0.512209039351869,-4.3945,-3.883575500677162
0.3664785018792832,-1.14,-1.406318776152633
0.17046663289306319,-0.92535,-1.09927576924244
0.09696138539793116,-2.0896,-1.998558523206104
0.11312974508171698,-4.26,-4.329907315051704
0.15252055040337054,-5.5,-5.341099416155204
0.9284236669068285,0.10963,-0.624599872055227
1.9604075725674437,-5.58,-3.216557250791024
0.3085941313175368,-2.07,-1.764639355231174
0.47273197405955913,-2.22,-2.625411277625388
0.16672342772586302,-0.7328,-0.7574203703664719
0.26565182794599784,-2.62,-2.315340617531203
2.3987976936959914,2.1377,-1.201555578772251
0.0982307567494007,-3.0413,-3.16343560636111
0.5849080129676357,-3.41,-2.792041267197285
0.37549846679953286,-5.6248,-5.762080328004863
4.32458724186673,-14.5239,-9.33469694364441
3.8128168044376576,-13.7986,-8.882714281150102
0.15957711450580325,-2.56,-2.623364810459755
0.23010161079393135,-3.3933,-3.129994848442129
1.781866269561439,-6.6557,-4.571660375879144
1.4889414051277325,-5.7083,-7.227909184995085
2.0853483433605815,-9.4195,-7.187997934667822
0.26179021136347114,-2.4809,-2.239693549981882
0.4563989184631172,-5.4449,-5.061008613234488
0.2567010094394015,-1.4403,-1.19901996408564
0.5653683215731499,-1.0827,-1.6605439703655
0.30564559986023376,-4.0686,-3.887267100706075
0.4490736381264756,-3.28,-3.213818899318262
0.3315479244646448,-3.11,-2.896965982409586
0.30820664290139765,-3.85,-3.620730019753839
0.16378643804370804,-1.9521,-1.902309692707932
0.47124501053112694,-2.5175,-2.014777004159183
0.46012354891118795,-4.8143,-4.331581605998676
0.3947830877656115,-3.271,-2.916144320897257
2.078961433248112,0.88529,-2.353855387335785
0.5364325288383911,-5.3,-4.797681685111066
0.2263219278517139,-2.09,-2.222580462499333
0.10646768114594286,-4.1828,-4.133446141899435
2.044252738479828,0.35997,-2.176758679615814
0.663410109873967,1.0597,0.2589900159357816
2.3730361123491566,-8.16,-5.32905559486672
0.7719663521788221,-1.0829,-0.0604951520367318
0.42750802937019794,-1.0006,-1.352068346490321
0.3986430668048757,-6.0231,-5.671626072957851
0.30829127283607266,-1.9862,-1.688804861149237
0.13416106750290155,-3.05,-3.179973966864878
0.2569744976322625,-4.4173,-4.572340134555524
0.24234368256401986,-4.8131,-4.990225193575496
0.868271002141579,0.43063,-0.5952483693367396
0.5536725787080293,-0.31633,-0.9050103950569544
0.5816775483154255,-2.8967,-2.239065459898685
0.4315440619907822,-1.6938,-1.967646441997219
1.0173686653622642,-0.35362,-1.725927205242821
0.49931936565492385,0.14,-0.1963868375071087
0.4035243820437335,-0.31152,-0.473101602788957
1.0159715984164175,-0.68574,-2.058445848379607
0.22369152634350645,0.70053,0.4865824994600375
0.49644456211114546,-0.82477,-0.3899106358254517
0.38635450268923505,-2.9659,-2.63352024998251
0.24339507861523046,-4.53,-4.707405550714887
0.27282492133955466,-5.52,-5.335179230365444
0.8702965552943434,-5.0389,-4.025535349930961
0.9867685822901748,-6.9227,-5.880453351433459
0.5202533315342671,-6.0878,-5.573781407023982
0.18699674764625598,-3.848,-3.737259180346297
0.37939024147747147,-4.2,-4.108047289108972
0.40868615218635185,-0.823,-1.192091944936936
0.10958069322146616,0.50213,0.4756961095412637
0.2686063321784604,-0.35,-0.5781834392102216
0.1973874541170538,-3.7918,-3.857559816658427
0.1996533644856913,-2.3134,-2.41429741862633
0.26174816436298665,-3.02,-2.844329130645726
0.5506272673027053,-4.0866,-3.848286672669309
0.350546379807542,-5.218,-5.043840335792474
0.1813541109935788,-3.5572,-3.594601553546445
2.861958749630007,-8.1437,-4.507075416393091
1.5901933614117993,-3.9244,-5.392469678959239
0.8380357151532044,0.48516,-0.2905381540064294
0.22372783832759324,-2.3542,-2.319123597632459
0.5621254778552165,-3.1922,-3.690005894580619
0.762826495226107,-6.824,-6.047972346143229
2.8298186206156135,-3.355,-5.912962152073856
0.79330872488216,-4.3661,-4.738326939514645
0.1941887674195148,-1.0747,-1.241022050659379
0.1174424418882314,-2.6759,-2.745482245432587
0.1425240164260606,-3.7212,-3.781126541857303
0.5807301799253191,-6.3945,-5.744592027600151
0.928216353360192,-5.91,-4.72465292481341
0.48085077508598667,-0.86527,-1.360812375506266
0.330745197392076,-1.8602,-1.642593750888082
0.2428374813975881,-2.8635,-3.023410665408819
0.3644051155463968,-4.5398,-4.397325767546667
0.532714040224063,-2.366,-1.745506980768177
0.845390823699349,0.83522,-0.2251830276615392
0.26641024138111785,-4.35,-4.141930472900021
0.599542162291759,-7.34,-6.262785394590617
0.6869960366813086,0.14,-0.5647246598520678
1.2601517524915808,0.47816,-1.012035299634417
0.33004041583888194,-3.1038,-3.432384031018749
0.15151406266491207,-2.1806,-2.258069084702838
0.3686475356996186,0.5455,0.3526620955110958
0.7005741701709194,0.80116,-0.1340369280449539
0.20726309650395186,-2.7884,-2.779356092635999
0.2454191123399785,-2.5133,-2.607026970138387
0.2973789299571235,-5.1091,-5.23342382644719
0.6405233434219605,-5.7902,-5.269139823920752
0.30786232876182384,-0.7829,-0.6590701369034334
0.3494183787489146,-5.1808,-5.01533771991471
0.4033965791611071,-4.079,-3.67316533584541
2.228832064477051,-8.1939,-5.406521302823456
1.1920014369594734,-0.9336,0.6651403602599899
0.3518078619747396,-2.3469,-2.779319524125924
0.4948325336256923,-4.5673,-4.107523749397255
0.4586026810813359,-2.3466,-1.862116521234503
0.5205846807945921,-1.3147,-0.8206955948361644
0.1691827990949407,0.9782,1.054448234233033
0.20073064670566473,-0.48138,-0.6729407513972074
0.24446672419856566,-0.98162,-0.9197555928837816
0.6331523662143388,-0.4825,-1.185182834436605
0.7164330344707557,-0.81544,-1.662099776893057
0.12628739107497844,-2.1105,-2.148756642233616
0.49696335985495566,1.1483,1.064365130303224
0.45178707370053606,0.0789,-0.3113327632679818
0.3438347049325195,-0.4702,-0.3997506483991126
0.2271724890541328,0.9505,1.0967060365217
1.6484924933235388,-4.0857,-2.743805537294801
0.2888865436241986,1.0454,1.26347642465556
3.550627712537939,-0.64043,-5.193754708991503
0.32272102056027874,-1.697,-2.088711952486729
0.23744164433198858,-0.2122,0.0126538035797503
0.3618607265086946,-0.7,-0.3365861236693451
1.0927039823766664,0.593,-0.6073474092538755
0.28514432627443526,-2.8377,-2.723561944139248
0.3445198232310583,0.9275,0.7160412256387209
0.47898288177161885,1.055,0.765611546845285
0.5587008982713292,-3.43,-2.901898383744286
1.3474806091155853,0.21099,-1.308660106972466
0.4825322360843655,0.534,0.1554208539953525
1.4300517468446248,0.60062,-1.096735410707996
0.35739480783679484,0.81504,1.146279816771303
0.32804913592408397,0.9275,1.179262905295098
0.17566342817853786,-2.1351,-2.336883825097602
0.5483989848073315,-5.02,-5.466066291286345
1.1579380337862943,-3.092,-4.741381822728675
0.23441921739114968,-1.4188,-1.410277107028429
1.0534899932850446,-6.2129,-4.975314028184226
1.0462552495330868,-6.2129,-5.222479884767698
2.5294886122858604,-0.47923,-3.875799579189226
0.22913127167050226,-2.9969,-2.789289576632422
2.0915559657711835,-7.8004,-5.295158834273409
0.3739023863695479,-0.2019,-0.5257298703327044
1.1534967280009862,-4.8342,-3.626119208440934
0.018310022960605903,-4.28,-4.273622919432619
0.5001979883275794,-5.0593,-4.518143209671676
0.061225651909946915,-1.96,-1.905358324099351
0.6049862057035044,-7.3093,-6.888214728587164
0.08271069658446958,-0.5912,-0.6528945017306145
0.7458678411526123,-2.5607,-2.004295465294613
0.42366922644268795,-2.2582,-2.108463818901158
0.28758850501927485,-0.72,-1.036519149343895
0.7069391474511189,-4.082,-4.72894032015936
0.7340430218540692,-0.06,-0.7761398288297263
1.146922516841556,-6.15,-5.167406615113891
1.7504184565909566,-3.01,-5.104163243640792
0.9550115048650738,-3.3931,-4.221834629635136
0.3944524372656819,-4.7874,-4.583269350651358
0.2159055169478157,0.69531,0.4631298625897109
0.5332746699324832,0.73695,0.1096869169483993
1.3517218605445913,-4.4442,-2.907795916933511
0.4142662705095574,-2.2609,-2.561634742421043
0.1032490105017529,0.28545,0.3815324436912427
0.10627916725937787,0.36221,0.355437313337968
0.08156873331931855,0.40647,0.3672869820320324
0.07999042683960227,0.2888,0.3321893127708133
0.15144341140291379,0.30081,0.2785607702276656
0.19447822624615502,0.37437,0.1677192317722741
0.20666572912079942,0.37027,0.1715796104856806
1.0101295339434093,-0.96607,-1.906459940076999
0.24079489333427467,0.27384,0.5556923067487003
0.16057081444622498,0.36419,0.2654161583611238
0.7607092164534874,0.25784,-0.6670906637410416
0.2461886198618223,-2.9494,-3.025794476087912
0.24011689735638847,0.26093,0.4343368441949281
3.015862310699557,-1.021,-5.177510077965964
0.23912696927315197,0.67745,0.8391893253542284
1.131213411203495,-2.5649,-3.711738691041245
1.6143202641348942,-1.6074,-3.590905245385382
0.22750099803332177,0.24081,0.0719171864152193
0.6514568235133773,0.33688,-0.1505514259200198
0.16282708980909003,0.26574,0.1563990316606407
1.2057663873489064,0.049859,-1.0541209865969
3.512802875468076,0.21576,-4.304426394479956
0.9553465467231719,-4.3798,-3.368983265663466
0.4120537752626081,-2.0032,-2.45681780538012
0.9701885226163415,-4.5962,-3.345596861217301
1.6869133145434285,-4.1655,-2.379287708354355
0.15011568778486,-5.6263,-5.545171781018553
0.4101048871372734,-2.1638,-2.565011597951318
0.13897267793864423,-6.1461,-6.092652158834254
0.16914099953814124,-3.7669,-3.61822986131263
0.24772238019314005,-3.3488,-3.373186792053906
0.34077385618215195,-3.0196,-2.685729356008136
0.6064320172545072,-5.4004,-4.757326781261687
1.3967332872416263,-6.8744,-5.222242230880752
1.503922917078215,-5.736,-4.159547627094803
0.2107064611416665,-4.684,-4.698202498467168
0.24589377275063168,-5.7513,-5.705269507573266
1.2321596784600204,-5.9123,-4.768209376892352
0.25615098253710583,-3.6188,-3.345395422043407
0.35541494534235485,-3.9935,-4.365083463051418
0.576624959416361,-1.9196,-2.627976497180666
0.746600374040183,-0.93722,-1.496259512877566
0.3382266750046475,-2.3074,-2.580957182014745
3.675693782804568,-0.74644,-5.103793191448448
0.3576972645047139,-1.3717,-1.740272651744987
0.43761847569273926,0.11048,0.4343352951850009
0.19408827187031544,-7.34,-7.426073305660053
3.8327566301388436,-9.2446,-3.705342786149939
0.4329188359338188,-1.2286,-1.077708113012014
0.7112226304704289,-2.2148,-2.654601296179588
0.3698254299523345,-0.64399,-0.6952311159135178
0.546277926514912,-7.6194,-7.360701472222164
0.08775409658856892,-2.32,-2.257119523737413
0.9871099900744161,0.8009,-0.3995478320044591
0.38142564815655755,-6.81,-6.470255839342498
1.6083650876763744,-9.6898,-8.22566160905344
0.918356098050036,-0.3,-1.301056702679152
0.21555611101765654,-4.0976,-4.14042710128372
0.32427376439425204,-1.5276,-1.251563438783658
1.939264906070227,0.1573,-2.521561933263418
1.7654678162279418,-2.3507,-4.163083089257085
1.2844772152690345,-9.7428,-8.507317078992891
0.3943289473520739,-4.6529,-4.399498550458793
0.4597737979791808,-4.5,-4.088398336799049
1.0700861270755602,-4.4077,-5.378900611295435
0.5684613587557947,-0.95563,-0.3848608212713482
0.4486682859790296,-2.9299,-3.304595381810737
0.9742019132629314,-5.5822,-4.204351842911082
0.1393544502335756,-1.8684,-1.91901503127057
1.069212174610625,-4.6511,-3.412689315560454
0.8502986923539914,-0.57099,0.4928445078318251
0.5873203657619466,-1.957,-2.213744067156427
0.42405883716656584,-1.7274,-1.334052075323647
0.5405700333317942,-0.53529,-1.027723695530374
0.28378680137239565,-3.1673,-2.735680553460284
0.6902872130685771,-1.57,-2.292244221094344
0.510497740089003,-1.04,-1.498037534725873
1.1543438944781543,-0.8213,-2.364215437736957
0.3689515993393765,-1.85,-1.677698587650078
0.3849840264921194,-4.376,-3.979602204151713
1.4848846625977856,-1.65,0.1304085048710492
0.314412983920665,-0.61496,-0.3641745620881812
0.6741054236592212,-0.5966,0.1024007692394843
0.9172537913993659,-2.31,-1.143301146937042
0.2937418101957944,-2.0604,-2.273407820571493
0.095522838602903,-2.1435,-2.194732264681375
0.9074819632055592,-4.26,-3.268451316349512
1.4716720208732412,-2.7043,-0.7668302403501224
0.7325543456320416,-6.02,-5.433094329012322
1.4136663285945539,-3.4388,-5.272919770490862
1.6899145964645614,-2.5452,-0.2730779346419622
0.607524648908024,-5.7787,-5.329933586572299
0.51627724670533,-0.72762,-1.125349093249039
0.7172340267124585,-2.7669,-3.528685064768589
0.925041629791325,0.023672,-1.134772874400422
0.2426797478301464,-1.837,-2.136146398190693
0.34049048703433143,-4.2167,-4.344117454455225
0.3509695685752358,-3.786,-4.108716213657397
0.2920443180116105,-4.222,-4.53220644987833
0.18768727536661298,-4.1958,-4.376213167266155
0.7853010939142474,-5.4953,-5.36744809032201
0.14502484121804388,-3.8427,-3.932197997609356
0.48160054667603164,-8.2699,-7.972456244925787
2.1860014915376214,-7.8823,-5.098393187086557
1.2882540355856775,-8.1416,-6.42606656250323
0.3089965087531532,-2.4002,-2.184118119483029
1.1696367524495905,-1.4153,-0.0216294266941821
0.970347938526022,-2.8205,-4.072220972405351
0.36281761515850275,-2.09,-2.213283810051597
0.1417181164621377,-3.0307,-3.173763629298437
0.0780401526607664,-3.85,-3.796089733930888
0.3391804884178898,-4.93,-4.617309349100584
0.16088471903433987,-3.8477,-3.741193501377287
0.26654083147406227,-1.9902,-1.829581864213827
0.6251540727742959,-0.9249,-1.462112898989579
0.24928737791083921,-3.033,-2.929004524310885
0.18474014610323955,-4.4,-4.305672454569906
0.4878174302577181,-5.6454,-5.398271716806335
0.4435471824160191,-4.74,-4.235478292583605
0.3083124897039082,-5.1007,-4.876401373980009
0.1986164545890257,-5.4113,-5.404614599607216
0.5011616189423341,-4.5357,-4.150738978955109
0.6069733749478037,-0.3,-0.9969321411014258
0.8037796217678108,-1.9385,-2.952203256993641
0.6631145665725269,-1.6731,-1.090491930857515
1.0428222337158892,-3.3606,-4.538210138914245
0.30609546239886964,-5.5346,-5.572569825593461
0.6031541137048942,-8.5202,-8.521195586011633
0.3950568135534225,-6.28,-6.158531524783032
4.002073894815596,-13.7986,-8.477368629287517
1.6436008878643784,-5.48,-7.373367219165338
1.098549821384722,-3.9713,-5.344225952222801
0.4988159452049837,-6.8959,-6.999667911404369
1.1627302048649835,-7.0057,-5.431304806360925
1.2954870375245455,-6.4507,-4.517291515827825
0.060891943891702,-7.32,-7.28219802078786
0.060891943891702,-7.321,-7.28219802078786
1.3870650225699297,0.47712,-1.010827388957753
0.6797263126344117,-2.5621,-3.2283861347889
0.30430960554140773,-1.7396,-1.417811123460822
0.3749150822474618,-4.63,-4.64788071273238
0.1851952062322875,-3.1473,-3.269805981414009
0.3261987337468056,-1.987,-2.187215137639731
0.5490812296508176,-2.6726,-2.143992692319524
0.4128176368958256,-1.8332,-2.091725729074593
0.3814451926148905,-2.03,-2.356191245496433
0.36416269004688057,-1.8226,-1.636659081048792
0.1514166721742411,-2.42,-2.31042171022665
0.6484989036901428,-1.6942,-2.064030498520068
0.6103239671866652,-6.75,-7.340361369781682
0.36365468318359745,-1.2522,-1.490232305883602
0.22445646170193367,-2.036,-2.222300497461485
0.6083915097553111,-8.5234,-7.936286280157642
0.7787579807717758,0.37443,-0.581003326569175
0.47282383117482446,-5.0213,-4.676019784342525
1.0361484839474056,-6.2062,-5.551756996578145
0.433752867420494,-2.2302,-2.543371166488436
0.16021617946111616,-2.92,-2.927544297075289
1.4107537288914125,-4.52,-2.97016109890305
1.4933746103140573,-2.5668,-4.481631212438427
0.7842318872282776,-1.5802,-0.8436601277209013
0.3820999472932682,-2.3709,-2.105474141664126
0.5766766991546416,-2.8725,-3.362031592879604
0.7158127397588538,-4.6316,-4.111845813562287
1.7148930749915872,-10.3473,-8.249068109001925
0.47918070700947946,-4.2579,-3.919145048405603
1.8273577623135524,-5.2786,-3.562517127797611
0.4073997178126987,-3.0335,-3.384335105591594
0.4198152933815844,-4.215,-3.800502090979684
0.2320993218430831,-3.52,-3.410663035636739
0.8583779101554829,-8.6597,-7.889661111193186
0.7068071485569414,-0.82072,-1.523247058252
1.296367384068284,-4.8187,-6.234029657742935
0.2121461583782692,-2.7,-2.636907693759769
0.27768039428288654,-3.2257,-3.076474668670853
0.33261177213665183,-1.94,-2.320881443795854
0.4821600105598367,-3.3293,-2.790513738229959
0.29120501160078277,-1.4022,-1.639968875746753
0.05870065567672558,-1.394,-1.411447954145554
0.5467030557150634,-3.1286,-2.514710474096137
0.7074630749245463,-1.0642,-1.67195626266187
1.4607109936582146,-2.8253,-1.546650297172149
0.36017475426681633,-0.4884,-0.3062340028392735
0.707016440159731,-1.52,-2.299444610842205
0.4225435811005458,-5.3715,-5.532738788530498
0.49114585729195737,0.33223,-0.1229022559698295
3.6873562554181536,-8.2125,-3.42680576450781
0.16489034102650318,-3.9888,-3.997500743142459
0.35535304945617163,-3.9888,-3.704652095759466
0.3892602927913561,-7.49,-7.860015628962535
0.9644401002160009,-1.821,-2.921311027656434
0.2641961283148326,-8.03,-7.883373694495538
0.4459789803483012,-7.24,-7.670204317001909
0.3420751947175411,-2.86,-3.272331571767351
0.127089774371249,-3.0587,-3.135309387355101
0.31799374859662727,-2.4736,-2.80410669385028
0.5586656646266775,-4.1254,-4.43276394528162
0.8820014790578294,-5.2613,-4.575729984127317
0.8379307184042993,-1.28,-0.228665286433152
0.8853941602242559,0.16145,-0.7060139673590038
0.8591154356878639,-4.2788,-5.211676517392091
1.171757614955933,-4.85,-6.15505888112405
0.5913891978523403,-7.1121,-7.376185669092179
0.7648311019673187,-2.2664,-3.162548111363469
0.23872145061699576,-1.5605,-1.748990230628636
0.18955895040360726,-6.7,-6.574541406709676
0.3650113833402389,-0.29,-0.1203561811141101
0.24440215433644394,-1.6024,-1.596316140021009
0.4764853292489431,-2.43,-2.011938869842324
2.1368811679986517,0.6752,-2.139877234267136
0.47070916465788804,-2.09,-2.518843410404795
0.628051962609648,-0.2208,-0.7180140049303301
0.8175851801244717,-0.98,-1.797087264104403
0.19018184230616658,-2.6809,-2.888581362404647
0.0990680851872478,-3.961,-4.021306273029327
0.1633786339249136,-4.2401,-4.357511506620391
0.3113359203445379,-2.4062,-2.10853844679755
0.293293120907511,0.9621,0.6903562266714183
0.9181834084931867,0.40834,-0.8251900333042766
0.8658530408569366,0.8412,-0.2295218059336501
0.9750050494407654,-6.3058,-5.223140069031545
2.0485662937991522,-6.4891,-3.675601425406929
0.13240800535227154,-3.6675,-3.787221435756276
0.20724882028296177,-1.9698,-1.907406367127122
0.4333566554397397,-2.2882,-1.841314028790187
0.474477060084735,-2.6799,-2.190013754252735
1.434683093704909,-1.5016,-3.454795664618017
0.7495364126698171,-3.1241,-2.610498807202351
0.06245667743181029,-3.0556,-3.039766714945425
0.3522450708351379,-2.7505,-2.329601922630251
0.2000563074516092,-5.1527,-5.189748806698129
0.08950641191084995,-1.6622,-1.738865058607558
0.8506751751974775,-0.8457,-1.986320502570443
1.126397082345676,-4.7404,-3.458093439597889
0.42717997457081597,-0.98636,-1.430175834629626
1.0488393595394738,-5.5305,-4.754851217971204
0.2807421277157052,-3.9007,-4.032298963050367
0.21793713207531948,-4.11,-4.311964940787195
5.605385885790567,-13.2563,-4.732717729585254
0.969079621389081,-5.7961,-4.601137521681441
0.2428218623895485,-4.7072,-4.679325520770472
0.2411942575060542,-2.2067,-2.331666913287561
0.9722365921234541,-3.0654,-1.998454447956638
0.2549778951607936,-2.3919,-2.226606013000139
0.34141438111779926,-5.7768,-5.492417936017477
0.23538957963597673,-4.8143,-4.536640180999896
0.34290160869185576,-2.08,-2.457179435733221
0.16520107380299084,-5.4752,-5.480911821744779
0.20639113147987703,-2.5016,-2.672267788836047
0.12767683123299986,-3.8997,-4.015236597727264
0.046312629850127705,-4.4713,-4.436585633316199
1.3546832711260253,-1.6876,-2.909551124344824
0.08805377796906592,-2.0322,-2.107572599056752
0.5598657643477327,-4.69,-4.004788380508897
0.3755178736082254,-4.6878,-4.465876032647877
0.35415124427348593,-5.4672,-5.244109753446542
0.30191139298778513,-2.5658,-2.704689647324019
0.1926711769074475,-3.809,-3.732179890024924
0.7300699348531006,-5.8,-5.186170430342683
1.0239790571028298,-0.423,-1.649238108181276
0.46993224847643106,-2.1815,-2.648769814936345
1.3359813205378626,-5.7351,-4.343316920927624
1.0781453463441608,-7.9691,-6.821081855832855
0.8470263963801022,-3.9031,-4.828177192862347
0.6054360923020314,-1.6622,-2.050580583555765
0.19967091718854546,-4.1722,-4.141532243714774
0.7507965609811654,-8.55,-7.840190998854075
0.4371065248548805,-3.1,-2.721693687290478
0.6618316831048093,-2.5215,-3.264504115306662
2.1778846424331233,-7.29,-4.541727058472354
2.2082792344237454,-0.63087,-3.480371986922254
0.5504471815028935,-4.29,-3.639977565558634
0.2762342366606834,-4.32,-4.443585508293769
0.20357392492965024,-0.715,-0.9182169355353512
0.3954946665678449,-3.8614,-3.612461262574113
0.3773176654943946,-2.1414,-1.751285454542941
0.5471956340351525,-5.3343,-4.910142163410355
0.19541067999767217,-2.8299,-3.017894857920959
0.19588739460129012,-6.01,-6.1114533969025
0.4456671824077145,-3.5293,-3.165721410092762
0.7122979962845101,-0.4495,-1.234397077993766
0.7209838021132404,0.5564,-0.2068567307955022
0.7674926235522287,-0.4487,-1.356634783979203
0.9294110041151005,-2.9054,-3.997819371345588
0.3814537621609768,-1.3015,-1.582456822929436
0.20740584480702137,-2.65,-2.641631014785988
0.8415319930645482,-1.1142,-2.002664800703998
0.5051310928797117,-2.4172,-1.996105873029409
0.6404182156137468,-4.1154,-4.712374039619693
0.15098445791632775,-5.0007,-5.092528283801532
0.21667250007346872,-4.89,-4.658747539480264
0.8445325214303169,-7.9419,-7.378701677201214
0.25573609208464426,-7.72,-7.461601723805751
0.349757403345796,-6.644,-7.035141846906715
0.1682912293630773,-3.77,-3.877802388773372
0.17459563720338386,-2.32,-2.303157886403594
0.061995232408139714,-2.9656,-2.986703770472508
0.6368833102408177,-3.3694,-4.126998739271157
0.6520405322930451,-6.0005,-5.562386776572513
0.15308248588654727,-2.16,-2.204984940589068
0.9216614061973251,-6.818,-6.451478798993361
0.1059989385288877,-2.8264,-2.88810456375077
0.5123554169533886,-5.1147,-4.687361402199046
0.08605063129304977,-4.3948,-4.46009886390562
0.1368087288572878,-3.4146,-3.457839645947658
0.4559224464580577,-4.39,-4.894271803413856
0.20363265835507172,-4.97,-4.875638002955332
0.7267725504805804,-5.39,-4.77167103583735
0.1802102339953153,-5.01,-4.904934733185668
0.8094778276290296,-6.8368,-6.502038129681678
0.9501171731300687,-2.042,-3.19906966512768
0.18652345887338584,-4.6744,-4.746797179754848
0.17320286165150547,-4.5943,-4.701632125965925
0.14572007013929061,-3.6459,-3.807707962986027
0.5817092532506277,-0.76501,-1.566792683855369
0.3075734253929654,-6.0893,-5.916325595488377
0.6013840951779489,-2.2365,-1.543808699621674
1.59558984882629,-0.24,-2.151769329615096
0.2553622679679872,-0.67146,-0.9193607358998722
0.36219721675461286,-1.4922,-1.794461902101735
0.34399643670646407,-1.3409,-1.599589772761711
0.3624420679772421,-1.2662,-1.640865751015095
0.33936004245035994,-4.1555,-4.314548645270879
0.27453261758485525,-5.22,-5.412421019239705
0.314540719987509,-5.8541,-6.102059522355503
0.44195544494589195,-6.644,-7.096388925680047
0.37636583284990777,-4.3487,-4.072938565479479
0.3152973777466501,-2.0569,-1.920684444363111
0.09901423556357425,-2.7974,-2.778050411715048
0.4493559108893392,-4.3265,-4.697509588784707
0.19986044954615953,-5.1376,-5.038368979405065
0.24685998506715104,-2.0571,-1.854618549965757
0.3177716120194047,-4.6925,-5.050036803081749
0.29436496576779325,-1.0429,-1.294724560371245
0.09770731060652224,-0.82996,-0.8534834535027752
1.0089990249218257,-0.40315,-1.490131180091204
0.3590843422611891,-3.78,-4.028553065264939
1.2042813885222492,-2.2145,-3.625730473199535
0.5071320625193918,-7.6943,-8.081436739418548
0.7221751417997604,-7.5632,-8.32024952567626
0.4758481223923534,-4.6234,-4.947292136369828
0.1985016359825583,-0.62,-0.8079046721397787
0.15938895647422296,-0.98059,-1.112426086745621
0.21278712331394867,-4.8439,-4.803101550191041
0.7663431021712575,-1.969,-2.85828966614242
0.56283911634275,-2.4424,-1.705083061610307
0.19269309155973083,-1.668,-1.573779911475772
0.11919910151384856,-1.8488,-1.832472655120477
0.21558945102322136,-4.0715,-4.077515902916479
0.3071224297118931,-2.2678,-2.062886434301703
0.19465759446452652,-1.7307,-1.530572208236054
0.31620953779035976,-1.9509,-1.67098791833161
0.08159506025242766,-4.6739,-4.671970878667427
0.3151815396625615,-2.5166,-2.795840208989724
0.5757008265862682,-3.729,-3.053855336834236
0.20132997836890915,0.2369,0.118719980940633
0.3997525849083567,-1.4372,-1.028915908159743
1.3217512009898365,-1.9604,-3.268931320011578
0.15491745224796583,-4.2883,-4.159656849236867
0.09255396837632071,-4.2574,-4.22210914435963
0.12632067815919798,-2.3112,-2.297701145099881
0.8194333687061266,-0.7308,-1.650282411162563
0.37753474877048104,-2.903,-2.608461488156638
0.11083236424454275,-1.1237,-1.22128840435658
0.18875647977672305,-1.4506,-1.295350550478766
0.23593184303438292,-0.74206,-0.7100616253621472
0.28254513631016337,1.2434,1.010675779033672
0.0958695185147546,-0.99384,-1.006551259415998
1.0958182973602575,0.19558,-1.198456878102997
0.41106459354732444,-3.1435,-2.728303049607617
0.5554753945712281,-1.8315,-2.510198186212066
0.28590178254779774,1.0263,0.8279832450099088
0.571473702228979,-2.3936,-1.865175084315053
0.3756779972534899,-1.8241,-2.104681401964355
0.43988928167691826,-1.9632,-1.688485714238016
0.0775073630019716,-3.9918,-4.062420945216665
0.31139920011840244,-0.21467,-0.1400444993697694
0.2511639484302492,-2.4396,-2.312284444481722
0.4789102791424961,-3.536,-3.040488873834385
0.4193487360715737,-2.9,-2.962884639367235
0.29188309914519056,-0.45139,-0.5575414148052427
0.5960985777346358,-1.8448,-1.215806890463415
0.5097549216735835,0.2903,-0.1874261878363749
0.5770367414043678,-1.4508,-0.7760229430810932
1.5155590161262937,-1.73,-3.682223379342216
0.3617546555182704,-1.95,-2.087491409130137
0.6190826979646448,-2.5373,-2.681790904950177
1.1137265667837446,-7.43,-6.204672208039417
0.4154603000647165,-1.3429,-1.714296206174522
1.150342953639129,-6.3698,-4.883015629789832
0.28825887752553764,-1.7525,-1.936200692760731
0.9114731626730588,-5.1287,-4.079783853200857
0.48787979039619517,-1.489,-1.043394837759274
1.9924272341842766,0.57977,-2.450164436424784
0.6113177902296044,-4.58,-3.975533969854448
0.4268142812810914,-2.29,-1.809109650221982
0.4904648812908707,-1.7252,-2.275979498274119
0.3500104583598878,-5.9645,-5.758403094213128
0.7164904404193788,-1.5769,-2.271285461900038
0.8467707014169773,-2.26,-1.206891503068732
0.34801839807608564,-1.6603,-1.361741508555901
0.21305507061461712,0.51214,0.6035561208051939
0.5851130621407764,-4.15,-4.584590926187607
0.2518739238332959,-1.1442,-1.196410383134187
0.4194718426417281,-4.84,-4.946845500393888
0.3972638763054869,-0.44615,-0.8859921776442705
1.4996316903257534,-1.106,-2.95367933908239
0.4845235131618745,-5.17,-4.83691143291305
0.36710838759825715,-3.48,-3.271718453538238
0.9615771737577723,-1.2121,-1.997442376109057
0.37676632881277655,-1.6704,-1.575486033609825
0.4084128323491663,-0.55326,-0.8213181589123151
0.6297853792353993,-0.93603,-0.2730246358278941
0.17790795442334645,-2.4904,-2.574017462783692
0.6678149803936009,-3.955,-4.538017742524486
0.13164252878712326,-5.29,-5.319912139542962
0.1189118478923806,0.5419,0.5832040132622437
0.669410986217406,-1.063,-0.4145095322708384
0.9335432608611219,-4.1827,-3.149759057778355
0.8136814974143363,-4.5177,-3.807730180880414
0.46841624588360353,-4.98,-5.352740397611184
0.14140635498483942,-1.09,-1.167516643120693
0.15435076167955228,-2.39,-2.310309576115409
0.7642272969668262,-2.55,-1.895316129680398
0.8196205187952168,-1.9506,-0.9704521886758768
0.40459760069490486,-4.1875,-3.710093215361122
0.5806239606960345,-0.47693,-0.0482391573499286
1.8996763489548913,-3.8532,-2.967928180656899
0.544019426445067,-4.0547,-3.507214645590328
0.319104882064252,-4.0547,-3.723059308945198
0.303361562105482,-3.9604,-3.746114555514081
0.31015041553629724,-4.1174,-3.820162728751066
0.9043431402296734,-5.27,-6.336603596974747
0.1617748527946622,-5.0019,-5.031335384709896
0.7532069986500994,-2.639,-1.519285050491078
0.3055039421857295,-4.4949,-4.234712241011255
0.16659485904032412,-0.76584,-0.8617049079030356
0.29831127875590674,-1.6308,-1.989387618107247
0.3438171567541528,-4.9718,-4.744320385640519
2.679557796491715,-1.0997,-4.623984923810055
0.39906276386931894,-0.7,-1.148778616152643
0.26943787964788907,-4.7609,-4.955742621778989
0.44510933205504927,-1.7879,-2.295319179565792
0.5216180158605179,-1.4957,-0.9201809994612336
0.12679299105165132,-3.013,-2.999643790725774
1.0135821205235707,-1.3022,0.1647329579903754
0.36173093233511133,-1.1,-1.552800015275038
0.4185625276485682,-2.7915,-2.955760258721148
0.6229625314072975,-7.5291,-7.769384609801818
0.09979615650842401,-0.14,-0.0791289838934081
0.17717539450890768,-5.7454,-5.697230942787184
0.47969900367069557,-4.89,-5.256398892800997
0.3863501052748579,-3.5842,-3.228508278095699
0.16935895033592258,-3.3386,-3.291012901062503
0.5505969969621359,-3.5586,-3.948464785637998
0.24143009870895213,-4.0262,-4.192737203049047
0.661517996286435,-5.0,-4.277847438901435
0.31727609515736344,-2.72,-2.37358395426143
0.36535640400878583,-3.1551,-3.407071887538632
0.2485153198542956,-5.3713,-5.240383623781639
1.3450362156856743,-5.8433,-4.457634927184484
0.1803722999738362,-1.8841,-1.730184178090326
0.2663742547528069,-2.46,-2.216559576915969
0.4048204569393456,-0.8722,-1.181001612560312
0.8556842301725872,-5.2052,-4.133724390317708
0.25169361311428357,-3.3963,-3.624522528111785
0.6038827452123017,-2.3256,-1.828381651645666
0.14149840542852396,-5.62,-5.465890385293688
0.5768070169905664,-2.6962,-3.159090681008524
0.45167586401596893,-1.91,-2.339685668134733
0.5632869052719868,-6.2323,-5.763783593841708
0.36348545467309323,-5.7,-5.275231654017805
0.47478303485190976,-2.6569,-3.132834037328317
0.4054406248217159,-4.8928,-5.175846320799554
0.21230332289343587,-2.0078,-2.244069687918368
0.3060810859417548,-1.0142,-1.275130277275418
0.14119838240926752,0.11321,0.1921531772250265
0.4815023488732162,-5.46,-5.664166223960482
0.17032903497174207,-1.0077,-0.8309389815839869
0.17630397032408687,-1.5599,-1.647151613946376
0.11227077912713784,-2.5908,-2.471476417030216
0.08614720764630981,-0.8513,-0.9122449360783128
0.45302675041935286,-1.7244,-1.306813071330725
0.42685786652203456,-2.3907,-1.845161178357549
0.37453615405891744,-3.76,-3.509802238789502
0.09308090004196565,-3.97,-3.957965651843893
0.6079604093306359,-4.92,-4.319831919035247
0.3701579881493736,-5.22,-4.874469134393804
0.5422945036473952,-3.1115,-2.339197504549808
0.8898882857683335,-3.35,-4.349663496164076
0.4309560044333882,-5.42,-4.841260959517077
0.23778458679860642,-5.707,-5.472632396067593
0.13743763747083118,-0.56267,-0.5941106387109463
0.28134660933749245,-4.6297,-4.282873585541659
0.056384830479441185,-1.601,-1.625170631337645
0.40608921104249207,-4.52,-4.826543879669968
0.11050259823082709,-0.98,-1.075149219799406
0.22868618633386592,-0.82123,-0.5629759244998196
1.766093176375031,0.1528,-2.300079953076667
1.612866402461769,0.1528,-1.567915313904732
0.30049654348531246,-4.9148,-5.006721889471517
0.5855134875634499,-1.5762,-1.795507241947642
0.29805087792896673,-2.1945,-2.527353844444449
0.5116439908926921,-2.53,-3.167102471036958
1.1211563124135189,-4.0074,-2.602969913045917
0.7277690097678939,-2.58,-3.281011749505464
0.5200442246632795,-3.98,-3.700849661092652
0.0523742393333888,-3.68,-3.64903782517338
0.09242852710462687,-5.385,-5.320619060562864
0.014177448664882051,-5.6,-5.600288529275638
2.0059687056064495,-0.31147,-2.598090137467572
0.08492688952395808,-2.7493,-2.705278591582521
0.04367879611065615,-0.4713,-0.4690929324571766
0.2678398672717344,-5.3509,-5.320168626361347
0.4511405357477558,-5.726,-5.391546771472944
0.05952885415553446,0.4288,0.4521103201197164
0.15531799550633374,-0.7306,-0.8488414544992477
0.20149395730902062,-1.2727,-1.088979133008046
0.06082202536016749,-3.952,-3.971838610921772
0.40919067594041986,-2.8343,-2.35678583250197
0.3994714610672233,-3.66,-3.314106841102459
0.15688170839724322,-3.35,-3.262920313543835
0.793612631926769,-1.5972,-1.311274941898511
0.6989925895391633,-2.4837,-1.624588366268176
0.060142694379824675,-3.1123,-3.103487616063609
0.14764286221599962,-4.5169,-4.522944613526748
0.12543272430612606,-5.55,-5.438798631510849
1.577779773735367,-8.1906,-6.544912566962671
0.8221970738209962,-6.5492,-5.760115093265449
0.13626955675679717,-5.1029,-5.246871293441034
0.07706789073914214,-2.6945,-2.670821569438441
0.367993469041024,-2.0635,-1.865609135551639
0.1945045529572996,-3.6654,-3.648398582459417
0.651882492732083,0.8264,0.1001118012844219
0.7065152447234095,-2.9152,-2.044112052435216
0.8001886983940061,-7.2712,-8.069302788455904
0.06595192178670334,-2.0896,-2.046789163133603
0.27393518595992744,0.91272,0.8016557825622277
3.4588492394596813,-4.23,0.6751792793795448
0.2937783038411696,-0.97224,-1.167345333902631
0.15166093690573937,1.0499,0.9421393908150812
0.7514866200949964,-0.92272,-1.90707203120005
0.4651951117306337,-4.28,-3.837815362980999
0.9481877745820232,-3.58,-4.541646888915254
0.601724089192607,-6.3,-6.530539350393526
0.4264901716811255,-2.52,-2.743723254321786
1.1621910456937414,-2.6419,-1.892182763135536
0.05363629037925808,-0.07,-0.1267134700259794
0.03436453420607483,-0.8,-0.8016114784906007
0.6690561140998232,-7.36,-6.813898385629191
0.6864479465324745,-1.9277,-2.671663006018165
0.533027327921702,-1.2284,-0.7352548177172573
0.15415960877669405,-2.7,-2.844546167733085
0.27589859489141616,-2.5953,-2.730235484853022
0.26159452816709794,-2.6297,-2.647614618423157
0.20738703536041592,-2.7298,-2.779267178032113
0.7504303614624976,-1.6,-2.423642218603351
0.2882370314840751,-3.097,-3.245545058328943
0.5847680223341866,-3.58,-2.881094167388136
0.1239719703362276,-2.3374,-2.22883049513085
0.3673884671923269,-1.6261,-1.89828671308424
0.4412039469115736,-3.54,-3.878953020197182
0.3391403655255177,-2.0809,-2.21211465306413
0.5926053804731723,-0.73269,-1.240533713069977
2.1900240591779623,-4.53,-1.377703292420151
0.26784074463444424,-1.6377,-1.458573594736633
0.19073276378138765,-3.656,-3.7617868713254
0.22554794669676664,-6.2604,-6.186559142235327
0.8039126727446358,-1.6136,-0.7637197343393117
1.6449776959364788,0.049142,-2.036535216065679
1.7264563683193404,-6.5707,-4.158369184487206
0.24956849446952947,-3.7327,-3.768402829171683
0.6085500417616551,-1.9424,-1.251622902198393
0.5980569647856099,-6.796,-7.449678817855251
1.1773284347199944,-2.63,-1.144940569100684
1.6950608080740994,-3.3016,-5.493122271085213
0.40639128103919786,-7.278,-7.227236395765965
0.25041425588358873,-2.7473,-2.543001308449973
0.8852409078826311,-5.15,-4.215177395513199
0.4214076966242203,-5.6199,-5.196684535568554
0.23236805569434185,-3.11,-3.390498672117396
0.24587328962137034,-3.2625,-3.295901111474021
0.5601101375502061,-3.3513,-3.892308527199121
0.261845561889621,-2.1001,-1.846325134322604
1.0447581528082486,-4.0276,-5.261268033200327
0.3562379695322689,-0.88988,-1.259830364945254
3.6557063095427793,-7.4953,-1.726693271062579
0.4259217069850041,-6.89,-6.477771183546161
0.1453970521374747,-4.29,-4.399344741092923
0.23599713064931233,-2.35,-2.412104342922799
0.1827968576190272,-2.3052,-2.241014884944393
0.30934005782951923,-1.9153,-2.137202479539795
0.2412174673125611,-4.25,-4.460389919401392
0.08204781944575058,-2.7993,-2.802143909807388
0.15398950126920577,-3.6702,-3.600710570810424
0.5045617097176427,-2.72,-3.250049555940809
0.3863050597487212,-3.209,-2.742640706244672
0.27855280620839273,-1.9707,-1.72699444813612
0.3708060544862223,-2.6313,-2.993537845222515
0.48588001153113053,-2.9605,-2.380761141962894
0.1343398186888095,-4.5141,-4.395989520630787
0.13784265147993258,-1.8244,-1.8234610041388
0.2896757106354872,-1.5687,-1.700582098448009
0.46701492733196986,-2.8829,-3.148176136657902
0.3377309070398669,-2.63,-2.425819581509129
0.9737149783536146,-0.18,-1.446703745083722
0.5441169650716233,-2.55,-3.247878700184412
0.5621293118571182,-2.31,-2.961594068411896
0.40491127803769766,-5.3831,-5.428088363767737
0.4132762158916637,-6.5899,-6.523240010889505
0.09800529307365431,-0.83,-0.7409565409824541
0.08882684436426429,-1.4446,-1.401256059816967
0.19089068540701706,-1.3202,-1.443684372232521
1.0235727867601285,-5.5231,-4.704347267093109
0.24233495616709985,-0.17845,0.0559656876524729
0.1829063239771273,-3.9208,-4.033098404586422
0.1185246083043205,-1.32,-1.220089561307542
0.2969846815671733,-5.0688,-4.802069831241482
2.1400721667170934,-8.512,-5.503135784018744
2.0634849457031494,-8.512,-5.902687001577297
0.2811683999809585,-2.84,-2.594522972200469
0.38058716442982665,-1.5598,-1.963758876683671
0.2373268719826928,-4.875,-4.79048295537457
0.12266655032095157,-1.31,-1.304160454354188
0.44785705544366167,-1.9773,-2.48639496803334
0.25206180824896846,-3.71,-3.563308041990459
0.2639873390971283,-5.7484,-5.537492578568743
0.4829056146846665,-4.0218,-4.567555129822463
0.2157331268098981,-5.64,-5.405253904274949
0.16371768453105534,-1.4796,-1.321984162087446
0.44155486089172385,-2.4939,-2.034118128077137
0.08312367421766079,-3.6749,-3.706010338793686
0.23190541127239647,-2.5595,-2.542118502858464
0.05241443507758047,-1.5867,-1.603426078262771
0.08964391823190185,-6.243,-6.151240172408382
0.5468892379668233,-5.4154,-5.485772526188758
0.4610487544515628,-1.6348,-1.123522267655309
0.9062273969825483,-1.8465,-2.907151605020307
0.18815364135790533,-2.6313,-2.43531770267248
0.035804803722289336,-0.27272,-0.259188536654714
0.10612804943181102,-1.601,-1.518848299724293
0.1258966211889417,-2.419,-2.393385389533824
0.24979242254518913,-3.4373,-3.305029290200573
0.5343858778718492,-2.89,-3.558529530673404
0.9277021532576154,-2.8522,-1.749422760422726
1.314006128357765,-3.8841,-2.376351553722337
0.5687893744320981,-2.3193,-1.610826547061684
1.1980100227607755,-7.9658,-8.682969314710613
0.6846819170347918,-3.5903,-4.307288828318116
0.050192411169831044,-1.601,-1.589249714758717
0.07700216418493183,-1.8406,-1.909530920185305
1.7886027464785699,-3.9106,-1.479575577938547
0.3947801206977626,-1.4445,-1.160328252375775
0.6220365230167755,-6.4216,-6.471517181900604
0.7868354303165114,-3.73,-4.611851982954004
0.08482305055303332,-1.72,-1.880892023079939
0.16979463737545736,0.61416,0.7474379925920508
0.23840300448028887,0.36221,0.1039738614691363
0.8722960651122805,-0.90109,-1.815849689397386
0.08806844594528523,0.36221,0.3027655965432906
1.1213386616367453,-2.6418,-3.822779754855773
1.4612939762944888,-4.0127,-2.915503111772067
0.38111281891802695,-3.9692,-3.807328464360861
0.8311365746913664,-1.7373,-2.169626491427792
2.4503549755215905,0.41483,-2.415708952995238
1.6454500373958405,-4.794,-3.197055957278752
0.2694602299123238,-2.46,-2.126956022532809
0.10267868964916094,-0.084504,-0.0563945993591781
0.7727288532855906,-1.6136,-0.7669402136655961
0.30908139861101797,-2.7227,-2.791061488423009
0.3883822419880593,-3.63,-3.534803744320413
1.6705785319572366,-8.29,-6.361824961429251
1.9965415962161077,-2.2047,-4.547825565095504
0.6622307580039007,-1.9973,-1.306899198355046
0.12139435530573842,-4.3713,-4.40043955394815
0.060686998859538724,-2.1793,-2.182625185987625
0.0815960463678463,-3.37,-3.335652544030803
1.4898639756129115,-6.44,-4.722981109453606
0.2189460579154092,-1.7942,-1.894776187796954
0.35642154489744265,-1.2722,-1.281588649063591
0.19214421732996725,-2.85,-2.834894301693599
1.494371058061409,-4.2,-2.897695078583892
0.41948318024701936,-2.3,-1.913711413929819
1.386205558976689,-7.5346,-6.277697652032623
0.8766202545836222,-5.4184,-5.888353580290739
0.20991597979715648,-5.285,-5.155947360747339
0.353450743797132,-5.1079,-4.736853437453635
0.24653936358648834,-4.1471,-4.229771174783975
0.9264058527261864,0.4369,-0.5094897167349905
0.07801734671070477,-1.08,-1.145571599240552
0.5525250430463376,-6.28,-5.808101168866006
0.54321082979257,-3.015,-2.463290340491134
0.1361600013712977,-3.1059,-2.99261729495539
0.07974147808634591,-5.71,-5.598751683799717
0.08482305055303332,-1.8896,-1.880892023079939
0.1151696969299328,-5.16,-5.067997660543419
0.16187102380952342,-2.1964,-2.337177123434024
0.05050857491097008,-3.175,-3.156745724487273
0.7004557112936,-5.1134,-5.354210067356359
0.8073518403485473,-1.8255,-2.362522380131629
1.0742557115256752,-5.3781,-3.861117589284027
1.3524152874158495,-5.0206,-6.594586168449497
1.0087035592915612,-7.3237,-7.561087116523435
0.585994119105088,-3.35,-3.918674979640404
0.42190957394160394,-4.2639,-3.960601242102018
1.1297896014230517,-5.4566,-6.183542828421561
1.1297896014230517,-7.7199,-6.183542828421561
0.25897164915640897,-5.3,-5.101031476792347
1.5005951978405232,-8.9896,-6.975487698306039
0.21832502271321075,-3.2865,-3.422989135351693
2.6111093991985523,-3.3291,-6.72581690832126
0.6863229437768125,-7.0122,-6.227296709406696
0.7243205855364231,-4.6355,-3.720232913833598
0.7686718613423957,-4.6451,-3.594962307021183
1.203729216262933,-8.0681,-6.831056693296523
0.09954817866382823,-1.6641,-1.752332886736747
0.1683851008470062,-2.3561,-2.348953302058916
0.03765528609969173,-1.4713,-1.418889044796477
0.21796472035933834,-3.9076,-3.810102323501204
0.47054913902299483,-6.9865,-6.920255386738971
1.1907858004516485,-5.2465,-6.301166432544752
0.045591206918699265,-1.55,-1.519786912236568
0.5035172858530914,-2.47,-2.927581514339658
1.1063960728398934,-2.5863,-3.750530447371099
0.6854393220455712,-5.0134,-4.544724054087555
0.19894496422292235,-5.7553,-5.627028152676759
1.5335508333889698,-5.1388,-2.880813458172645
0.5035172858530914,-2.41,-2.927581514339658
0.05206278315884055,-1.98,-2.024997072439024
0.15183800964267982,0.5898,0.4745394421119907
1.7546296806108053,-5.4122,-3.340040742706845
0.9548070514617837,-2.1339,-1.062561702078728
0.6186999539868183,-5.7304,-5.236215273059965
0.4354676670095705,-4.0525,-4.365159207724884
0.24669342732107075,-2.2416,-2.326775437518995
0.44335547276797,-2.24,-2.737582997720151
0.32487403158853956,-3.03,-2.748757680773519
0.48776417875948147,-7.5245,-7.923154282804694
0.6675187029749189,-3.9873,-3.359701960818962
1.2070040009572396,-6.3736,-4.829812768058368
0.2799101329703505,-3.2978,-2.969637286253659
0.6257129955622875,-7.52,-7.908351505099116
0.18256885745422907,-4.06,-3.894145912903205
0.5463296288569182,-3.015,-2.303930198531166
1.1911285948869041,-5.1348,-3.913861916561746
0.26788099713286334,-5.1721,-5.405372091976609
0.27188121314407493,-1.693,-2.071686797619587
1.1729695886123688,-3.5168,-2.167036549772412
0.08601570194138615,-1.06,-1.082563475739587
0.5178639233657346,-6.222,-5.768906621028181
1.8310096515183125,-9.472,-7.217991464571242
0.8345828875354282,-4.0218,-3.184401818272307
1.2336806479280833,-7.3556,-6.349580645434433
0.16300797720117088,-9.9746,-9.800167683399836
0.8802890428609732,-2.6567,-1.603979834836086
0.37791516426432764,-2.3419,-2.855976701463724
0.5203650647760635,-6.8657,-6.447295680845061
0.7837620209965195,-4.8715,-3.821556071972452
0.29877606594219963,-6.41,-6.10109646086973
0.48630244568490966,-1.6566,-1.167650992620102
0.6810350726406529,-2.25,-2.759543171389148
1.408864470630918,-0.5781,-1.815471342004981
0.7639751100541035,-5.2703,-4.343983676797697
0.608550304244493,-1.5469,-0.9087870242986456
0.5382615868852672,-4.6215,-4.253594576355588
0.207878864946525,-9.9746,-9.759259578607605
0.2811735052388777,-4.08,-3.87573327854872
0.7451952884287237,-4.0432,-3.256529179202112
1.599322183716865,-9.1177,-6.326751978891334
0.503629359660603,-2.59,-3.120688319242459
0.20400560874383242,-5.1464,-5.084757286136828
0.16105247394497726,-3.4515,-3.420834589412006
0.07464240714941033,-5.2325,-5.25354643209116
0.4161601974392903,-3.3577,-2.946271715743207
0.7375227815000228,-5.8837,-5.087347817877415
1.5554834460640656,-4.5324,-2.574297488924834
0.18068032319007832,-2.91,-2.811718220864806
0.17851899764804746,-1.8954,-1.894349109978825
0.43828156615610625,-6.7023,-7.02799433165077
1.227949216615513,-5.2994,-4.605614851409139
0.37035840607458226,-4.44,-4.767390362082181
0.48128415531425195,-3.29,-2.827093043733132
1.4765706841286825,-2.2666,-3.838753589696307
0.6557900984403234,-6.2691,-5.822657458179405
1.211801576034733,-7.8216,-6.512590845980561
0.9267708319248004,-5.5677,-4.688943289255477
0.9718085452707926,-7.1239,-6.974789656967127
1.061101136805033,-8.0702,-7.032296279318906
0.4718181357788579,-4.7801,-4.725877836442843
0.8629642219136352,-0.96243,-0.6206001331091806
1.5012486890382573,-6.7972,-4.945823358517035
0.657934929992569,-4.7668,-4.725850196595376
1.3036368584405218,-8.2502,-7.108660657015124
1.692890278662687,-5.4868,-4.047732545605303
2.05358768527259,-8.7212,-6.597848236481045
0.752716093476818,-7.378,-6.761673089283549
1.5238992588225286,-5.3457,-4.24242557644692
0.46768512667805523,-3.955,-4.146695527484139
0.16663677634667892,-3.8361,-3.918525204700519
0.44366578351461233,-6.7571,-6.805627105267371
1.6227510956809084,-6.4456,-4.587153621434343
1.8384765217560588,-6.4785,-4.514523978868525
0.21608511497105595,-3.4483,-3.639556511039265
0.30272097235149326,-3.7694,-4.015382002941779
1.005253638038643,-2.4129,-2.813947924856174
0.17752878106067432,-3.6282,-3.730190051005615
0.980359213683536,-8.3466,-7.244600067555143
1.1044243804357263,-5.22,-4.087869394081577
0.8703846452343482,-6.0753,-5.277345995491953
0.4875983994614914,-4.4255,-4.615435498514666
0.5696969223708643,-4.8218,-4.195150237360089
0.3104024840522119,-2.7681,-3.059829122727723
0.3698467062516959,-4.66,-4.322219916714838
0.5779201878441703,-6.4498,-6.642841075225531
1.7785677792412866,-3.9886,-6.274710500149441
0.1463968358855598,-3.6404,-3.637332986789234
0.4892841011549256,-4.7884,-4.534351902364377
0.32451401879951614,-4.498,-4.510910046063336
1.2030329822374617,-6.4511,-7.759436057454118
1.096169213283084,-5.2724,-6.12597739593086
0.8892166135048324,-5.837,-5.010425579009462
0.34100673562765993,-3.9093,-3.600856602226797
0.37233028261115697,-2.7346,-2.983702132281711
2.698614167038248,-0.23161,-3.861789842983845
0.7902419377791726,-2.2111,-2.656691007462676
0.24215586778307888,-6.77,-6.668369739497606
1.1502886704291782,-1.2194,-2.536048390902045
0.5697513680338012,-7.708,-7.642185634378377
0.6873939556411144,-6.6497,-6.151795274960152
2.544105812429012,-3.375,-6.294242640771319
0.7169532226210984,-4.7247,-4.355479693375933
0.6307189764065162,-6.2049,-5.642119698685382
1.3542906381798243,-6.9644,-5.335174717884074
2.7130746871224614,-5.7252,-2.671605226695945
1.0095075906826734,-5.5399,-6.494288269761885
0.7138788666377419,-4.5666,-5.255639028723628
1.1307183480530836,-4.9604,-4.045431730622124
1.5403633882681285,-8.9978,-7.102953136280829
4.054133026471851,-11.32,-7.481160258428147
0.2072261767702095,-6.8995,-6.877922448374656
0.2996904845039813,-3.8515,-3.747440220739326
0.48755431527238824,-8.17,-7.858476282240618
0.5878358335722116,-6.9187,-7.179761131390929
1.0770353202167309,-8.4746,-7.70285127798407
1.7426772575131602,-6.8063,-4.768163050959703
1.3201325185638333,-5.703,-7.170570707127336
0.9873790076630232,-5.514,-6.467117145655158
1.8453396671778466,-6.4057,-8.354029433141655
0.7232376863303037,-7.1134,-7.566699801735053
0.9966322757580552,-6.4339,-5.793779499286931
0.8953894904035696,-7.2431,-6.354956264591667
0.28677161458423667,-7.0942,-6.999144972772402
2.564330192484843,-5.8774,-2.939443096280152
0.8406499016600022,-5.53,-6.144037238501602
1.285066169468898,-6.0578,-7.594387568081139
1.434890356701532,-3.6512,-5.613268367415058
2.594088033838897,-5.7566,-8.509146524098075
1.278311245409257,-6.5538,-8.160608402433963
0.508083061942251,-4.0553,-4.178693674596221
0.4309486572709278,-4.4656,-4.165322098329545
1.1224871177614497,-7.4057,-6.246261792177929
1.3146663711631477,-3.3018,-5.142582108212457
0.6503922395380805,-6.2177,-5.397427224281127
1.1728630039092127,-3.2078,-4.315572249144461
0.5207063561048392,-3.3589,-3.458165839607441
1.782889694074373,-5.7117,-7.78769269963286
2.3881230047438535,0.10896,-2.859931747543079
2.119734718539698,-0.37192,-2.613484470457761
0.8802725200866961,-3.0266,-3.992542209578905
0.14006434367021237,-3.3795,-3.490298556899644
0.722937125414369,-3.11,-2.302488300375257
1.3431070382127615,-8.194,-6.686058611001519
2.5456899551726218,-9.3076,-6.378958444619059
0.45655111151733485,-0.8012,-0.8854193629045033
0.5336286853937906,-4.5217,-3.890922235555181
0.45118002679573793,-3.1398,-3.446101731470191
0.5694247548259334,-6.0,-5.365677117864879
0.16875530782378728,-9.4547,-9.275599384843954
0.03947483303926944,-4.1157,-4.137187994097095
0.7499327924442325,-2.7802,-1.797568632597728
0.1549631465006027,-2.8717,-2.812522784619337
0.809675345753689,-2.6301,-3.65171250018436
0.9431908718347376,-1.2726,-2.6372264852154
0.39024140075587566,-4.38,-4.766034889721531
1.1180977493401314,-6.1797,-6.63102254830323
0.49471991296215734,-2.1675,-1.656592814996912
0.6746210099529907,-3.0148,-2.154990597406642
0.1480991096811946,-3.12,-3.278334987339917
0.6046117984989248,-3.39,-3.984820275699396
0.14734644116919168,-4.6,-4.534058542630756
0.49591413937035805,-4.56,-5.046464615461346
0.3446008681129613,-2.7429,-3.121995762051303
0.23736873510290424,-8.2873,-8.186172951753072
0.13268131532126556,-9.4547,-9.581441977054412
0.23592587893694966,-5.5728,-5.788938465809106
0.1501599310352137,-5.8897,-5.837319328431684
1.2400958959990382,-7.6395,-6.733240003556233
1.1465205693021499,-7.9452,-7.106557470338478
0.26653662667468336,-1.5061,-1.177543291375999
0.17697517972609472,-4.09,-4.200539609598608
0.13299988346471903,-4.1355,-4.14835187652089
0.6574179280627913,-5.0826,-5.577215787567475
1.452162777434573,-4.57,-6.185403755759395
0.29662613097022583,-1.0558,-1.280063462094801
0.5406738663576416,-4.2703,-4.69076327731993
0.33783102106126317,-1.049,-0.8299642587046261
0.43678720760726136,-2.5687,-2.111357651538214
0.03963472123079695,-2.5596,-2.539023878946632
0.9852986093548074,1.0597,-0.2388740649845699
0.7614291698485499,-2.37,-3.054382207234605
0.7181357294687427,-5.2374,-4.581773820737062
0.35067577950161455,-2.4323,-2.499312709759069
0.19517222403789766,-1.2047,-1.035024686460005
0.08779596714985054,-3.95,-3.973510926152483
0.14805687093912784,-3.02,-2.944768713746617
1.3320759111250027,-2.32,-4.078381633242216
0.24370325586497546,-3.5989,-3.342598967686055
0.02340459476920563,-4.1157,-4.08866807033997
0.09088093402598775,-1.4617,-1.415443154106281
0.7473077054631834,-1.2971,-2.250391887709609
0.8287172552032729,-1.81,-2.654543172341641
0.4034012004069295,-3.5614,-3.970596952092905
3.3721989635011744,-6.6008,-2.61050000391525
0.6953440767926082,-4.9296,-4.048915964512311
1.2767515891380183,-9.33,-8.066320658170806
0.3720501334996245,-3.6168,-3.541147780733851
2.038331774006424,-3.857,-6.089163027623423
0.4423410903726311,-2.946,-2.559457710592967
0.3172906406373803,-3.0962,-2.767160156282881
0.6641633962924304,-2.13,-2.900499877298607
0.6954123651819617,-3.0197,-3.772633715139921
0.3360872260840442,-4.1213,-3.75242123758314
0.4075681463068232,-4.088,-3.706347706508083
1.0320243164389824,-4.1588,-5.084990127748677
0.36170302303619123,-4.5,-4.370657220763426
0.576856802258229,-2.8959,-2.239157721625863
0.14876024616952863,-2.759,-2.800647643378022
0.344549451069225,-2.4464,-2.152761739276535
0.4510428749146083,-3.2033,-2.689416254265308
0.06148370234365891,-3.175,-3.109811371509362
0.37716643898793284,-4.2169,-3.893903545285752
0.18234470387223894,-3.6964,-3.539187298888035
0.8995285385705428,-3.3105,-3.869913518876971
0.6933816949021252,-1.3741,-2.079973833166397
0.44510791354854407,-2.7393,-3.129272770947366
1.6693293228235602,0.57462,-1.752848987456845
0.13159503261624741,-5.8436,-5.843303447770102
1.6760422908068304,-1.6112,-3.922873757647088
0.4978499227991655,-0.66778,-1.213413167398372
0.7024345758628623,-3.128,-3.428846009757764
0.09017907353066175,-0.5629,-0.5673514914372214
0.34153256693990924,-1.3752,-1.049970518303621
0.5304101885843635,-1.7504,-2.346569394805468
0.8311099346769194,-7.5096,-6.827265026114503
1.219179854428572,-4.8072,-5.964891855668853
0.8072183910815158,-5.935,-4.833695925164823
0.12186477924201738,-2.8808,-2.875824208002946
0.9168729250009429,-7.22,-6.14317700920809
0.36637210131199505,-4.3745,-4.590252233674859
0.19821447841751724,-3.0006,-3.129329597540729
0.3593667924192199,-1.3067,-1.606866691787804
0.43580772478229307,-1.2135,-1.508536259419034
0.4284061314090987,-4.3431,-3.90636262001809
0.4729815383999884,-4.5621,-5.044013841541691
0.12079112876247876,-1.23,-1.352695322340028
0.5452553752802497,-4.7,-5.323555478239808
0.601462515728945,-3.7468,-4.37114220330615
0.10392593557214433,-5.1926,-5.101664740013963
0.25615970378987246,-3.8508,-3.598259379391184
0.273695657078013,-2.819,-2.629630756333918
0.21825665801452285,-3.6733,-3.479701972350679
1.0095444373425844,-5.3049,-5.933860525964848
0.2458151711798817,-6.0319,-6.231006943864057
0.2683232511919378,-3.6132,-3.340924406659061
0.4491192213271571,-3.9573,-3.543194380802792
0.45678804498168984,-1.7239,-2.279512886881488
0.16519193490469028,-2.8629,-2.883147773582513
0.42167530373362133,-4.2626,-4.294670900343527
0.48154370066006,-1.5687,-2.120242594767941
0.3651784866323045,-1.087,-1.425810995474419
0.21536817364616287,-1.4995,-1.631387985728074
0.14295100242929626,-1.8456,-1.925384444039416
0.4266803540359133,-2.6468,-2.849436118502955
0.9461719495377591,-0.76,-1.980130013489486
0.1139432722928213,-3.078,-3.098084256618433
0.27468268924497236,-4.3675,-4.103155568390852
1.118193101711618,-7.2502,-5.85181108761088
1.2218303061501823,-5.7601,-4.376357495678084
1.0253117127144462,-5.1439,-3.920014116305114
1.344475524451451,-4.0546,-2.30683013834175
0.48965513632720137,-4.88,-4.362208219211425
0.39627558459113416,-3.16,-2.984112887416658
0.5471722042741979,-4.875,-4.332348462788881
0.10338723643093123,-1.5909,-1.593135317697985
0.25031763997437323,-4.2194,-4.337354342652317
0.38205368448453947,-2.31,-2.583919216922278
0.20112074035504066,-1.83,-1.759093178956831
0.10513977353991782,-3.6335,-3.689627344246845
0.6260011718050082,-2.2488,-2.927431527776875
0.34604359161484355,-2.0632,-2.354017290359049
0.2587564234280101,-3.74,-3.942004895505068
0.550429698822107,-2.3017,-2.891869527966118
0.3335733067452943,-0.64008,-0.8956692406788269
0.3216910507301827,-0.38063,-0.1632128874101452
0.5036702010550093,-4.52,-5.04529547163034
0.18057840401637568,-2.9426,-3.133323521349342
0.2774860908873114,-2.9569,-2.733621481192589
0.23056512938931953,-2.9431,-3.190957628749498
0.29890677318763315,-6.77,-6.561631330162506
1.431240602278861,-4.487,-2.743764219946976
0.19214870186105945,-0.6334,-0.7398018952036602
0.7885152945054849,-5.5004,-5.852015723968046
0.20339399609651984,-4.1504,-4.271108359518839
0.2874810118128384,-1.6021,-1.261967191547726
0.9657323891592772,-6.11,-4.955478242028728
0.6797026221493679,-2.5094,-3.166974616468668
0.7094385519311828,-6.693,-5.905207749794743
0.8513296854423121,-1.3477,-0.2048071041263753
0.7041490046599885,-1.21,-1.95616125521508
0.3891359306152684,-1.2416,-1.598115881711933
1.2911104488546947,-0.2096,-1.725037585049291
0.3538280524916587,-6.7554,-6.413262079111947
0.3478927905075675,-3.7065,-4.056155626104668
1.5491987152220685,-0.42,-2.460446655517524
0.48365612714073064,-0.45924,-1.010226187576097
0.3612747468059533,-0.45981,-0.6942811015196436
0.25448566111475307,0.5233,0.306257953644162
0.6838530494653914,-4.5049,-5.137034566697109
0.8027861577582749,-2.59,-3.609913594816003
0.4536040882331487,-1.6652,-2.133057431549545
0.20782139444633757,-1.7445,-1.70867722631358
0.8082213654786783,-0.5946,-1.632731689809572
0.5921287776208318,-0.79375,-0.1821295416871023
0.5660171606151638,-1.72,-2.339637758260693
0.3438475078455088,-4.71,-4.458529223356575
0.8573312177270697,-3.675,-2.691267207469583
0.6811407516912262,-5.6221,-4.975877856428449
1.8623229079147334,-5.5333,-3.484950406268634
1.240427868620311,-0.9738,-2.603804985665974
0.38095795834901786,-3.3436,-2.935077932888166
0.30189895180120374,-2.38,-2.639682530942763
0.29879317976504877,-3.5728,-3.908304974597562
0.9307210822642916,-4.3853,-3.373041803256992
0.7247315631873161,-5.47,-4.931267477452033
0.4789913087984,-3.1662,-2.623224043771404
0.5352567887087294,-2.198,-1.795802651558063
2.281864155163816,-4.6673,-7.675536940141304
0.9837676789661794,-0.62298,-1.503376957709524
0.8973861347813249,-6.3278,-7.204199657864805
1.246246094898129,-7.2331,-6.208059776764138
1.6283059796480512,-1.4506,-3.459188465749252
0.7501427769580076,-3.8838,-2.961987670001162
0.3415723193109171,-4.133,-3.893230628785501
0.9175361664918564,-3.8854,-2.843386653386572
0.9514980954804652,-5.27,-4.234145573457763
0.2790497564995867,-5.6568,-5.536488194780565
0.2521919600474148,-2.2653,-2.485255326063029
0.5287581447849413,-2.6355,-2.029218077967622
0.32749836855948894,-1.79,-2.004459326096047
1.427551387581999,-2.84,-4.700428742477753
0.24668962419043122,-5.1521,-5.224521670090978
0.18265342938339482,-5.1521,-5.220206156609308
0.9142966881855961,-2.726,-3.974207950316853
1.0053621768305425,-1.502,-2.686929658142661
1.5187495432993163,-8.6886,-7.315423513647933
2.9306574188672077,-0.3146,-4.032763703558926
0.27195413377133393,-1.5684,-1.626135607638897
1.6083367627463878,-4.2006,-1.840548595697721
0.49704581706430473,-5.2429,-4.722853526344768
0.3219894021307429,-3.6431,-3.944187811686321
0.53324164376407,-2.0053,-1.598666512853276
0.27666706244571326,-1.319,-1.398851859152915
0.16077767180367813,-3.6545,-3.609584568281917
0.49625318086933423,-5.6805,-5.125500116938954
1.6865574146039433,0.53751,-1.647597949815184
1.4055934846711469,-0.83039,-2.570514103272791
0.4723696017669321,-1.2109,-1.581565329904102
0.087926886094117,-4.3713,-4.373191629739077
0.5678085764328522,-4.8058,-5.504983423095412
0.8949116306390472,-4.8553,-3.772042602998495
0.532533278229035,-3.7892,-3.40524284761672
0.781621241974832,-0.1995,-1.029391212825721
0.38230056353776404,-1.14,-1.373469848377959
0.6544638892445661,-6.7025,-6.198283446060634
0.8907702766745875,-1.2266,-2.326183355555522
0.5245331189834657,-6.0535,-5.983537971252559
1.82553873208382,-4.3812,-6.697321763612301
1.306241438892612,-3.0265,-1.354024243028938
0.2994864531021445,-1.6101,-1.371544756606337
1.2518028735849054,-0.94677,-2.264034828761861
0.28980703839494437,-3.5411,-3.627591115557705
0.42251049973318516,-3.41,-2.955534300550138
1.5166182656101475,-6.816,-4.864195504421827
0.4408927922421963,-0.759,-0.9554724702025732
0.4201084741175957,-3.4417,-3.092059705612031
0.49291915408915193,-0.1211,-0.5224749185389264
0.2796464994606088,-1.6253,-1.895867579149846
1.36397689188308,-2.6816,-3.796190815443924
0.6899853566099641,-5.15,-4.465203095919426
0.4034735720727442,-3.93,-4.239295340182865
1.0273280926992707,-3.97,-5.166206102287035
0.3213451702355289,-4.71,-4.586647020449779
0.7097392177179965,-2.62,-3.346351008299956
0.9569921391079543,-1.6231,-2.60646620332209
0.5207524156131207,-3.0,-2.562977454811699
0.32275286429540506,-4.878,-4.618404357326471
0.24966076995275915,-3.3972,-3.277246367632291
0.05536949587510811,-3.5983,-3.575564373367026
0.5279270151876614,-3.3988,-3.701071106575089
0.5675981774613399,-3.71,-3.248514833963795
0.5758775082576851,-2.4314,-3.032804886278505
0.46796621558235185,-2.2652,-2.676937276523272
0.5492382559096947,-2.3474,-2.966294048209419
0.4888756828651959,-0.31317,-0.7379905436264638
1.5751547930300305,-5.87,-4.154950326496968
0.337272381426989,-3.1794,-3.229835637947815
2.944958358997403,-3.11,-6.868394261328429
0.26571513544746855,-3.1699,-3.052594128752097
0.18544521223044458,-3.13,-3.271267111562763
0.3262077483952078,-4.751,-4.552336535667871
0.6850894319050542,-2.72,-3.321545571043825
0.30717609308546284,-3.9,-4.162379769334427
0.9734519699861695,-1.557,-0.2563712267853508
0.17091717225374237,-1.7999,-1.854797553330023
0.5336255851657183,-3.18,-3.536918297849086
0.07020551379586404,-2.133,-2.055060924872129
1.0058710686368748,1.0597,-0.2063207880396089
0.1633630155152149,-2.749,-2.750357269319196
1.1279081677038723,-1.8932,-3.560284204751252
0.29363308567723506,-2.95,-2.805567146096715
0.278476564075757,-2.9374,-3.049162456449618
0.4514303063891042,-2.703,-3.081850217499528
0.47683757766378176,-3.8094,-3.492646167634958
0.1816582242684756,-5.4173,-5.613605463687282
0.3651159130924296,0.26236,-0.0705802221145328
0.42251049973318516,-3.408,-2.955534300550138
0.5178683376448275,-3.42,-2.885527775266386
0.5760865951438138,-0.87835,-1.456387918892776
0.7365648839974015,-2.1456,-1.341054772678422
0.5633389016516221,-2.1393,-2.821030415762542
0.3689455952802244,-2.4601,-2.752822558658198
0.18715837017349024,-2.4086,-2.422333054416498
0.11290428158251568,-2.9995,-3.069777491815676
0.23887713203800318,-5.6042,-5.557014827402537
1.773341009433895,-2.84,-4.65125990022998
1.1738951189127989,-5.64,-4.148197521515709
0.12942323910329775,-3.3483,-3.304469027218386
0.4141458316337385,-1.6174,-1.212246698266975
0.17114203379428303,-0.6085,-0.5954638361420079
0.7159058911009113,-2.3929,-1.797030468550331
0.2287216548455114,-3.0,-2.833674761515438
0.5339282910103738,-6.6437,-6.226857557340576
0.33890542154348274,-5.67,-5.93097485920315
0.9369819358861278,-3.66,-4.512754036274861
1.5341907862224895,-2.1908,-4.064721433482773
0.46939327698526817,-3.33,-3.735749792446549
0.16986678095531438,-1.86,-1.954568933991784
0.457769451648437,-1.721,-1.16808163126686
0.30343057648857197,-4.4643,-4.199706153759312
1.5537168825812029,-2.1048,-0.3741601783544448
0.3977413215292017,-1.89,-2.327630113371018
0.6789048309435334,-4.9994,-4.295290889914797
0.1737377406650327,-3.0104,-2.920144095654433
0.2893047264837124,-2.7186,-2.484694793593035
0.5190451615833278,-5.9533,-5.812738754933851
0.7320845335302936,-4.75,-3.979111897107912
0.6001400612906462,-1.7213,-2.347795136050292
0.20074160300044538,-4.3868,-4.142058173819986
0.14664257187924487,-2.8756,-2.973316559324716
0.05680692900570237,-3.834,-3.853538969578879
0.11771246014709534,-3.8096,-3.759365316670572
0.5470612094242115,-3.2615,-3.83238521544819
0.34538903441533814,-3.2615,-3.604207107339584
0.1495304364676632,-2.0985,-2.105885538638858
0.5143071404764492,-1.8281,-2.357029851047332
0.3307172083817608,-2.2513,-2.616504369547492
0.9886964944390937,-5.4508,-4.222007731347309
0.18854408719184693,-3.4924,-3.32455886449843
1.3531257214191692,-6.7566,-5.233224159610995
0.3948680212435798,-2.35,-2.006271177144002
0.7725183246922133,-3.4053,-4.265909426389897
2.7776295201140653,-1.2802,-4.52449460127536
0.17451974176639656,-1.5223,-1.598699330868278
1.4722706869056639,-4.74,-3.978758401886131
0.39975904495412506,-5.6516,-5.412368954463723
0.7495385736690836,-1.5125,-0.7816311956259867
0.33958895863006794,-0.073,-0.3750211077083948
0.17538107153181337,-1.8135,-1.740557192672266
0.4839341649402198,-2.1554,-2.447937062803021
0.7846961192987573,-0.62844,-1.491445284047546
0.7337132190534805,0.62034,-0.207383559407965
0.5822715533198815,-4.36,-4.929654731940314
1.6753801392563028,-6.2709,-4.765455141532819
0.44161611018454217,-0.3602,-0.8153893799091129
0.1609810554470761,-0.2541,-0.3618459121464033
0.2062546811672924,0.26778,0.0691859362406406
0.29453163479267763,-3.4727,-3.258455079470108
0.3290338647294917,0.78902,0.4035515840261984
0.77480244041701,-2.31,-2.770700407810723
0.17574418853418408,-2.0024,-1.947119038686585
0.636067384816056,-2.5622,-3.305374295312205
0.503314889701977,-4.8493,-4.255474235585018
0.12845763085425133,-3.3503,-3.326272454992209
0.4255158983736742,-4.7093,-4.384497961625025
0.4501998227879877,-3.7304,-4.097677861472306
0.6942433343972794,-3.22,-2.552059124590287
0.43773795347849714,-3.6698,-3.225300641599079
1.0647087430449866,-2.056,-3.000986951011078
0.5978975212691424,0.1139,-0.5414868693030825
0.8617413682203037,-4.17,-5.109501219447814
0.5804310544272029,-5.2606,-4.668001182335889
0.8736452322062701,0.76651,-0.3138928398347375
0.8565677541734076,-4.0405,-2.943100721252648
0.2643247227608449,-3.2754,-3.247871599951563
0.44189300149864313,-3.83,-4.040844153277144
0.30861858714616686,-5.2406,-5.254525053345021
0.6305813155748935,-4.7,-4.075111632937121
0.18383581162900348,-0.55535,-0.7114416776250263
0.198186154674956,-0.1554,-0.0461735105606738
0.2040082946167151,-1.962,-1.979916060602473
0.8238081850236324,-2.0405,-0.9630259404215772
0.5581993687310287,-1.5927,-1.969763266605609
1.572751509051837,-4.331,-2.05591839690867
0.41501635953840915,-4.7,-5.05626290512106
1.4104217118082873,0.6211,-1.256605912150559
1.433183508305913,-9.4984,-7.91245829925125
0.29139269743391005,-2.2514,-2.544399620210817
0.30266799513385684,-1.5016,-1.654998421203467
1.2592737896345538,-7.8614,-6.587685711715595
1.0203227629917833,-6.81,-5.945613096830577
0.2197374464151019,-2.0988,-2.341176383988839
0.9535459752978919,-1.8471,-2.829333094514018
0.12789336550936517,-1.7334,-1.746151003412157
0.45636939652760034,-3.0983,-2.570103812796658
1.6200572024121336,-5.956,-4.218343806404063
0.3715042205874466,-2.4762,-2.646002288674527
1.703357778815806,-7.025,-5.198929989861123
1.3205083665695247,-1.5171,-3.328941707194997
0.859797512888008,-0.48955,-1.286008976719585
0.38683595602295623,-5.04,-4.861186984279238
0.3295695346372513,-5.46,-5.436871812768227
0.5701028065651199,-4.1085,-3.8338211432358
1.2162828675675126,-5.32,-3.97799451001783
0.3579879679345839,-2.33,-1.945463963875043
0.17041182381402709,-3.37,-3.43783721056323
0.0785600241564165,-1.8181,-1.829019675491116
0.33297854933870646,-7.582,-7.781210778304828
0.77676079806655,-2.91,-3.670497387101006
0.5471953043859561,-4.4292,-4.09780091507673
0.5297643048930157,-7.2227,-7.030830686942418
1.4260055055184626,-6.4978,-4.952594924742213
0.11521522461313717,-3.3503,-3.356381458675632
0.16569627402772688,0.0020591,0.0272447032525918
0.19039276599432514,-0.0719,-0.2465684058816338
0.24633117905002563,0.749,0.8866615357964944
0.28820240818085613,-0.35379,-0.5500928461657997
0.32631294739047595,-3.82,-4.049123253768375
0.8039526811244064,-2.3709,-1.473204922711365
0.3315438253012294,-3.9418,-3.664027250769938
0.5787975456444364,-5.774,-6.086178109494064
0.9143982928202142,-3.5891,-2.615944875150048
0.6336055486699125,-1.5124,-0.7701625095977956
0.20842968151390678,-5.0168,-4.93977533707741
0.34532618726482084,-3.35,-3.558326918974952
0.9862603286266889,-6.1094,-4.825531650280428
0.23101832197565694,-2.0575,-2.118234500060538
0.1832148179222066,-2.8951,-2.866845168233588
0.2167849078899825,-3.9133,-3.948425085628191
1.277524114976009,-0.94999,-2.669295254259957
2.192590994897955,-5.9768,-2.948424852103993
1.2529167192479544,-7.5941,-6.138819025511465
0.8333086256451597,-1.3429,-0.2698545657396852
0.5427083631947633,-1.2494,-1.766343741813809
1.2678760487302088,-5.2851,-3.889673418791165
0.37722525167889065,-4.4191,-4.508584750613554
0.803149189086905,-2.5415,-1.661142118849337
1.00128237893837,0.5413,-0.6444433376045662
0.41479538194193544,-2.9921,-2.618331419235062
0.24112804016823144,-3.68,-3.543399376529512
0.1311607601478643,-1.38,-1.291950644997173
0.31520210443206137,-1.0882,-0.7801030094473795
0.5576444902447462,-1.5686,-2.23197996842157
0.19343809705785767,-4.2031,-4.261765525132332
0.6936962564405595,-2.8437,-2.04705999796944
0.2091014359481919,-2.734,-2.908277931881275
0.8232843348323772,-3.4383,-4.386137058288469
0.29047400162032816,-5.732,-5.572624084270319
0.18583027840371344,-5.9142,-5.854647982284821
0.17980994157349503,-3.7562,-3.78306750942275
0.16725994731594973,-2.7218,-2.592753442138658
0.5970017111556407,-6.2014,-6.812099210244586
0.31214048356708646,-5.8079,-6.125694959267106
0.22104171235348258,-6.7586,-6.650265588496813
0.30760077332163677,-7.0821,-7.230006167447705
0.3048883589732368,-5.0066,-5.282078222738015
0.52503199478903,-9.8785,-9.556809172948157
1.6374786903484309,-3.3705,-5.234085333618838
0.361943588583824,-1.8711,-1.629845875803903
0.3778532959431808,-1.8344,-1.964239488948769
0.2573542739387258,-3.7931,-3.985661705158016
0.30211865126262333,-3.9707,-3.798227604157376
0.22862669113237089,-3.6164,-3.591219341797046
0.42401928881264683,-6.8282,-6.456221420648516
0.37769569623624066,-6.4757,-6.238305131270825
0.5865354650983768,-6.808,-7.152338709596965
0.0901259781987441,-5.125,-5.058348804720467
0.10650339906292648,-3.8434,-3.763671886537494
0.26350629008728055,-1.4769,-1.287202368532069
0.28193695009140346,-5.0206,-5.222807273457003
0.3435509997206024,-1.7507,-1.657127181071191
0.436806500245769,-2.4342,-2.031076264142858
1.1016785365221504,0.62801,-0.8632505596616323
0.4215375448014643,-5.2753,-5.0244255982701
0.3449301925444685,-2.9336,-3.155248320691804
0.5423858261943224,0.54695,0.0841780598681466
1.0964644670993045,0.6988,-0.7425363451060056
0.3117621938795344,-3.2695,-3.161233146263488
0.31915636753619847,-5.1356,-4.934554971482554
0.49397680152825096,-2.8574,-3.366953665038548
0.49555248445557476,-2.601,-2.981296369530282
0.4447216625178834,-5.0198,-4.659644645572454
1.5436691442001083,-1.7323,-4.060796002908052
0.34397380660971566,-2.6862,-2.623577282109092
0.34135847722241053,-2.3544,-2.646453570447965
0.3027631664066666,-2.2478,-2.060809239473071
0.4769450601590274,-3.5892,-3.986577609369108
0.18313471305990103,-4.7863,-4.934111710821499
0.6772123143524137,-4.366,-3.690536118284595
0.6772123143524137,-4.366,-3.690536118284595
0.46509263741667567,-1.3368,-1.625677044528828
0.06249843488189722,-3.1371,-3.133021886090766
0.09232084325023569,-2.6176,-2.585791588311248
0.6333508957704205,-3.8374,-4.19346881080369
0.42403113242167817,-6.36,-6.862947257135407
1.8401970287182416,-3.409,-5.785323561028211
0.3117675028038813,-1.2699,-1.536957881682568
0.3553410981137376,-1.17,-1.537647866496125
0.8923769642632463,-1.12,-2.253714967092459
0.1397889968763341,-2.3333,-2.11299996571341
0.16615761194592935,-1.3013,-1.416644126729861
0.2447956090884296,-6.8,-6.754061834975416
0.04978298200564737,-6.8644,-6.788094801409059
0.04978298200564737,-6.86,-6.788094801409059
0.24892683694622136,-5.64,-6.056965867658962
0.6404439715133828,-7.5073,-7.140896576376083
3.808647964491418,-13.1719,-8.173393213839987
0.9283413250148368,-11.4364,-10.7272719895204
0.18954483441168934,-8.5901,-8.449922070808285
0.19845081592764519,-8.7202,-8.70504158171863
0.7911198104534506,-9.1,-8.023889853751108
0.26491695654184305,-9.48,-9.191846621152486
0.17343710620205668,-9.1999,-9.339590426357477
0.5847737225729385,-8.8285,-8.233570270755875
0.14930811152286283,-8.21,-8.243203690799774
0.6246125360180441,-8.0115,-8.698229976258983
0.2898544661367161,-8.2399,-7.99134110444967
0.15997415193336884,-9.42,-9.30240677454411
0.3937947703103866,-10.41,-9.95461744648968
0.42769749517244143,-8.5901,-8.059349839295502
0.3518645215716104,-7.25,-6.855705477213123
0.6554666814202649,-5.1891,-5.917346180808619
0.10631407362946751,-10.1,-10.12286300921908
0.2888596064739183,-7.12,-7.4763296167665
0.2408390878899992,-8.36,-8.566962084023206
0.13770545669037418,-7.62,-7.534955551262803
0.205795123043306,-8.1,-8.335523993146841
0.11498199539883361,-8.31,-8.361243279534786
0.1141629163228544,-7.48,-7.547667247318875
2.6906121046961458,-9.0393,-6.737782612624272
0.3098386928878898,-7.8228,-7.506970764164921
0.14965769517721075,-8.2696,-8.298625165714324
0.25312745921225466,-7.14,-6.882161583047944
1.1511092279791275,-4.44,-3.046294953096201
0.37541897057202595,-9.54,-9.09835046581505
0.5990947193671389,-6.77,-6.116673697539824
0.9785932340953076,-11.4817,-10.58895655029036
0.18749174187924034,-6.51,-6.669475575824039
2.0578551163728975,-1.0115,-4.111422338621695
0.15390135796000964,-3.0031,-3.045555048731095
0.3548365407644469,-7.66,-8.018943138513134
0.19683546666745794,-7.2997,-7.46001347239851
0.20048510863145907,-7.0199,-6.919879680665682
0.15750578188888298,-6.26,-6.315894120613058
1.0027980281939903,-8.62,-7.330349050422745
0.51738467225215,-6.621,-7.240172658884558
0.2016468994078944,-5.2689,-5.42366617362057
0.65643021282742,-6.39,-5.567918094849959
0.2966284136476809,-5.28,-5.600346750718847
0.18032687431518027,-8.7,-8.594174675822458
0.5213230451408455,-7.94,-8.552916345012964
0.3113631989251455,-7.68,-8.01063796586469
0.32137013046723,-7.8201,-7.439444616480284
0.12411118762685396,-7.0513,-6.978012717520247
0.37516016699313665,-7.91,-7.458085245647871
0.35959922749878365,-6.47,-6.870820526763084
0.16765054762328135,-7.7,-7.526176646649031
0.41243392961874537,-5.3576,-5.784801320194191
0.3446285992072297,-8.94,-8.544363609816966
0.331985995177393,-9.46,-9.13564985948072
0.28239314345875216,-6.64,-6.970767181106297
0.288932542904109,-5.91,-5.766683005086673
0.2553924761939426,-7.89,-7.622940885425797
0.17113605012851546,-8.44,-8.350690140547698
0.3255646929988492,-8.78,-8.384040810452818
0.38485453096546396,-5.5201,-5.929903090535287
0.09043781392415026,-7.64,-7.591020153731871
0.2818418803498941,-5.6603,-5.844176520891034
0.16822590400060736,-7.5567,-7.348687261432396
0.36512443301559216,-4.1939,-4.007350525060954
1.0240641537453197,-3.42,-4.449508889898579
0.6073207921006172,-3.0159,-2.44213197249267
0.05190314889934441,-2.4527,-2.450261958215485
0.2326252745638849,-9.4802,-9.306399457642064
0.45012428891984557,-7.1419,-6.576136492146571
0.44040921370362285,-5.92,-5.39436867730131
1.02601487967471,-8.1331,-7.027034800431028
0.38785289239161563,-8.48,-8.063117873888446
0.37174934384783703,-8.42,-8.045824046192884
0.18384305659910752,-6.77,-6.906301599254439
0.44883081020930843,-7.05,-7.504426491817458
0.14365157844666154,-5.3498,-5.433621264046546
0.15030614189611546,-5.5851,-5.529235629309877
0.16520492002798143,-3.0668,-2.938079340706394
0.18502327446213318,-5.7196,-5.763059824627906
0.2761515964159933,-3.9503,-4.184523413172735
0.15546121737793953,-2.3941,-2.271950264143778
0.1725546709581874,-8.0133,-8.143549863550554
0.11584901338837003,-7.43,-7.442732390759626
0.48357873833418435,-5.1756,-5.814250575827428
0.6925128502510371,-6.974,-6.276759761895059
0.41828874062854715,-4.7796,-4.410392333411936
0.6746237961491804,-0.87,-1.549859234994821
0.2842668926094411,-0.55142,-0.3552029596973529
0.4975445900223916,-1.4901,-1.938523454229715
1.3118706585067812,0.77787,-0.6865024810749756
0.20207283363252515,-3.2687,-3.380731112828221
0.6011881121184629,-3.4068,-2.976419570014113
0.5790578639466137,-2.8093,-3.396858872537857
0.35465377339147414,-1.6282,-1.878059302417079
0.2269868530882218,-3.1434,-3.050144416883628
1.1363316033715543,0.02201,-1.522708628215174
1.0549323414092555,-3.6427,-2.636851029417747
0.5884138768059637,-2.8809,-2.238148576074645
0.7627324845834684,-0.7712,-1.530452983217711
0.5184344245306499,-3.15,-2.663215519033359
0.9032279910635382,-3.284,-2.244139183716662
1.1318739471817973,-2.146,-3.125633839503497
0.09706523678688951,-2.8809,-2.779287916419456
0.10341864529541216,-3.14,-2.995851404331169
0.7428950272938717,-1.3707,-2.05446734747501
0.2675523930879388,-2.98,-2.827130656125969
0.5255116594439839,-4.4,-4.654223741718649
0.905233833597312,0.5083,-0.5113253309483294
0.2793255093308614,-0.58666,-0.8436697883242519
0.40562752023621873,-1.229,-1.671648658813039
0.3921172330839802,-1.0994,-1.477762348028625
0.4034150712438839,-2.4272,-2.110937040378867
0.41278245465404717,-3.7816,-3.348926273324746
0.6217343896440084,-4.0487,-3.325635946246125
0.7144416856557708,-3.7751,-2.998308762981187
0.09706523678688951,-2.8813,-2.779287916419456
1.4250880428643222,-1.1733,-3.119897838398074
1.7615226324674282,-6.2345,-4.124602839837389
0.2805638391915665,-2.5765,-2.610015433702832
0.41061374041111853,-4.594,-4.478605232923822
1.6571181513988602,-6.6899,-4.823160352885852
0.8884130207532063,-6.8762,-6.140383829440186
0.4139009633687825,-1.92,-1.464057259440399
1.3906323621722114,-0.8834,-2.733641736034063
0.5809169182240782,-2.9435,-3.432218533928243
0.5450190276521116,0.70502,0.1586167717561855
0.09304168366612892,-6.0771,-6.151710976526889
0.14972851142518823,-7.3722,-7.230027472613898
0.89290194139645,-4.8771,-5.737879026320782
0.15694053454766077,-6.0297,-6.160472595645519
0.07823836602963202,-3.2529,-3.303839073911488
0.07409618265485424,-3.2529,-3.259505755886395
1.035585644383955,0.14823,-1.064292340410412
0.41416068635480285,-1.4543,-1.151546110777437
0.49946694716573453,-5.3361,-4.880081405046752
0.78331635595169,0.43286,-0.6127540098803719
0.26213386081041173,-3.1288,-3.400039999251646
0.5830178224689171,-1.837,-2.617112131657534
0.2999038661326624,-1.9168,-1.767301975977137
0.21839547446875684,-7.325,-7.09817804935671
0.1657544894735351,-3.5561,-3.545959630744042
0.5698244317385455,-4.4633,-4.949606888700525
0.21924268391081192,-3.2665,-3.44904821636566
0.314045474819856,-0.67172,-0.9365366753950276
0.1307905545242687,-1.226,-1.230220809702032
0.4030440930513302,-3.2138,-2.885131684575259
0.31868518203567464,0.8359,0.5387436958513281
0.19412531763455848,-0.67172,-0.6134681433450327
0.43041500198792965,-2.1559,-1.821013131412035
0.32216316266986483,0.8359,0.5992132676385444
0.59223653184635,-4.0185,-4.616488785169031
0.46060992956561647,-5.6857,-5.185164103912133
0.09908568784858125,-5.2024,-5.242695351207782
0.42587967023702467,-4.6417,-5.014578643231326
1.4361575310808465,-5.79,-3.934054759495048
0.8287879090978265,-3.2187,-4.015187620915694
0.6122594749263712,-6.94,-6.579434569621391
0.708077934211634,-3.1271,-2.344731732122419
0.27945620808981736,-1.8383,-2.009884845694125
0.2516201779943211,-2.4177,-2.374745663079195
0.7887226883693885,-1.5431,-0.7516971711119036
0.4066287173788517,-0.66,-0.982680873065551
0.79761275834074,-0.44514,-1.242069575691883
0.2500632044356924,0.10261,0.010919720058155
0.23810225000092097,-1.7428,-2.000140048989164
0.20220101232482668,-1.8002,-1.855143137004931
1.3147583767644193,-2.1949,-3.839995818369972
0.22393559639459135,-2.9127,-3.044306724892782
0.4174930265139383,-3.1904,-2.778681914932474
0.37806401189652833,0.65727,0.4123335856805458
1.1741434798810126,-0.8,-2.319783704996621
0.9924926276068302,-1.07,-2.138013917847094
1.4680630904903156,0.5433,-1.046606347121349
0.4106160069928453,-4.52,-4.794882490650508
0.32170579294313095,-1.13,-1.272857450871112
0.8299122600814792,-4.3575,-3.392847176857278
0.7433918137135065,-5.3239,-4.475852205005016
0.8537285222649368,-5.5572,-4.614452389891929
0.42452576802708775,-2.772,-2.372642267085988
0.35933848004200497,-3.5144,-3.338543032881407
0.7413645574109223,-3.8787,-2.792232359135784
0.7413645574109223,-2.2425,-2.792232359135784
0.7413645574109223,-3.1213,-2.792232359135784
2.1228090169280027,-0.9304,-3.679890684692648
0.24805903183821726,-3.4082,-3.549694025821267
0.7599536008114315,0.45274,-0.5020487100467419
0.4322680633000702,-1.604,-1.335320155511918
0.30813018391397895,0.92385,1.170093109182862
0.805582231522251,-3.4037,-2.725098745193595
0.6796241927225093,-0.31739,-1.157634554758783
0.9205854107140179,-1.4027,-2.262909146209575
0.508214033547164,-1.4052,-0.3263362786869863
0.5587007737276284,-1.337,-2.005533414235788
0.07073996295693633,-2.4042,-2.33305283098581
0.36914838382338366,0.34917,0.1614470835837566
1.154231679407618,-0.16357,-0.8410802051207615
0.14985669510158645,-3.4,-3.590700269599307
5.524877919744487,-10.8756,-4.394974839439199
0.8096895265392642,0.23539,-0.7553667884590984
0.8022430034120844,1.1189,-0.0255782332858717
0.6323115021711089,-2.7831,-2.124831631559792
0.3253890344745001,-0.504,-0.5960798849443181
0.11788516158291804,-1.91,-2.018797225115433
0.24201318660178475,-3.6686,-3.470325177239229
1.3698365936453794,-0.05,-1.869152196190294
0.5448200155975352,-3.0532,-3.569029219707783
0.3246009444691667,-1.6211,-1.88618809822829
0.903891451655246,-0.9527,-1.899733192272252
0.7236383492210315,-3.31,-3.871945486706928
2.6428139416313545,0.2449,-3.923740901146653
0.5881408664054554,-2.2633,-1.633125806099611
0.8245138700312973,-1.2166,-1.987924412529232
0.47909479052260523,-2.7634,-3.22399051829107
1.0529321345046525,0.75395,-0.5795418378483674
0.27217129943728513,-1.6405,-1.690162647233235
0.3037439979368208,-2.5355,-2.320109568764499
1.0790096506822606,-3.3228,-1.921012373575818
0.22703487208462605,-2.5108,-2.51286152438036
0.5823005825506079,-4.33,-3.939036121919072
0.29395866676677457,-1.3094,-1.416852047389211
0.20569979890351375,-1.5406,-1.645074999758719
0.36203921938493727,-2.1385,-2.563859730146365
0.9260980280702177,-4.1431,-3.05480202882889
1.5366948887877698,-5.0798,-3.24312816639277
0.31217368569691917,-1.0106,-1.23605134755746
0.6691335615084051,-5.3703,-4.85069272890728
1.4029567112140031,-0.74047,0.8532362797554252
0.28437101229844924,-3.0736,-3.05272827144438
0.3248620329933386,-1.5273,-1.215940843779778
0.11788516158291804,-1.878,-2.018797225115433
0.1568631393073539,-3.6656,-3.629399992344032
0.20483498882362172,-2.3674,-2.172313599625427
0.15911265083639828,-4.0264,-4.029194438076048
0.28538100982828196,-0.1499,-0.2238867673689333
1.5651978940690012,0.41183,-1.434611279367057
0.43314009687996546,-5.6089,-5.831621763465876
1.1183897801848737,-3.2822,-2.051967895759241
0.22718463893529667,-1.2994,-1.435800909346516
0.5720106857496435,-3.4201,-3.057730633251772
0.9273478647204952,-5.8818,-4.821821390019965
0.7118870172672694,-3.3902,-3.854204379646794
0.4193735164773231,-2.9308,-2.653843243400259
0.2941208098907241,-2.9,-3.151815376789122
0.36660139640363737,-2.3259,-2.594864536587369
0.17647254131437934,-2.735,-2.571652075723324
0.40918286958674793,-5.4535,-5.816156551427127
0.4719105872445936,-5.7254,-5.278943986258476
1.0095535715169444,-1.9404,-0.4740383054506063
0.43141097332360673,-4.6596,-4.423738957011088
1.2254907207434131,-6.24,-4.994463406537195
0.28890203704108425,-1.9124,-1.814221052956988
0.36457615127602294,-6.0618,-5.967993718001786
0.3569341013461985,-2.6122,-2.289045571533145
0.6073202370260062,-4.1022,-4.348284500575324
0.4898036405045165,-5.8545,-5.354276708948341
0.32362982769222914,-5.4622,-5.206011974722403
1.1832786956625059,-5.06,-3.291346573403136
0.19802705364888049,-2.766,-2.711579932991561
0.1203524595301025,-1.5741,-1.461736018547065
0.4541552102903165,0.96,0.5513326725298777
0.28379543717541383,-3.2718,-3.424029514928199
0.393831601894869,-3.9905,-3.597394223360965
0.578694217338431,-2.2908,-2.851804477896105
0.42650722965677196,-3.5194,-3.047396493163552
0.620581556268773,-1.6374,-2.382026302828892
0.8888383748668319,-1.1538,-2.223007684461193
0.5425734448522392,-0.93451,-1.604143756181108
0.31674125235686834,-0.13222,-0.4288790568594082
0.2396113259058486,0.94236,0.7476582550910317
0.782656503117826,-3.2155,-4.196583435822044
0.5651195337386834,-3.2155,-3.614445442694197
0.5315062958272425,-5.4073,-4.858923815453765
0.41766503360691026,-5.901,-5.452941643878061
0.5587672846703184,-5.7662,-5.429621264668924
0.382568878411793,-5.7662,-5.443892571387511
0.2182147372070911,-2.13,-2.143889506329193
0.3071402494419344,-5.497,-5.519310858480996
0.23573780342290893,-5.9,-5.744882969797685
0.432448043750965,-2.7855,-2.467786060356294
0.27081320741523496,-1.968,-1.783492347458638
0.6679276351144381,0.24348,-0.4155274569670331
0.4461320555999595,-2.6452,-3.22598726229434
0.7825283984467631,-0.73069,0.1385967331574685
0.5648681185224763,-3.1659,-2.759807187799374
0.5379436982493827,-5.13,-4.831198227436215
0.6334652563532611,-1.6497,-0.9363832094395964
0.3510941118643883,-2.74,-2.720601241900851
0.4654330231803383,-2.5,-2.035911116250578
0.41514057220077816,-2.67,-2.33998772950501
0.39519639252494776,-2.45,-2.091213621278457
0.6725762719464443,-3.48,-3.861876967576338
2.1227615975476883,-5.8,-3.176236834241333
0.37741146191708674,1.558,1.147469156973085
0.24132195622894634,-4.1952,-4.30775349387169
0.9985416739837466,0.84,0.0904512089544747
0.04051185154894756,0.65,0.7096580739816607
0.2210325686220381,-2.2257,-2.102286901200787
0.1304667495072516,-2.85,-2.808995637270096
0.4169260823102329,-4.68,-4.94931269577038
0.7363135987132872,-3.8,-2.864216084523002
1.2730642387293727,-3.89,-2.548494252140046
0.8744881258417203,0.1709,-1.055598663341264
0.23320139097387094,-2.47,-2.51746726737403
0.4859713140788795,-2.9839,-3.39522297884174
0.6989603073877997,-2.71,-1.973790057659617
0.2980415104632483,-2.68,-2.511383308944791
0.44498484438538727,-0.7353,-1.187145991969468
0.5543177670128919,-0.4466,-1.064391591013023
0.1637568226787392,-2.0822,-2.259322015461019
0.9165939146087773,-4.8694,-3.915302626450937
0.6204457049270503,-3.921,-3.306252857771848
0.1750933057383078,-3.3575,-3.275634092618201
0.11167786348593597,-0.57309,-0.6015640834005916
0.7456404915063574,-3.973,-2.944432347616215
2.4660382850414306,0.18791,-2.988405339623005
0.19287594245162742,-3.2123,-3.278498884884482
0.1637568226787392,-2.0813,-2.259322015460986
0.20861218651178567,-3.66,-3.538484551220564
0.8998919489767239,0.9823,-0.1226508719714251
1.7031236520322555,-2.0839,-3.594029811442028
0.4622965097225209,1.1361,1.086565782620988
0.7286620025410582,-6.3173,-5.467207049790067
0.33963349895022654,-4.2375,-4.563733167801454
0.40091247184462714,-1.7998,-2.238812267944739
0.98559690682213,-0.71977,-1.740871447568194
0.2392839744662886,-1.628,-1.505569222761759
0.1728800280365289,-1.05,-1.104086235551129
0.3525748736913089,-2.6672,-2.808586456719201
0.13553650117547,0.65824,0.7027174042690338
1.5923191930908016,-2.8738,0.3534186224076912
0.6535571138207485,0.67837,0.1095686228160093
0.1886392405710682,1.2286,1.187700634869166
0.1974581017082539,-2.1731,-2.251505363215913
0.20819888386132723,-2.3273,-2.426475156040819
0.5032141739774688,-1.1222,-1.595776479339299
2.1793503240543948,-2.94,-5.649464643900787
1.3760498502929905,-6.86,-5.281872581509557
2.2922278292666785,-9.4054,-6.390330218396823
3.0674238101708715,-9.4054,-5.632501088318449
0.2517395995223234,-1.28,-1.085893776684261
0.5602601457009164,-0.32147,-0.8901758332063321
0.6084890191349681,-6.4109,-6.810263168722413
0.48729880945736276,-3.9974,-3.748041422813881
0.5972653974350617,-1.3168,-0.8078327485915964
0.3160061642300317,-2.8896,-3.174902728618472
0.7537791588825387,-1.7509,-2.516887451870338
0.19075802029370884,-2.7632,-2.693277363567996
0.5375574748807326,-1.7124,-1.356566256600039
0.12850854612680865,-2.4042,-2.303988581972693
0.116957884482287,-5.2541,-5.237909432169626
0.11335881844423273,-4.9012,-4.807184502380657
0.6774378751579151,-0.0543,0.7672619643380316
0.37165196819192614,-3.37,-3.672886053989824
0.45520480028266347,-3.9,-4.434324534360415
0.778412620604414,-4.47,-5.396390610179666
0.501445822578291,-5.6382,-5.225906075067133
0.37009367380455765,-5.1276,-4.884400360839446
0.27587258714108,-5.2692,-5.417918260395975
0.5066355006379072,-3.71,-4.267363784257065
0.15256859383276664,-2.9884,-3.096737999619598
0.1623827448303169,-1.3702,-1.36653528143325
0.2462736336942261,-4.467,-4.208659033304823
0.2767256374636333,-3.9529,-4.130236903052109
0.267867921879314,-2.3355,-2.077167691164347
0.3406563388586359,-5.4599,-5.091766026254033
0.3918930316051002,-4.8699,-4.546429249524799
0.0968885949842515,-4.024,-3.942834322220463
0.22850175652784394,0.6086,0.4447835596229631
0.24240002032765331,1.1243,1.373834702082037
0.2638430502181779,0.2806,0.4638154719376085
0.7083463134886905,-3.665,-2.914544652044996
0.16224529900029097,-3.1639,-3.078188544947588
0.595498491531143,-8.2172,-7.625111576221561
0.31768352641067443,-1.93,-1.680547024035819
1.0005952263666382,-2.57,-3.618880023048045
0.6416336777182587,-3.2894,-2.770236157054796
2.0252629368845314,-6.9218,-4.354237367401111
0.12913048016206205,-4.7402,-4.76893004315824
5.258112742195571,-2.7692,-8.513017395831891
0.7507007742628302,-8.3741,-8.614013364069683
1.684040322822139,-7.5559,-5.734349963616186
0.589303245759769,-0.57986,-0.8475090609219279
4.621518579096732,-2.81,-7.818057643883929
2.7123345219685366,-6.2463,-2.73273552344179
0.8650291370312663,-4.6328,-3.768723978503426
0.4269991223862734,-4.57,-4.329223376686593
0.35608792311972265,-3.0146,-3.330973490545761
0.19206187823024018,-2.744,-2.677001825396488
0.257342185974121,0.64734,0.4849123252366007
0.9283913485755594,-3.67,-2.535153635982701
0.19959096775358187,-2.24,-2.238625458870152
1.6180549799538804,0.32245,-2.057128172459878
0.8711763486764468,-6.1243,-5.375707485961892
0.750239769329282,-4.0305,-3.326326575767311
0.8492163170995188,-6.4186,-5.499432826394752
0.31884024470643235,-0.64798,-0.6146703219838123
0.4198628450075983,-4.339,-4.061810607770093
0.3586240049731543,-3.3086,-2.972820816128311
0.21462993705763772,-2.2601,-2.324247863046684
0.4825870833152429,-3.0005,-2.344987075216785
0.5198375549530745,-5.47,-4.964913736829633
0.9371356434479151,-7.09,-6.021671174539846
0.17732953057612771,0.28333,0.2498195787418649
0.28632624340786406,-3.8629,-3.972437671868635
0.1966594361387682,-3.8637,-3.662878446545763
0.27811205343276785,-2.9842,-2.811420648638489
0.34750335552406125,-2.9144,-2.59046307634225
0.6968478907007118,0.804,0.0957526757977295
0.6489366969063158,-2.3262,-3.020766401996493
1.8984047752256314,-6.39,-3.822417769613939
0.34251148597688236,-6.3777,-6.237647819050647
0.2551275750607523,-1.6,-1.596155525531187
0.37332597331941075,-3.38,-3.048203917649469
0.31636484149620564,-4.9,-4.827422526482501
0.2624828744158256,-3.7398,-3.583897624107843
0.46873735797115734,-5.1066,-4.696996042991755
2.6822805903069837,-6.7317,-4.071320642907453
0.3099105821623245,-1.9,-2.178900959089634
0.18550193609142632,-3.3138,-3.206988004479076
0.7950626663821257,-5.9956,-4.998267720550514
0.8056466409760277,-3.4776,-4.304548234845631
0.8540955622840858,-1.6731,-2.605483618074034
0.902674026791384,-6.8561,-5.70366027647315
0.9366090802923144,-3.8981,-2.962241058536428
0.47259026864977555,-3.19,-2.854406237890982
0.391088660539915,-0.52483,-0.8251365559622952
0.4305869739020664,-6.0776,-5.668468255731062
0.49395138682824835,-5.72,-5.282328762794742
0.6060997935852117,-1.0556,-1.788775846424592
0.2756895947714361,-2.48,-2.278392279849471
0.36593538783992097,-2.38,-2.038347637888405
1.4816372830929874,-7.59,-6.14784933971457
0.6803070952668311,-3.87,-4.607084853826575
0.4645406279620032,-3.9565,-3.741770205968156
0.26799681244808365,-3.2966,-3.474368646030252
0.4889883424921584,1.0452,0.3936471919767704
1.7599869016502236,-3.2591,-1.486451436952492
0.32169319202888813,-3.7914,-4.072738716977345
1.0744791409060634,-1.0258,0.3560740205969905
1.2042802549621134,-1.5092,-2.02258103388825
0.2936482418816808,0.6524,0.5687829545192604
0.6453727745715512,-5.73,-5.379523593945294
0.11266250130156408,-5.7239,-5.720530932262699
0.24251474863640554,-4.5994,-4.423443776839882
0.08993395740795673,-5.7239,-5.6835843742187
1.2302857076109672,-3.7,-2.30336981928341
0.503411558406874,-1.3692,-1.803305957098766
0.3025416949020009,-2.4489,-2.641144334184059
0.366288298752657,-1.9,-1.545465467427467
2.2824599235609013,-1.0362,-3.778195411380044
0.29450534685147495,-0.8112,-0.7224785836395717
0.2499706359608786,-4.61,-4.364378072609441
0.7449246399767186,-2.3665,-3.208134980066243
0.10755673745255181,-2.661,-2.608439878552408
0.39307871918895515,-2.943,-2.654772650353993
0.3382261113989131,-4.7611,-4.593381347776791
0.34896010195134275,-4.9799,-4.768807351967872
1.4115724259383442,-5.6832,-3.943025916090483
0.8704488163832481,-2.56,-1.601168900900386
0.37878678793561926,-3.085,-2.91891850488414
0.3460500535252164,-2.2926,-2.424302333747964
0.4836342822141373,-2.8857,-2.402265889309676
0.5028443172728697,-2.6076,-3.074947469310534
0.4367980043236818,-2.6076,-2.979433253306154
0.12911314929714984,-4.2,-4.116432018506111
0.4532682326332684,-4.4075,-4.129633901776551
0.4021516536836043,-3.41,-3.779508815413693
0.6091935845213,-5.29,-4.611159386132113
0.20544012767152522,-5.5493,-5.753784055799692
0.2469182280022455,-4.2726,-4.095826318276433
0.6693661077920638,-4.1216,-3.483676403789818
0.5251698819216035,-4.12,-3.647490325819943
1.1671273231020418,-1.6046,-2.59410907400024
0.3253230121158806,-1.6046,-1.593227806583716
1.1203985281969,-5.8181,-4.660527733045461
0.3043642509123284,-4.0908,-4.298087703300704
0.32809786129545393,-3.8527,-4.046365703674264
0.5258075306584589,-1.9447,-2.448384663685917
0.2841258813740325,-1.9208,-1.724490921013541
0.4932424480309088,-2.8321,-2.339516393505853
0.6862137665948825,-2.8305,-2.088389015513801
0.3018944593999666,-4.1254,-4.190377004369542
0.4082024225802164,-3.1793,-3.559531771189886
0.17133860837282036,-3.21,-3.200992969715831
1.280660548888735,-6.8895,-5.489678715208647
0.6472780092582685,-3.48,-2.848721519488401
1.2238807239903589,-3.5079,-1.911376262794967
0.6100192991693941,-5.9075,-5.287639519762228
0.6109172348553773,-0.56089,-1.283550976341157
0.3343339744839713,-3.881,-3.563054268389706
0.07032194144664218,-1.6171,-1.593043800637476
0.9622832542243509,-7.7269,-7.490020001532961
0.6206558019719457,-0.9182,-1.501834227302016
0.3051587733082811,-2.5887,-2.879788894631802
0.2599014377494156,-1.3275,-1.010911193987563
0.17688766852168672,-2.4398,-2.538378294991581
0.7991516819952499,-1.9963,-2.887909247339854
0.9535025007889866,-1.6008,-0.6741674990393588
3.1109303559093875,-2.68,-7.282366947273466
1.192895979425232,-7.9654,-6.714288349088024
0.33779129068978814,-7.8466,-8.066847313431518
0.16581526479937886,-2.9792,-2.936930547178897
0.21003361784533914,-2.775,-2.853866419372894
0.8264456031263332,-0.022385,-0.9282986486138444
0.29861546427905283,-5.44,-5.359897455508934
0.4692827996844158,-4.4814,-4.595918072202375
0.44977145381258443,-4.611,-4.212495531285766
0.29427730165951255,-3.65,-3.36915884123818
0.36657774663177634,-3.97,-4.074531065355191
0.26922954198570515,-2.1147,-2.407889614744068
0.9680346110876874,-0.62306,-1.851268659337162
0.2528711792041433,-2.8203,-2.877357714474928
1.5457435590195816,-0.94,-3.015958543681258
0.6093535874811373,-3.7128,-4.164483439024824
0.6340769914903587,-3.1007,-3.67986544790184
0.37767553918553276,-2.72,-2.290835053458809
0.4879461593488019,-4.873,-5.341241073015325
0.18886102854846368,-6.4717,-6.639501271509941
0.14898409552568753,-6.4717,-6.562202444053245
0.18603696046364493,-5.4164,-5.578623884277569
0.7054937013272388,-7.2945,-6.64846365410817
0.3097068880866258,-4.6292,-4.88737530354768
0.19674926092692743,-4.96,-5.109829227415764
0.351021305233952,-4.6348,-5.000753721926285
0.44740308485863056,-0.86701,-1.228728750549784
0.5112737230492244,-2.9763,-2.528167370805123
0.7638558771924499,-3.1099,-3.973863718207753
0.3129756423275137,-4.3498,-4.44917633047673
0.88225791761213,-4.25,-3.285330078756859
0.5878828383636243,-1.7102,-2.268325659702836
0.7406054499202698,-5.8478,-5.111318784815705
0.5488444022231169,-4.3476,-3.956180359335431
0.3317558955446409,-1.5764,-1.927504703125277
0.22397841222848375,-2.1774,-2.258532407882878
0.7295131508466852,-1.4315,-2.337196959443781
0.5045746567381504,-5.1002,-4.43056260390045
0.8699423581315578,-5.1858,-4.514551776302216
0.24646487345122414,-4.36,-4.176214323221306
0.12100936716507896,-2.41,-2.46196016359128
0.4661794383155983,-3.107,-2.741382837431786
0.4214454058315791,-0.53434,-0.2224145478463297
1.9963183795483355,-8.9671,-6.338993607227723
0.5835271045647257,-5.0797,-4.537358851936739
0.8834904417743459,-4.5803,-3.524525512519566
0.38744022268617473,-2.4983,-2.761952009313228
0.23327324714814762,-3.7346,-3.61867794112321
0.2828246094838567,-4.11,-4.380592258248944
0.3231023065402039,-4.9878,-4.78481373577739
0.5137363917612312,-8.4791,-8.087659454409803
0.29531756593479563,-1.151,-1.296009459597506
0.27918192464066843,-3.23,-3.165023640292418
0.915590028037993,-2.8666,-2.334066135884294
0.14404175012265064,-2.2188,-2.242857779548778
0.14713127471950993,-0.12679,-0.1578263385026377
0.23522950480208138,-1.6075,-1.333775908248007
0.43696230837699823,-1.4199,-1.811829239649618
1.0879552027436696,-2.55,-3.801898493046408
0.6827634732856702,-4.2162,-5.0878623516637
0.545758775144825,-3.8229,-4.209487635859277
0.4303296122910875,-4.9025,-4.524323498518624
0.6088038069058532,-3.3193,-2.590396805129351
0.8608838161529465,-3.7805,-4.772395807125582
1.414817389741518,-2.95,-4.681102583138429
0.6895380613401574,-1.5221,-2.316424894517012
0.3514608662509048,-1.7744,-1.450894659665859
0.37705283018954255,-3.8723,-4.210524951106049
0.13673366204730808,-2.0248,-2.030652354990225
0.4417213060916489,-1.9273,-2.376417032205085
0.23522950480208138,-1.6113,-1.333775908248007
0.11736758655126282,-3.3368,-3.41945385311279
0.11220850640047296,-2.5513,-2.466841716344736
0.24756859492702624,-6.2301,-6.011293198754535
0.46179914712313447,-2.686,-2.561161126281186
0.8460354582693854,-3.1513,-4.093877438471125
0.46625415703469253,-1.56,-2.075924583363116
0.8757936959818536,-3.5245,-2.609034117500665
0.49785983387320765,-4.54,-4.8865269831047
0.3526557416642205,-2.3319,-2.527286837699647
0.3842191503139814,-1.16,-1.54765105331372
0.5853224927802357,-4.0418,-4.652343295226911
0.5205984407567047,-2.1861,-2.730050074821686
0.32976061373644755,-0.75813,-1.10275812426741
1.4620607329917303,-5.08,-3.173240344939099
0.14672799501858277,-3.6,-3.701496029845996
0.22589167087583817,-2.6267,-2.725562380591577
0.322461751276993,-5.69,-5.826522205753159
0.7762832255420671,-2.7345,-3.607126227984484
0.5378908215532862,-8.0634,-8.593453346798853
1.6716385443581345,-7.0509,-5.545843054513502
0.7499709340932033,-0.64789,-1.34171681749819
0.17656820145411095,-0.4466,-0.3302014748884173
0.15090527968265632,-0.83646,-0.916063484168708
0.21668870399029405,-1.6014,-1.492354797531588
0.41480874697314724,-1.4502,-0.9981389317909062
0.964982558578024,-4.63,-3.576234717791857
0.1716578380523641,-1.2471,-1.225689035321973
0.4721153510071858,-2.3837,-2.716332028351635
0.4569040259175084,-2.3581,-2.828345270067305
0.31844699672441207,-5.6602,-5.329040774228007
0.36673238695315197,-5.7476,-5.300920351632487
0.9579894765410919,-5.6359,-4.433957793309601
0.39003432607480126,-5.0949,-5.3977437992285
0.9774482498664375,-4.2957,-5.383743309074162
0.3017490573265993,-4.9922,-5.150461258089608
0.19208670093044256,-1.8506,-1.966093490318233
0.19208670093044256,-1.8506,-1.966093490318233
0.2471377036561416,-4.4656,-4.30227021324433
0.43047890962016544,-1.8506,-2.307431759604589
0.4776282826435736,-2.8499,-3.284515241352214
0.3884202819111981,-3.0486,-3.269344007447295
0.6500226763407672,-3.2219,-3.868526147414624
0.7920371800840793,-2.459,-1.620402272607734
0.4843539037367192,-2.9552,-2.569740007711912
0.4982124022979236,-6.3151,-5.96117999703643
0.6410478460648464,-0.18086,-0.6535356430886196
0.6734979163665524,-2.4526,-1.533856963190301
0.6143699685085565,-1.6395,-2.329445467236104
0.5233690656378507,-5.1981,-4.691589647144633
0.6113612858566507,-5.7795,-5.131086923382745
0.6164283465080647,-4.4049,-3.71953188013628
0.8759073108206391,-2.4207,-3.576987293587058
0.853445003189688,-4.9,-3.770986372928918
0.13399160340057484,-3.39,-3.335776878542585
0.498529087766488,-3.31,-3.861283987944812
0.7586704713898126,-3.7,-4.318045752146066
0.8498563941424356,-3.75,-4.57357102550764
0.4257026852964671,-3.82,-3.434467562373968
0.7739632934860436,-4.22,-3.313465788953563
0.3581251599246922,-4.31,-4.579238730571304
1.8634388362061947,-5.78,-3.788816622546601
0.35352300715347157,-5.84,-5.61424726139308
0.24829737013813433,-4.31,-4.174120396956951
0.46831816930029724,-1.67,-2.253635802992076
0.32821180885919043,-1.2829,-1.642400552550642
0.21008113692327463,-1.2829,-1.271970942949927
0.4638604018351167,-5.0913,-4.73085958229529
0.39194711294310525,-1.2712,-1.675571752920483
0.32403444380696017,-1.3753,-1.106987035542041
0.19858169706665074,-3.309,-3.138816546497416
0.26619222763948786,-2.097,-1.849666657216014
2.1077849898792236,-8.0429,-5.606777942902029
1.4982597079055366,-3.7675,-2.888426761022301
1.4428844618717642,-5.22,-3.891940128923906
0.47338444336181396,-1.5978,-2.123174731535857
0.24243898523680507,-0.94432,-1.059795124270904
2.527290297521345,-8.926,-5.505591439516329
2.230029809718205,-8.926,-5.926229849249055
0.6971036980241213,-2.3506,-2.933304995641977
0.504990843845436,-7.3064,-7.756430731326377
0.29607998221023285,-1.315,-1.565025908263676
0.44567019285397147,-0.99,-1.449464077400354
0.4883771255593712,-5.74,-5.644731114385834
0.4060673127607838,-3.42,-3.609128304188504
0.5866022677388174,-2.4062,-1.76520684840051
0.70746749367154,-5.6667,-5.120858733359041
0.28353450918405987,-6.2598,-6.243325914019781
0.3747734223046899,-3.1876,-2.865526485249681
0.14762394260537326,-1.3027,-1.353404435969846
0.5391252786768401,-3.3295,-3.12161304964022
0.49528947099356996,-2.47,-2.066732870821515
0.4087785948062273,-4.03,-3.80234565470061
0.6418489974101281,-2.6155,-3.101202729610573
0.8524274595358102,-4.0402,-4.88059126204684
0.413081936817764,-0.7616,-1.169393974216792
0.44427544395315344,-1.3156,-1.782470772561549
0.7592527373625875,-2.3614,-3.279207415642084
0.20555863803520286,0.61065,0.7866055213356873
0.5788158396450388,-4.66,-3.995656790547467
0.8650676662988124,-5.7,-4.800807023693967
0.47549404945748813,-0.4992,-0.9444400493136772
0.15194558617371365,-1.6098,-1.591441031471473
0.7367784672914519,-5.45,-4.664781519715516
0.9414615688271252,-3.523,-4.410769865085255
0.4004652484432198,0.80269,0.369457958020733
0.3918080703895191,-0.73052,-1.07782948133469
0.43507318772817805,-2.3003,-1.714212691514174
0.562797805401463,-2.93,-3.504462499357378
0.18427751686036786,-1.4121,-1.510811796413836
0.32234616951756345,-3.25,-3.358645507559472
0.47794852762862,-1.3219,-0.9766822644191336
0.38946595236813636,-1.1356,-0.9727605285757548
0.6660839095075886,-4.7285,-5.430506366902442
0.407822373486507,-1.69,-2.1911983914457
0.16850180693214858,0.9203,0.881930055351378
0.22017692315974657,0.86273,0.801617935147646
0.49441291764325973,-2.92,-3.292705286117671
0.2859942893566181,-3.5419,-3.260853104776091
0.661181116042734,1.5785,0.8765223834664574
0.451289716280414,-3.4066,-3.854531379405152
0.3886369765757709,0.6249,0.2329749180555895
0.5709227156891746,-2.4973,-2.922218382715193
0.34022163129920097,-2.2797,-2.436454757292371
0.6217844741022763,-1.3926,-0.6922444895329869
0.43978151984036706,-4.99,-5.285011582906284
0.35565173374157877,-4.7982,-4.501383849617154
0.33683368329704805,-1.3344,-1.23761452290365
0.6065453998023198,-6.09,-5.463205625306088
0.4065408397338721,-5.6136,-5.322395895286959
0.727114736613797,-6.62,-5.810577618702657
0.22015062797469465,-3.68,-3.613929132206684
0.4826670767412514,-6.24,-6.366510749880337
0.6824365509069713,-2.0,-1.221103166991421
0.45915664405208007,0.8504,0.37082657769454
0.653396829151544,-3.6156,-2.787972374644784
0.5246767256866959,-1.6762,-1.798260549588285
1.3074987041428476,-3.05,-1.189335440269455
0.0878653200158647,-2.215,-2.107644339896869
0.4831779998623266,-3.2994,-3.369679483365105
0.34284477425983895,-4.58,-4.609430130547313
0.8083908482228588,-4.3709,-4.983876221045645
0.4354174350112652,-2.8169,-2.545049762960174
0.6456616371274475,-3.76,-4.411282527944761
0.7101348519271207,0.0402,-0.4995522599916492
0.9699928828054081,1.0172,0.1904528381079514
1.1401986738948415,0.73233,-0.5421825125433939
0.8775133943261838,-4.261,-4.565251112239899
2.0436557053531583,-4.1039,-1.337432000686183
1.3656714678954125,0.48702,-0.9643007385226487
0.2629424359182947,-0.69061,-0.8746207335634653
1.1049210485857854,-6.22,-4.808255018010743
0.22066984662981043,-1.98,-1.857735649389077
0.7216460150113487,-0.94745,-1.762653013630491
0.27747725213346436,-2.4952,-2.724137136837549
0.44729706281705967,-3.3916,-3.767532634844289
0.20782751092959997,-1.55,-1.71363163663874
0.76370709153972,-4.0522,-3.202677929135959
0.41323870904242377,-2.68,-2.407996800511641
0.6711203234136282,-3.5462,-2.788750249732286
0.2693287857412817,-4.35,-4.568593062587487
0.4408331447663356,-6.25,-6.304360882053837
0.7231602258644747,-4.4288,-3.644154154188426
1.145579502686286,-3.95,-5.077789314102366
0.2736207569385069,-3.6206,-3.46588331114548
0.30244004293531535,-1.3279,-1.078224697912358
0.30982582049415797,-2.8859,-2.918416084479633
0.26565368521051186,-0.076541,-0.1105461030436382
1.712729122156684,-1.4438,-3.259264005064618
0.4839443817186149,-3.2095,-3.645984019715244
0.2638095726964389,-1.8193,-1.749743016951776
0.3798349162807725,-2.7678,-2.721577602562038
0.6728558593705245,-2.6678,-1.969566029126047
0.5161436311689043,-3.0961,-3.377215609717066
0.8114929777880363,-7.397,-7.111910102995129
0.3319680837338153,-6.5704,-6.399606708218037
1.4166063713849857,-9.136,-7.82955492291954
0.831758952634183,-7.7509,-7.348176147843471
1.9676573354132572,-8.4,-5.970097473034851
0.36206457328709946,-2.7643,-2.463592266358939
2.3800218186485425,-7.9017,-4.896478704646388
1.1827016334597915,-3.6703,-2.433732087579451
0.7059346667426374,-4.7812,-5.310238201873343
0.3143325626088089,-2.8888,-2.956938221382508
1.1962114192930708,-4.9543,-3.453053283680388
0.4379046727518853,-3.0682,-2.890014201956283
0.6604644448518074,-3.2075,-2.520340655728218
0.7321866943359007,-3.7083,-4.182036580849159
0.22124889140453502,-3.8186,-3.900640807054265
0.3905418747560319,-2.38,-2.509707906067785
0.6678220268849289,-4.82,-4.059046093352172
0.23555120204096422,-2.54,-2.740605166640065
2.522370422604549,-8.1258,-4.825862780598084
0.5669705750348158,-6.4243,-6.019939311348423
1.9770952715977523,-3.0521,-5.397255857092571
1.2486760939304853,-2.4456,-3.829079979864628
0.2856665795855665,-2.5436,-2.778254324663505
0.1677900239260715,-2.3457,-2.457300064058336
0.3282629508313067,-2.0,-1.877703334524513
0.9313072884805489,-3.76,-4.795477607970788
0.27278788432752243,-2.0,-1.968476400856147
0.28308156409129204,-4.2302,-3.959350128481505
0.355172187403089,-2.9038,-2.562074827320962
0.7188499212696021,-3.2409,-2.35201426554072
0.6578202816038485,-2.199,-1.380383574431884
0.2842277607010524,-3.2213,-2.903572915310259
0.2108611825825536,-2.9152,-2.843167556469256
0.6184457384740791,-2.9095,-2.204075356203422
0.8868012024573423,-0.82641,-1.833934336002718
0.9278719905021737,-4.0649,-2.869208547957905
0.6996927851867001,0.17112,1.096305023880286
0.9692101714559247,0.9178,-0.1254431927860837
0.38392786246850025,-1.7139,-1.971876438297545
0.23352160294382165,-4.1854,-4.095216309772396
0.19991955382438287,-3.3581,-3.498313610820483
0.12710147527582444,-0.7713,-0.8303662272534041
0.5600707979807101,-3.329,-3.736989029089608
0.4048173264968249,-3.7402,-3.85047474228465
0.7168958265635008,-1.892,-2.698182354740151
0.5645768254353424,-2.4708,-2.969002777816318
0.48863551883503703,-3.43,-3.200451247175232
0.45337977501884985,-2.7021,-2.150703386896953
0.5423679775892546,-2.9373,-2.542593870482082
0.49736417548071366,-2.63,-2.04884773708439
0.2524508089602948,-0.77497,-0.9991810247551596
0.2928887882104819,-4.9397,-4.912809820028671
0.06781008659409588,-2.3316,-2.338195692882288
0.07670544127067226,-1.8108,-1.787118270574525
1.8148743732417767,-4.282,-6.648381715529027
0.9869539812177114,-7.1697,-6.428987409372063
0.3111682689945816,0.63419,0.7078083079216928
0.24147825516206173,1.1483,0.9063352337632236
1.2192105783097116,-4.5938,-5.730067111893013
0.33004359431011987,-1.9608,-2.209524356234456
0.43689181465511273,-0.31,-0.5190524465804407
2.1691253892910374,-4.4925,-1.287239843856351
0.1650435338976056,-1.7106,-1.723983707903464
0.271537655097273,-3.0392,-3.104777093395511
0.1944758387590001,-2.9303,-2.988601765064527
0.2815488369629635,-2.6965,-2.558207343269752
0.2766655027371143,-0.61691,-0.8505423953486517
0.39443052318929617,-3.2251,-2.886143594204803
0.22639009127568438,-2.0278,-1.873223152135809
0.43857570849240113,-3.2251,-3.145135280607132
0.3253623767595599,-3.0421,-2.593180471511581
0.675797462361936,0.76659,-0.0126300977027587
0.31716488059742964,-3.8249,-3.41300111150143
0.29793270138683725,-0.84456,-0.9745260473911668
0.10170916148223022,0.73231,0.6872750369025623
0.44364661532749267,-0.8271,-0.4393122441430698
0.049830415512499664,-0.53,-0.5024069734146519
0.4057374712945053,0.4549,-0.0186228316830539
0.2044194698351141,-2.8681,-2.963324424198659
1.1380368122738935,-1.77,-3.024683347111755
0.6585457242479867,-1.37,-0.5775457827514845
0.8456405806970438,-1.51,-0.4777176042768803
0.4215556480982003,0.0,-0.3975869760966791
0.20653769400316746,-1.92,-1.770478769655361
0.9104100341156589,0.31659,-0.6443137601445841
1.1281928018703795,-0.38,-1.824731008199337
0.7116938782514781,-2.0952,-2.851571708656981
0.35122049976694086,-2.0091,-1.713398079387286
3.283906640775109,-5.6699,-2.529816358567475
0.49314369038154704,-2.2412,-2.518035375784866
0.3080172051611992,-1.35,-1.391885469330358
1.8464937580803167,-2.5132,-0.2417501030338142
0.5094754419930845,-1.0513,-1.3279142435612
0.5066597805542659,0.71159,0.5137699205431011
0.26310989192377227,-2.6038,-2.663880207205514
0.5412553591754309,-6.1919,-6.543651476874722
0.30720841337016486,-5.0007,-4.822327764259951
0.9702565798576268,-3.236,-4.084813966169587
0.31656269725448893,-0.2558,-0.3197994339639021
1.1741326381164945,-1.485,-0.061502409795086
0.6857200573466292,-1.4369,-2.330314593745739
0.4417625336892015,-0.3193,-0.7555940372506736
0.694199247282079,-1.2837,-2.194880810286136
0.43154020086652073,-4.0911,-3.619674505112551
0.30752622430971904,-3.6906,-3.35501572195253
0.24369384725039128,-3.2922,-3.087026581500296
0.3165255521072675,-2.7916,-2.605286395457494
0.4538227877846397,-2.0814,-2.418931256139359
1.2446868622260283,-1.03,-2.444283586668111
0.49672120808162357,-1.8744,-2.448305057589876
0.4123565794172403,-1.9767,-1.749873381979327
1.1054542034013155,-2.0589,-3.449770822022945
1.1761075590539738,-0.13052,-1.479691131273171
0.7312749126192146,-3.05,-2.412783197663086
0.7014477159036475,0.25379,-0.5256729437910522
0.3441440856306631,0.25379,0.0932747461672549
0.3975268581588833,-0.57228,-0.9962858932147204
0.43903401343497406,-2.5336,-2.101697261880772
0.642064198830472,-3.6744,-4.156413937303859
0.44529803330111223,-0.02,0.3415023899045005
0.2993282147969368,-0.4257,-0.6152615489704893
0.6471781203321539,0.1973,-0.5473604492944812
0.9625168982965248,-2.03,-3.148395845108419
0.34123068347115704,-3.4,-3.496144556311417
0.5952358666457012,-3.75,-3.169773083635817
0.19814833914428134,-2.9492,-2.982233221372296
1.1740954456432917,0.57398,-0.8454729612790964
0.2993282147969368,-1.0041,-0.6152615489704893
0.2623141573880384,-1.74,-1.8396233792197
0.3641132282002752,-1.3605,-1.030104039697409
0.3161686082539485,-1.4632,-1.697433139509625
0.1751403680001083,-1.89,-1.824681023106476
0.19125231349322036,-2.82,-2.926652275645028
1.0140129431016276,-0.46208,-1.420204322537147
0.879592978200532,0.1059,-0.81879801684478
0.7835269420589809,-1.6996,-0.8661497651723766
0.43599530490822686,-2.5278,-2.763095859413668
1.9962200108306132,-5.57,-2.727447771555056
0.26065887706745494,-2.0784,-2.138052645867773
0.5002120332377222,-0.859,-0.3376413969344428
0.562182536491821,-0.53,-1.027781455901797
0.4665805626333306,-3.1434,-3.098664122023987
0.3425616539179007,-1.6471,-1.362220793903983
0.785858587039175,-1.27,-2.14080579227298
0.14932667985315398,-1.47,-1.447554944378101
0.2385450018240316,-0.90522,-0.97166034932566
0.04891338394996063,-0.5314,-0.4820740543195819
0.38242899728878577,0.3597,0.0319527758258377
0.2795773663774258,-2.91,-2.777001452952869
0.14423038593813658,-3.1128,-3.256586094202239
0.48167185878302166,-1.53,-1.851405359106027
0.30665655513325435,0.35606,0.0853311352831919
0.47985763712366947,0.70062,0.1930399780494267
0.6491682936442187,-2.528,-3.002117881023801
0.1801291508932138,-1.7898,-1.802992997008219
0.1972251564551456,-0.71942,-0.697521518269584
0.6411188610952975,-1.8329,-1.137003900830356
0.41773112054414346,-2.61,-2.392118082212467
0.3916849430991584,-1.6877,-1.300930063953339
0.4551763807290631,-1.5975,-1.846577007651007
0.4518490963259665,-3.6504,-3.072439714584426
0.23825954942889344,-2.8103,-2.614970168879251
0.7773502464368184,-3.4817,-2.54104587144495
0.3047844498519311,-2.9128,-2.539795550170694
0.2488742756332282,-1.8251,-1.645932100261287
0.22124573949146897,-1.5164,-1.346983677760739
0.2310102442398895,-2.1633,-2.144703400020689
0.5910941594707811,-5.4964,-5.687538117113483
0.47177206431151947,-3.4475,-2.989866098412484
1.9425765917799922,-1.2901,-3.734024799349024
0.6957578150604459,-5.1919,-4.435632394661476
0.39326332963216615,-1.2801,-1.004820558206291
0.6167265721303141,-2.0302,-1.919708735496053
0.47663246624009253,-2.9632,-3.227240276228248
1.2385775498264098,-1.66,-2.896766009531769
1.226690499776984,-4.3414,-3.142710828207523
0.8401001180326989,-3.1552,-3.943995185457982
0.6699294028985432,-2.4,-2.975230232963919
0.5424853319247795,-1.5461,-1.515169393300739
1.0787202034169414,-4.0543,-2.888158743035421
0.24151266971770066,-2.2685,-2.311619622807743
0.6029100642589618,-2.4559,-2.864955620093431
0.32560150508190205,-2.47,-2.369602164984464
0.9857964722639888,-3.6767,-2.284774799901432
0.7206134586641662,-1.7991,-2.264670746991284
0.3084518924227647,-1.7463,-1.55224723638069
0.8725134959595525,-1.4762,-0.5300405227057441
0.5525161894891714,-1.8125,-1.28738284360351
2.7306267659487697,-6.0365,-1.928827335477528
0.7333427284753283,-3.465,-2.583068876318964
1.1330434031239032,-1.7677,-0.3377463792119223
0.49026653067879294,-3.07,-2.570837712689116
0.43225495995392266,-2.4326,-2.58986557039369
0.5390284099647203,-2.2699,-2.782456025920528
0.642241089975756,-0.94831,-1.475340452484501
0.5569513073148554,-1.1153,-1.850912907806129
0.6243570948590981,-2.4448,-1.742495266746604
0.295613366250423,-5.1653,-5.190945800507011
0.5967959980032762,-3.6457,-2.961899069798839
0.2037489949596945,-4.0694,-4.254468314965192
0.5814924927004826,-2.538,-3.096259319010452
0.4113915426468831,-2.2935,-2.697051178820796
0.8706248787112275,-2.3907,-1.337237242852816
0.28610465789487755,-0.8274,-1.082021482911343
0.4306146435507659,-1.3407,-1.69908079795033
0.6579390835538541,-0.52432,-0.1335299493595899
0.38972292739173175,-3.7748,-4.113518075992861
0.38105573244183943,-0.8,-0.4429119686474102
0.44867712036798224,-4.6933,-4.366931703923023
0.5571257724970696,-0.98627,-0.6657190768758929
0.5481908524655258,-1.9051,-1.355768243274489
0.28043763856502774,-2.4025,-2.271720718004829
0.2754457240722567,-2.9501,-2.923125301337231
0.20772727881880126,-4.59,-4.632992297900186
0.844728530476628,-1.5499,-2.367211268713006
0.4150526500028681,-2.9479,-2.789910598833674
0.4395150507094806,-2.1266,-2.537619534435498
0.5946260205584231,-2.8736,-2.203343691321699
0.22492917728881795,-1.1413,-1.197290678707949
0.45569660721100086,-1.1812,-1.624690710257553
0.17431238204868907,-2.3348,-2.340548313700175
0.6220927040647559,-1.95,-1.23599304863076
0.27442038563020243,-0.46035,-0.5416970862490376
0.2084715007762538,-2.75,-2.547664241639256
1.0392879629747978,-2.7868,-1.758212861276987
0.7156593562902299,-3.6652,-3.0438579360964
0.523341669514026,-2.9683,-3.336456805093892
0.5456545991538748,-3.05,-2.530467297753635
0.14397996793610493,-2.54,-2.529038355298415
0.25619542187598987,-1.0441,-1.238325770555124
0.14538876565704434,-0.72815,-0.7139481374122494
0.5244000078185546,-1.2565,-0.7468783737370266
1.3136730756943067,-3.4698,-1.82999714771708
0.21019834964208572,-4.5804,-4.495442296916072
0.3455609764214034,-1.6312,-1.372150155518238
0.6204590085073128,-0.71879,-1.456394809419961
0.580597234081012,-0.08,0.1910604908157441
0.2450831767813066,-1.4239,-1.431197955158645
1.0760317913754185,-1.5385,-2.971873293592746
0.6386917413745676,-0.58163,-1.302279696357311
0.3856907486502411,-2.35,-2.74146525981233
0.3407549487872966,-5.8716,-6.090250121758328
0.40290713173973386,-1.1278,-0.6510333631149999
1.0831530396768394,1.0036,-0.4926512545309222
0.17108267950530986,-1.9665,-1.835349501446318
0.3528999333231333,-1.2018,-1.427230956243825
1.377413369349783,-1.75,0.2366793452917021
0.6839599309350011,-3.4949,-2.869026130954369
0.34428109299887777,-3.12,-2.874937274621868
0.45608799748266304,-2.8053,-2.468808160032092
0.45900732629043295,-1.06,-1.339246157727524
0.9038343927449485,-1.4832,-0.5209117824652412
0.8325042664507051,-5.1655,-4.335195687055962
0.6241707264901585,-3.1457,-3.685420593604502
2.1132376828299293,0.31393,-2.457849262812608
0.9814233482519965,-0.95385,-2.012898617613798
0.7711331545823441,-3.2291,-2.556080079813536
1.7942567751542324,-0.6633,-3.056288675330994
0.949020683134599,-0.6308,-1.772464320361145
0.9439825862652552,-3.1346,-2.134072419067318
0.2227367063029431,-1.3904,-1.355931186506782
0.9742249437789856,-1.52,-2.554334018001696
1.2309361039361901,-4.92,-3.279924130154993
0.2512079119065385,0.52,0.4217651918580406
0.4877391445802812,-4.55,-4.054419706972552
0.4664726999946157,-2.75,-2.953753872999669
0.07678631327377061,-3.5278,-3.452039922593511
0.4895902708111813,-1.3197,-1.880199638429316
0.6234693340309682,-1.21,-1.818579871850982
0.5448046573057935,-0.34611,0.0491514892909306
0.31241436255708716,-1.9058,-2.081405468927713
0.6686063307662233,-1.9513,-1.261744434696252
0.29962787902372123,-2.1658,-1.560772277649801
0.5617104361444415,-1.6107,-1.274548279946706
0.5617104361444415,-1.9953,-1.274548279946706
0.6911398869370667,-0.77,-1.469108882213944
0.7816384615725707,-2.3057,-1.691703347313232
0.23598870056112758,0.135,-0.0138727146822498
1.0020086239446002,-1.3,-2.321225706372987
0.3828240647156821,0.6306,0.936520516956433
0.9712931235985702,-1.5186,-2.681071325918794
1.1017559630136646,-0.8229,0.5638211324681804
0.565330777702783,-1.6163,-2.33014129352381
1.0355836324572751,0.321,-1.020062988088223
0.632578566220338,1.0127,0.2524140623819263
0.2157155058169845,0.966,1.037165903606006
0.2251315531415547,0.90201,0.7389401803763419
0.227066810521324,0.20017,0.0663587927518322
0.5178076600191123,-1.3399,-1.76284860908358
0.7902656148316871,-1.12,-0.1081746371570289
0.4909718040285626,0.6015,0.2090672440923305
0.5725476093048507,0.98565,0.3884839962706713
0.34743153378109026,-2.2845,-2.020939907585446
0.900918986092727,-5.6595,-4.521438001265952
0.1770939714109029,1.1742,1.06891235205229
0.5658033778956495,0.24454,0.980807083358096
0.1991840080142153,0.66113,0.7643619647619531
0.2923704991515688,1.2141,1.394279820664465
0.22487520769208738,-0.49849,-0.2878909142190406
0.7931717438579176,-1.1098,-2.062651045648162
0.8679680687072131,-0.6,-1.552042044532585
0.5296647700388429,-0.12098,0.2653027525496202
1.1860331759869411,-2.33,-0.8370720826913085
0.5150191015320726,-1.971,-2.454027150294286
0.33478895272835424,-2.0625,-2.327337941113891
0.48713435895127716,-1.1376,-1.272527314265819
0.30172201163126333,-0.26097,-0.0820184977781524
1.3574168203282206,-0.76303,0.9769651461926052
0.5941704460010379,0.075283,-0.2578011651094237
1.8593956479227303,0.43886,-1.394600743913714
0.5091541501402709,-1.52,-2.068265217286294
0.5465283873221672,-3.37,-2.973834298898184
0.397580344441524,-2.861,-2.637343154772974
0.19351126148985007,-3.3733,-3.304218630385839
0.9666917683756816,-4.017,-2.986254126760571
0.420430212519598,-2.403,-2.776628456527119
0.37093504547027145,-4.3128,-4.055602106676038
0.8183202955186831,-5.0441,-4.298552196891402
0.810065485651831,-3.671,-2.703687024500665
0.15164666286990314,-1.539,-1.610233059055935
0.37586398296205586,-2.679,-2.984383979792559
0.1878649345571022,-3.552,-3.406456220098846
0.22720491157888842,-2.594,-2.411271388114995
0.29308465222629165,-1.9712,-1.761388167430719
0.3218720283215394,-1.1931,-1.539332716793001
0.6391859808848322,-5.42,-5.148665575836804
1.5388365738923604,-1.27,-3.508413547214427
0.6299822590424897,-1.57,-2.112100391372699
0.18782407475436855,-1.9876,-1.909759750944326
0.7166021623981911,-1.4586,-2.292901554938304
0.567392400423346,-1.426,-2.097280812014871
0.27204443451877774,-1.622,-1.862964753674553
0.4394476156291126,-1.56,-1.196203773654913
1.2507147023151735,-3.47,-1.818388990793244
0.17253548708268607,-4.0,-4.008450933428428
0.32699150783764147,-2.63,-2.879053507128294
0.6864932949800082,-1.77,-2.601488505469971
0.7328535815163301,-2.9,-1.992371032319554
0.4321768287429553,-1.82,-2.144761683525451
0.9345926845281677,-0.94081,-1.347981369038198
2.550855314076684,0.12713,-2.779461559312928
2.3563546006606444,-3.2659,-0.5678399538305171
1.0392025765118609,-0.8231,0.4027856091818651
0.7422797694355637,0.070295,0.0507247597298676
0.21979129042369386,-1.425,-1.591517717988218
1.2239990694858671,-4.438,-3.046597749316472
0.5902276276035399,-2.6131,-2.224214727589371
0.1547970146744699,1.05,1.208657535077998
0.24745985033958476,0.67242,0.4322199675080911
5.3241026100128055,-9.1459,-1.405838301480746
0.6685036802037658,0.821,0.1944557354012771
0.3512088157214569,-5.82,-5.69909442514397
0.3514113325504328,-5.16,-4.981713147298625
0.5611794086512027,-5.85,-6.002008091513472
0.46754853205677954,-2.9758,-3.507937717167773
0.2147917813998751,-3.95,-3.913191683915693
0.7810190569363863,-6.2918,-5.509728440971396
0.8068568510719192,-2.54,-1.764286718192805
0.5249629531703225,-2.6066,-2.285140520134981
0.33366848084804906,-4.2492,-4.148965517407499
0.746025297892959,-4.0876,-3.139240723359987
0.49600259330339297,-3.0902,-2.62369081036702
0.7890784460858931,-6.269,-5.54758371430008
0.5043514069980699,-3.064,-2.586652141050066
0.3994973024124075,-2.5565,-2.813851224120007
0.07499036853190505,-2.19,-2.203381346940671
0.8760482372511196,-2.6796,-1.68888182753969
0.7718722616196156,-5.2094,-4.186416581441008
0.9669444951263579,-1.5514,-2.87784504411183
0.4677738593232332,-4.9505,-4.722391782924146
1.1087859082091214,-4.3409,-2.826192162173899
0.3279179252494499,-3.2,-3.425562120568467
0.36343294484552147,-1.8841,-1.533069459628764
0.5575455061978213,-2.6677,-2.250617218560262
0.429704027603658,-2.2085,-1.909390079471894
1.2912944590871236,-0.9961,-2.7134622168608
0.6395103802509275,-5.6201,-6.340214462855482
0.27888361753266566,-1.9243,-1.776055402562908
0.3529989700595799,-4.96,-5.028332407839422
0.7665519929226257,-5.3403,-4.446418760311631
1.3437466089756536,-7.3213,-5.752342196983847
0.41036779919675853,-2.3944,-2.704123855454404
1.2866657360272393,-1.3054,-2.978520865462563
0.26056453798947204,-3.55,-3.425752870910391
0.4357671419769925,-1.7245,-1.327952372139444
0.349716453651621,-2.51,-2.686013771697308
0.12954875683282072,-1.7851,-1.827660156944539
0.29795642355350865,-4.01,-3.765402419389753
0.9105172994450252,-0.91556,-1.99509399698881
0.6560216873643987,-0.83329,-1.438934055308099
0.5365531850528029,-0.13675,-0.730789764654563
0.3178014711412691,-2.0545,-2.191602303009437
0.7275232752840358,-3.8523,-3.088888651279423
0.3671569338170119,-3.02,-2.762870924075617
0.4718597600461538,-1.585,-1.705002081375572
0.3586603613477153,-1.696,-1.484185445299473
1.7161155772456087,0.65326,-1.856890390364246
2.1100841949912312,0.94878,-1.541126872324688
0.8281748028949604,0.23564,-0.5544366250007454
3.274143319078779,-6.6197,-2.464640765800748
1.6388220706660928,-5.1305,-3.418619997740035
2.353952766123706,-6.5789,-4.360466980122065
2.3598203064760215,-3.6027,-0.3382632679296668
0.44337304492845653,-3.5,-3.103123610015167
0.5948532569484286,-0.88023,-1.513602924597324
0.6359225874150762,0.79578,0.1571287986657522
0.665649778894926,0.38237,-0.2321621601830529
0.1372632211278676,0.3984,0.5506432296820458
1.8243245789148153,-3.7803,-1.469210465567088
0.8889271594263022,0.93007,0.1085472653086027
1.5059103872276125,-0.28976,-1.854817282083029
0.042065939088845115,0.4321,0.43786265535091
1.227136057840978,-6.4901,-6.132062974354372
0.8785134636316725,0.71178,-0.2883507875901546
1.2270958419372255,-3.7281,-2.393878664255761
0.9372343880240774,0.51922,-0.3975731149056678
0.8249217162796613,-0.97395,-0.0047766714280454
1.1683122790844769,-1.8168,-2.954687389534922
0.2580003709455983,-0.39102,-0.5055872409381822
0.40572181099343463,0.28782,0.6240708288754109
2.586834245583989,-4.5598,-0.9270815030906612
0.5118215219796458,0.091376,0.6520185036331296
0.5464492179749088,-1.3652,-1.609597059213402
0.30696130463954246,0.084622,0.3556568898343946
0.15185240820671536,0.84862,0.7279638882962098
0.8538633659671204,0.10501,-0.3691948421576853
0.970566980179031,-0.25067,-1.003131530991156
0.2712976880229081,0.23746,0.0964168434578147
0.32803784301467437,-0.016013,-0.340752944081955
0.8192140836639444,0.3227,-0.5026183461707106
0.1357055936297479,0.78067,0.8190258047466463
0.708255758336354,0.4596,-0.1599002954117869
1.052514844172875,0.95375,0.0844775980958316
0.8948511771720332,0.050861,-0.4787725203852053
1.015658421339207,-4.82,-3.878048653770256
1.4597741160298703,-1.1798,-3.095039898010442
0.21677801845756128,-2.3854,-2.308680870274076
0.36545557658327205,-3.6367,-3.672544174101926
0.7393894920839971,-3.17,-3.881575734204124
0.170990078508684,-2.04,-2.075526848631217
0.2556227635498665,-4.483,-4.641552454438879
0.6958724042054343,-4.6185,-4.02835417860979
0.435458597813075,-2.8199,-2.55828756018523
1.0279839696018693,-1.45,-2.695206771607722
0.5143432370850644,-2.7,-2.257510843286842
0.9847512387976082,-1.57,-2.740863023375879
1.4444820045083662,-7.1388,-5.444654767561175
0.7676536081056926,-3.3065,-4.383055489599224
0.8677232422477984,-3.194,-2.190645268687264
0.3164866551184945,-3.253,-2.975638696185888
0.33391794005203734,-5.5693,-5.362748002112019
1.0063839677665383,-1.5008,-2.777252126599675
0.5494937922717267,-3.7493,-3.385418290751504
0.9779792723316001,-4.7646,-3.561447585802655
0.1557020188441835,-4.5435,-4.448410579344416
5.711015475256508,-9.2196,-2.600370483196485
0.32023925173915413,-4.79,-4.603468003037819
0.5392679984869119,-2.97,-3.462111421251153
0.7325004100456249,-4.6233,-3.687337930751379
0.6075690737244621,-1.4,-2.06691937339064
1.4361101915863272,-5.1232,-3.541228407684001
1.6995327411319143,0.89645,-1.180431223921011
0.3829862635588887,-1.4819,-1.152783307344982
0.43808619313351876,-0.44706,-0.858118605513245
0.27462372149582487,-3.337,-3.423694625948949
0.23747240156070087,-3.2854,-3.303587012861269
1.420823866382389,-0.68722,-2.171034923722819
0.25259938247601865,-3.155,-3.072062956313443
1.4127085416437868,-7.2912,-5.755676812345501
1.4070277721934723,-6.3831,-4.718601149451971
0.5567686824816818,-6.9675,-6.710245081055328
0.324311922360103,-0.91,-1.135685273123554
0.26170890516346257,-2.0257,-2.247472485324684
1.1605567112161232,-2.8677,-1.806610256231149
0.43124385389768327,-5.66,-6.041880946456614
0.17883494779986442,-5.0053,-5.027061720824083
1.093268738994426,-5.1427,-6.086475988515151
0.3918418927990811,-5.122,-4.791706095291687
0.30253874952266135,-2.8495,-2.990611389908926
0.48110012816382336,-7.4618,-7.756778459690118
1.1954941092436195,-2.75,-4.267873819320942
0.43805349493757606,-7.9074,-7.55297760483393
0.5450935590664556,-3.59,-3.035333064956809
0.5155057915983565,-3.15,-3.674121058800358
0.648524238424438,-4.397,-3.633850250365314
0.5483554547603832,-3.57,-2.99839842890916
0.308070243649504,-3.34,-3.13525098135832
0.1468752749814824,-3.54,-3.56022206502459
0.9040655135422878,-5.5488,-4.421541216644227
0.6054537613334454,-3.93,-4.398776817620165
0.2409045535059646,-2.9778,-3.145252113696989
0.2283270430841187,-2.4169,-2.499987239542639
0.7600601349290467,-4.0603,-3.236489345310665
0.2908361346421591,-2.2587,-2.14500534737692
1.257735080960574,-3.8447,-2.813350959838957
0.3920233962945649,-0.112,0.2731831018429902
0.5082373782648228,-4.0201,-4.322785912263392
0.17785488512752654,-2.4538,-2.488236718491294
0.43990034571077297,-1.7,-1.26630975040448
0.3810032646403211,-0.52,-0.8437097898084558
0.6008409823289648,0.53481,0.0195774247347641
0.5954188572092253,-1.4888,-0.8188103654533844
0.7159086963361438,0.3612,-0.4248741735911838
0.5487191429875051,-4.3346,-4.827985623299989
2.5707061237399,-2.387,-5.509024865542472
0.8668572908812906,-2.85,-1.949673629308862
0.3879511245339202,-1.96,-1.686751229589008
0.35765213634514725,0.1999,-0.0847376223810444
0.4232970108928715,-2.6387,-2.021994365448241
0.3887658045030832,-0.88768,-1.24924088043052
0.35765213634514725,0.1999,-0.0847376223810444
1.8779004913214623,0.70079,-1.56670414029549
0.550351411810065,0.35418,0.0043840506562995
0.7431746617559465,-0.30735,-0.9791767182721988
0.3574184059234458,-4.0695,-4.434382300959121
0.5241991175147481,0.3245,-0.0471090907637043
2.984630788012755,-7.6394,-3.594601845724763
0.7534576879769103,0.8845,0.1642896344487628
0.7878238851397146,0.94301,0.1749462104072101
1.0947403978051997,-1.2891,-2.403753356829139
0.22042233221815383,-2.6011,-2.736266200449472
0.6935837138709082,0.05731,-0.788215092030531
0.813176500741478,-4.7514,-3.999244440760274
0.6065611830894381,-2.72,-1.913465607639429
0.6356596876544505,-3.19,-3.042879683042437
0.6865930325024615,-2.4813,-1.907337960951887
0.23427838992547678,-4.161,-3.962159557824824
1.0786260412043622,-1.7806,-2.910827240242613
0.5329854551031072,-1.377,-0.951474493324798
1.2787332619128764,-3.5014,-1.826446305679135
0.6345384109059949,-1.2558,-1.845263252757672
0.902298837371661,-1.0977,-2.078036221036102
0.3418202104226544,-3.1284,-2.79736767958833
0.2559405884152277,-1.9381,-1.805045965357942
0.9189550349436716,-3.9433,-3.014774414011707
0.5164129699132893,-2.65,-2.274581670394138
1.0038486347029898,-1.4295,-0.2721807264204822
1.293277924139383,-4.329,-2.910979522908501
0.581668912960541,-3.1137,-2.50051724224644
0.373281358979036,-3.86,-3.703039835086826
0.8023717555991147,-4.9857,-5.550171077311976
0.4622343616132783,-2.8092,-2.643703562285387
0.27768886329313536,-2.0051,-1.844675787431652
0.5619734651172456,-0.62634,-1.270692471682144
0.8386724117709363,0.65549,-0.285589125322651
0.37505509813449855,-1.102,-0.8785823212844786
0.5062336785782975,-3.8697,-3.362651741125813
2.6163834827681165,-0.57151,-3.835320288128076
0.36733035838305,-2.4366,-2.781051674525345
0.6890116641627378,-3.1656,-2.455642883755157
0.7328847080524258,-2.7755,-1.867583592400236
0.899654941149886,-0.545,-1.783454374708562
0.4299988654611294,-2.1339,-2.454430992635904
0.4933543271956259,-0.87237,-1.281972295350712
0.9073826915723714,-2.2396,-1.209132738036089
0.3998950545742515,-1.93,-1.168708338922632
0.3765917017883953,-2.0673,-1.795907287380525
0.6816780426106089,-3.9631,-3.149079305120672
1.0743268170830331,-5.8929,-4.473883167988683
0.9458177569880162,-5.5413,-4.562533745554372
1.2584193198497349,-2.6663,-0.973541680880857
1.0929790808601305,-3.1058,-1.881244935395723
0.31625503679915323,-2.3317,-2.224500172015627
0.3221502514645187,-3.27,-3.046145470605735
0.5896179869417998,-4.8282,-4.700742878380225
0.754465039075092,-2.3428,-3.193732846023706
1.2932620646365032,-3.1633,-4.839038235360862
0.5412745147626111,-3.1042,-3.536601126609172
0.4821646122063708,-3.33,-3.832346449723825
1.303684754642399,-3.1334,-4.776778025398462
1.2825725583642409,-2.6731,-4.273469670032597
0.6998473379132351,0.39323,-0.2245607307429034
1.104141906470054,0.892,-0.6044298858073583
0.33031004629811345,-0.5395,-0.3732505538634563
0.7488998607803952,0.029622,-0.7790319494802336
1.29728700449931,-3.9433,-2.145767748951159
0.6848818179139141,-2.0198,-1.305604018082234
0.46088708913302395,-2.2765,-1.791482958830471
0.7200884012814496,-3.4043,-2.598265485580627
0.550351411810065,0.87561,0.0043840506562995
0.20841915024184693,-2.2594,-2.413844227962003
0.24733553177805562,-2.0887,-2.238586730994504
0.3779583671547914,0.59896,0.3249588192268511
0.6366053523510041,-1.4463,-2.066995226633455
0.45462612928778307,-3.1748,-3.562067465709508
1.1601736597151475,-0.5406,-2.074205332968003
0.4567547414397465,-3.6824,-3.14887461607137
0.28389572701289206,-3.6464,-3.944529388160753
0.49941336831841293,-3.1435,-3.727267862133569
0.3038393494128663,-2.7637,-3.050126059619148
0.4343257945925894,-2.65,-2.962584882832426
0.361705917158052,-0.89,-1.317589949855725
0.2914592612371752,-1.0515,-1.266952357478335
0.2754011672268928,-3.8006,-4.035745911679601
0.44214700101338145,-2.2795,-2.804727216785125
0.5118940175324859,-3.1099,-2.77046464713045
0.19395460047107937,-2.2854,-2.238997594639077
0.750906438441224,-3.3813,-4.089527613338173
0.9432918139608643,1.0344,-0.0991591949030696
0.175633765341913,-2.4657,-2.552835340388091
0.11709317330855563,-2.375,-2.415691967002455
0.4758604551663081,-0.37917,-0.8170806158247376
0.3419659965925321,-2.005,-1.709620704789287
0.3546703809285341,-2.3059,-1.958689445419717
1.8881988405631533,0.2768,-1.920117163227028
0.41303049920953955,-3.79,-3.571754781923257
1.1271817257680485,-7.1136,-5.774681674181712
0.5390749330011336,-2.0472,-2.640042674261385
0.5108833335926741,-0.64,-1.105344421979765
1.6642010523815953,-2.5424,-4.470042737387861
0.5840976595936603,-5.6183,-4.992325953792215
0.4886567140230531,-1.9283,-1.431410818466426
0.40474452096237995,1.1077,1.069381933083192
0.5620578286743705,-2.91,-3.204207446729096
0.9643774260221869,-2.59,-1.40451059456223
0.6415695299234827,-1.3241,-2.171401457762215
1.3029770430239218,-1.2069,0.4735267301484725
0.37017222875810707,0.88104,1.262797890325297
0.38164176479044637,-3.1216,-2.659499642724911
1.1689783139949395,-6.7907,-5.309095172431354
0.06533222886209071,-3.0,-3.006038938097785
0.4226418475876708,-4.3762,-4.587686118628529
0.15340130185402062,-2.6846,-2.532840240240562
0.17313654485198915,-3.1,-2.945673971663634
0.40448900751491496,-2.1981,-2.605186243924912
0.15019972460088302,-2.16,-2.055997983898399
0.43503803064759966,-3.934,-3.708119893614184
0.45766304922098877,-0.95,-1.402310153345165
0.6097331023580984,-1.3381,-2.033995816530404
0.28578220399145626,-6.4246,-6.398345594925573
0.15187316623593344,-6.4907,-6.594662284152202
0.24794713501470503,-6.253,-6.290592740991125
0.2178671527604047,-7.0259,-6.766812402643546
0.13574719103348615,-6.4921,-6.391177603187659
1.0029465944649458,-6.5891,-5.511089180797772
0.3514075892735523,-2.5935,-2.824924706954874
0.9732901555619057,0.43,-0.9360151383014674
0.3103455259712981,-1.568,-1.87325941612761
0.3657974726917995,-2.9845,-2.593481692021075
0.3100069134153008,-3.5085,-3.465339551057489
0.7111656193432969,-4.4139,-3.608551263564296
0.593481620247938,-3.6568,-3.170661886075985
0.3769189754241415,-4.801,-4.576465205005518
0.3374026629390101,-4.477,-4.556956206731805
0.5913375480565657,-5.982,-5.327253446043656
0.6359058643896133,-6.4298,-5.721394001516094
0.38402354389752275,-4.4252,-4.451411505769158
1.6248664533634913,-0.99211,-3.292647728894059
0.1847119120508271,0.39,0.4490729703416558
0.1847119120508271,0.56783,0.4490729703416558
0.24023616978642656,1.0125,0.98875207211969
0.4169479496479979,-0.90319,-0.5061777989695211
0.1922037908837066,-5.26,-5.273627530412337
0.19588217821993548,-4.05,-4.178966331709484
0.8108363408852522,-3.87,-2.74000686559405
0.6798613656188316,-2.4558,-1.804483211335129
0.978126955689863,-2.502,-1.326486767402065
0.21459247077784432,-0.69,-0.8033556338662693
0.724796364850171,-2.2481,-1.460428912420933
0.2048130868758623,-2.9742,-2.875755092466984
1.4766209432969142,-4.59,-2.835601853321342
0.5622067943394136,-4.9051,-5.306973125504225
0.5119024790488157,-1.5141,-2.048839361058584
0.4711305008313788,-3.7068,-3.248359577957299
0.5609588812559695,-5.1032,-4.580675896233216
1.536073608328989,-2.1616,-3.380003396019885
2.828807220929332,0.04,-3.880361766824336
0.4880339146368893,-2.2279,-2.193207677277428
0.37376500392844775,-3.3822,-3.156801915865962
0.19466927256986324,-2.337,-2.241656197091276
0.472028758935333,-2.57,-3.083277245147647
2.0852034652012286,0.51097,-2.226089645412191
0.645839485775652,-0.13254,0.7069096743341226
1.8990043808568953,-1.99,-4.430470477741512
2.7348618402695837,-1.3461,-4.44512069510564
0.9315530887010383,-2.23,-1.14795149792819
0.24245807984145068,-3.0368,-3.19630309913425
0.8779610174442058,-3.3093,-2.358461121356613
0.328211059681642,-3.0299,-2.941097756286833
1.7373769364560752,-2.3837,-4.621924398682566
0.1979079738924442,-1.3106,-1.357244950711715
0.4306935430083664,-0.93,-0.5276387756798699
0.402368193458867,-1.3209,-1.775300546314601
0.38580665993715807,-3.2272,-3.382390486726074
0.7878141438464401,-1.8973,-2.71335749228325
0.7743368422956303,-2.4264,-2.669684468041704
1.360327898659712,-1.1402,-2.694372339707589
0.2637688935995004,-0.6871,-0.8048963096065082
0.5964173356904956,-2.5111,-1.917494689743408
0.8469708080192846,-5.19,-4.546665851007117
0.690371794624491,-7.3344,-6.687098099368582
0.3341289945110698,-7.0666,-6.850792731631273
0.8910381928111951,-2.062,-3.092566278778956
1.8786347711748521,-3.5738,-5.955071383093482
0.9932704326795466,-6.0548,-5.245750273105941
0.15158940118089906,-4.6074,-4.586808412532347
0.6738246263819451,-3.8302,-4.485272607513579
0.35439503770970865,-5.54,-5.696811060425478
1.369099607989302,-6.3257,-4.611612845160401
1.2416749128822349,-2.78,-4.36208863926328
3.988274739967528,-8.8106,-4.631948546389631
1.8087535981971348,-7.2557,-4.930201463415325
0.3910849864507837,-3.8525,-4.015014758636212
0.19133338704291805,-2.51,-2.477055241133831
0.7480674141266832,-2.279,-3.121440767391638
1.312006902817291,-3.61,-4.941225062858766
1.217768801498895,-2.6509,-3.952863830610108
0.8927671146087961,-1.6688,-2.801697944753301
1.143960053261457,-0.68,-2.121245447814307
0.6964966062269479,-4.6994,-4.228124961994147
0.08574797853004214,-2.5188,-2.512924173963205
1.1015925596665055,-2.6038,-1.216547990476607
0.626835065356799,1.0218,0.4025517829077869
0.5953689102448416,-2.7078,-3.357631217348433
0.14101243320810838,-3.32,-3.239321632206353
0.39182650835386407,0.345,0.5695100026993204
0.5667865586930875,-1.7423,-1.166709931757758
0.40349908792686073,-2.2009,-2.610693744117915
0.2288207618038137,-1.6161,-1.704038497402324
0.2919487493219783,-1.6936,-1.889031825193806
1.0074293770530351,-5.23,-4.265113408726676
0.4697454031161075,0.55368,0.0217459236975745
0.32566636532671417,-2.3527,-2.540050374543217
0.1748779811102156,0.363,0.1596727200846874
0.29545311769135196,-4.2617,-4.061239504495122
0.6097151047923206,-2.626,-3.188556089109705
0.1723998113301264,-3.8838,-3.792111467567521
1.0055522292108288,-3.9064,-4.778788801064987
0.7625453988017254,-2.8126,-3.232075035761754
0.2098376834525749,-0.80842,-1.005545801023902
0.4984322077087517,0.59,0.1060519824153658
0.4357774615224723,-1.4464,-1.791558548638406
0.7357022430439046,-2.5638,-3.41789875160207
0.4470560672972017,-0.83326,-1.19751856781913
0.2799416517137326,-3.677,-3.855845531038305
0.2923698422737009,-3.6116,-3.809023846424472
0.7277436298055161,-2.85,-2.076145633958671
0.2638774601720314,-3.13,-3.419396622454149
0.8078106409183391,-0.94995,-1.884120323039229
0.4701908535615973,-2.0565,-2.564252182278983
0.6448945358886311,-3.23,-3.911858896076728
1.1250354639044975,-1.2871,-2.422074460328233
0.9768457077094248,-2.5462,-1.369692960831358
0.6509433913408706,-0.87863,-1.592964976658438
0.9986442331049816,-2.93,-1.91933100944589
0.8930092657984904,-2.28,-1.339550678833124
0.5076778259766178,-3.06,-2.452903037186546
1.0671511227306631,-5.8,-4.4052750529627
0.43576200785287683,-1.9745,-1.622053937791728
0.266851629507837,-3.931,-4.057164466475998
0.606731430542532,-2.9356,-3.419096756106461
0.8265130401943759,-0.9255,-1.944982909756509
1.5834223116963873,-3.1766,-5.078863409657718
0.19697210790865555,-3.1304,-3.074080821984838
0.30298398314210073,-2.3305,-2.578928983886128
0.5546795380064168,-1.7964,-2.313101466057232
0.5284761215091109,-3.302,-2.863910427896984
0.4991593293110091,-2.37,-1.933339039020501
0.8916807150978413,-2.404,-3.322417101064191
0.6221148649001319,-2.404,-2.991087704039895
0.2200342931946035,-1.46,-1.492630857086419
0.17208997553123873,-3.5323,-3.666687679742738
0.42131859895746737,-2.8526,-2.574313196380737
1.0548991081167154,-1.5244,-0.3853324226187816
0.6366135133861779,-5.1712,-5.081756242554155
0.06482184713252481,0.3348,0.2721706323716301
0.3109763172344631,-0.2625,0.3537504443395527
1.1978335519992023,-6.517,-5.050604311468431
4.114470968852052,-0.10783,-6.597252593219124
0.6780513811044715,-2.6359,-3.213285948086429
0.11983595514437717,0.5201,0.5523235793829644
3.0261048292576826,-3.0771,-6.702550034746494
0.4014668344935024,-2.7605,-3.124495996646374
0.31566612960796525,-2.0504,-1.858937989586531
0.8508101579966274,-2.84,-4.457479589950127
0.2511172169559785,-2.7968,-2.809735670768156
0.46325555500142473,-2.651,-2.163811152510474
0.452524786912942,-3.2308,-3.485192067336159
0.4151029782819886,0.77708,0.3685693196376441
0.7668420031102862,-0.74,-1.796061996856638
1.2860315407404668,0.50434,-1.170334508995932
0.9390384544725332,-3.8936,-2.69229263353246
0.4472069078895724,-1.9378,-2.249314133621512
1.1284488447701495,-7.2006,-5.594307335319579
0.13955599966134039,-1.9806,-2.045620465680076
0.5953512286715449,1.1423,0.7114794540514593
0.9624919216277894,0.99948,-0.1554976368272386
0.47394133120776766,-4.19,-3.727953801872287
0.47394133120776766,-4.19,-3.727953801872287
0.08823839857698407,-1.6731,-1.673757435756466
2.0838439577226096,0.51185,-2.209604633378291
0.5172340778876053,-0.18592,0.1685071688512143
0.6673854395123439,-1.4249,-2.092144639260561
1.436804943311532,-1.1996,-2.899055617338757
0.7987296270934212,-3.9374,-3.041085358445163
0.5601718236915844,-1.8757,-2.43760786131931
0.1379291273602935,-3.4875,-3.450681052648969
0.6154260809165263,-2.7419,-2.138538485366398
0.5167850711696742,-2.1411,-2.041388389902224
0.46090274784727464,-2.9443,-2.560715532037718
0.6214341246629714,-2.1381,-2.743852768115955
0.5171709296945829,0.8724,0.4284468619830298
0.2356057776363898,-0.17,-0.0892476402596275
2.165503071120991,-2.949,-0.5645314617867826
1.7311691875440676,0.14555,-1.037640160317898
3.4808172809252436,-5.9985,-1.651484177868052
3.502777485831455,-5.3926,-0.6049580489574662
0.9901119591540646,-0.39542,-0.9261231881883416
3.218277470909567,-0.29163,-5.424180852210972
0.32822208279072174,-1.9597,-2.160708998069116
0.6182517965041562,-1.5723,-2.072685178638703
0.2590068279486493,-2.3345,-2.467940368219703
0.32021416770302014,-1.5997,-1.365199259370295
0.7702889834993795,-7.8955,-7.13309315850619
1.0646172587430636,-1.8414,-0.7747644176206161
0.8160030966181313,-2.1425,-2.945067192324027
1.805469586676416,-5.7381,-7.714633376744805
0.4738509226101252,-4.9405,-4.949238889369316
1.1223296047989306,0.12366,-0.9096267661262168
2.048532212389982,-2.8691,-0.6317834672841917
1.3929314655047502,-4.126,-3.77565022566205
1.307277618687426,-1.7157,-0.2029458516891254
5.40096258494959,-7.706,-0.6596261023710266
0.27856997477163586,-0.69241,-0.6468525560325464
0.8900261828192716,-1.6074,-2.110437252419011
0.4999306322453594,-1.4631,-1.470329165143504
0.5636008634164975,0.18853,0.7722748939900865
2.203771855945008,-4.5421,-1.787341516369007
1.1114051029791618,-2.4685,-1.393808859940393
1.0699630839407466,-4.2686,-2.862409581046967
1.9303019295584811,-6.0424,-3.466263640831961
0.4730113511143489,-2.2222,-1.908593151412239
1.6459473436341165,-0.3399,-2.217294767649263
0.47674111326682983,-0.35443,-0.7583148877651591
0.24307585574849253,-0.9027,-0.8964335714891671
0.6181206734044496,-8.3771,-7.99049926000892
1.6603122861356363,1.0084,-0.618177973665299
4.191064381600783,-5.9614,-0.993417537603412
0.27641848704852146,-3.8148,-3.731669202449263
0.20480193648552603,-4.3182,-4.127916227476746
0.1908235893412319,-2.6855,-2.883933208395836
0.13047425046999772,-2.1645,-2.257694048825798
0.1514315764631906,-2.6971,-2.582257818125655
0.20533229624313573,-1.6421,-1.885744200713305
0.38923453643160294,-0.59927,-1.104471887446128
0.610547812741489,-0.41773,-1.072993283809223
0.43871281782838745,-5.0104,-4.659844880498595
1.3056169312284605,0.2235,-1.080841057540797
0.4235550875222403,-4.4806,-4.208513761394402
0.31750861966524657,-1.4873,-1.557046178611702
0.7984274671902447,0.87241,0.2451156354326674
0.8104074494761744,-5.945,-5.160389837818428
0.7418145572251492,-0.092236,-0.4933630286740143
0.5241324692950384,-6.6862,-6.703642359034581
0.3035658239097991,-3.4886,-3.180401445394504
0.2937626844349086,-2.55,-2.326586528956125
0.5778276607602373,-2.5032,-3.061360167661632
0.5987257541052838,-4.6961,-4.107307769319256
0.9465642574701847,-5.12,-3.995693412121659
0.2960010943449333,-1.3971,-1.209707659040207
0.49940846003280037,-2.1861,-1.79996499276383
0.2169575734437766,0.84669,0.8300152419761602
0.021530667348051286,0.64,0.6241180014462714
0.5385770922718609,-1.23,-1.766683774814747
0.3590146396961788,0.79,0.3233847298218969
0.31151566022537835,0.322,0.3967947009555425
0.7118729634329307,-6.6,-6.159130054227795
0.19334765654468303,-3.6745,-3.742167979165302
0.787310432598487,-5.6839,-4.851085781485954
0.29693012169738625,-4.6399,-4.371870290149101
0.11013905498187636,-2.5019,-2.579973277318042
0.22115330041569656,-1.79,-1.663228341991243
0.4921965585165936,-5.1314,-4.780974715938989
0.6379988026175377,-5.0084,-4.356528792506412
0.17804388769127327,-1.6658,-1.593648044968136
0.2775924336564688,-1.9493,-2.034639428546389
0.5305708180184284,-2.0293,-1.590222764118192
0.8594156072342674,-3.1795,-3.912115933409337
0.9068006075737746,-3.6946,-2.568984760253972
0.6527735111790827,-3.48,-2.65084697775935
0.4174765558280847,-4.1254,-3.723562930784694
0.564652527402474,-2.0606,-2.617174937836726
0.5049366694415931,-2.7745,-3.36649034864462
0.5544573288597708,-2.8235,-2.373402003486095
1.0859711835072376,-3.33,-4.637495918876829
0.21441780890525705,-1.3174,-1.437737813985394
0.34492680033909023,-3.5796,-3.779735814603365
0.38843406784445006,-0.705,-1.146547299268001
0.18786947688441774,-1.4779,-1.646933493809778
0.5817909113816131,-2.91,-2.178338733564863
0.7430133615277544,1.02,0.1260560594675031
0.8653088872963641,-4.4,-3.276756414646108
0.5920128118908753,-2.3207,-1.72122553716444
0.16943237089445196,-0.6222,-0.7511036870379858
0.2795288871632811,-2.0547,-2.240553825296476
0.05223430562308615,-1.843,-1.883681950835762
0.17485140122761458,0.62527,0.5184794627208653
0.32160901685647836,-3.13,-3.137133024094235
0.18016160516944985,0.6987,0.7082499490236507
0.37742607111314797,0.95649,0.585988960129582
0.2776111896709412,-2.0509,-1.818072843154562
0.14793166141895941,-2.0392,-1.985953874012528
0.38599831701495396,-1.3818,-1.028159436284992
0.43530854687174225,-1.7592,-1.293797430447592
0.32166713415190124,0.30321,0.0953585986040497
0.3297743426587057,-5.1467,-4.947282789121006
1.10464280097361,-3.0802,-4.463545378894439
1.058305096486671,-1.2515,-2.556103500715078
0.30176782997649687,-4.55,-4.308038388925747
0.3037706603696843,-0.2328,-0.4272066151614085
0.28533019548969757,-2.7842,-2.985339099674128
0.4186437969072652,0.0569,-0.3874867713417381
0.10419262207440656,-0.85,-0.9487787615550288
0.5025472161153941,-0.25575,-0.845831083424014
0.25565363733904595,-0.85473,-1.082598755144947
0.1947427140733934,-3.79,-3.606440102320277
0.1831618860090829,-3.76,-3.899248056123803
0.41255483829374023,0.84709,0.5784705410918736
0.5385770922718609,-1.2313,-1.766683774814747
0.5737853254286303,0.4656,-0.1326545212816936
0.5764814295818523,0.9032,0.1779025544549717
1.2819206816192699,-6.3144,-5.523180754903629
0.1710401164075412,-3.1677,-3.23833535720936
1.0249899933965791,0.68355,-0.6501198100104847
0.39974691870712364,0.64355,1.102547346812673
0.39334654026509625,-1.23,-0.8075902597482585
0.13864502776516505,-2.7143,-2.661702513552481
0.46747115462622907,-0.2503,0.2052314819954691
0.6744304087526894,-3.7962,-2.968581466080853
0.12389332994773207,0.82341,0.7989235777020403
0.3322278629035525,0.62291,0.4869924947812846
1.8250056566813453,-5.9,-3.439412671048905
0.129787215343892,-2.5813,-2.577273500313586
0.1563933518849054,-0.58795,-0.6210530411414499
0.26908896626390094,0.46834,0.4649092449485688
0.9071817048474962,-3.023,-3.617385007177103
0.3966300902381223,-1.8135,-2.076158551967167
1.364614021734991,-3.2913,-1.692882553077815
1.252738976675333,-1.3528,-2.507277893147823
1.019998816366064,-5.3752,-4.198133908589594
0.5372510072450529,-4.68,-4.14846053376637
0.20650945035712248,-3.1364,-2.975078076228401
0.16321404610207071,-3.1714,-3.131676993455606
0.3652311977742223,-1.5594,-1.355826844848971
0.8886439266333587,-1.6874,-2.734436330205668
0.7874807978230521,-3.2522,-4.038683925507755
0.35238122051911747,-2.7112,-2.877097896400631
1.2115839410453202,-6.9547,-5.850986875365559
0.36327941378666667,-0.49032,-0.7553096246760832
